row_id,zone,pickup_hour,predicted_trips,temp_c,rain_mm,humidity_pct,wind_kmh,is_rainy,event_any,event_attendance,hour,dayofweek,day,is_weekend
TEST-00207,ARAT KILO,2025-11-01 00:00:00,3.54,14.2,0.0,85.0,5.7,0.0,0.0,0.0,0,5,1,1
TEST-01007,ARAT KILO,2025-11-01 01:00:00,2.72,10.9,0.0,88.0,9.8,0.0,0.0,0.0,1,5,1,1
TEST-00590,ARAT KILO,2025-11-01 02:00:00,4.78,11.2,0.0,83.0,9.4,0.0,0.0,0.0,2,5,1,1
TEST-02100,ARAT KILO,2025-11-01 03:00:00,4.37,10.4,0.0,78.0,9.8,0.0,0.0,0.0,3,5,1,1
TEST-03276,ARAT KILO,2025-11-01 04:00:00,4.61,11.5,0.0,83.0,13.4,0.0,0.0,0.0,4,5,1,1
TEST-03730,ARAT KILO,2025-11-01 05:00:00,4.83,12.2,0.0,87.0,7.0,0.0,0.0,0.0,5,5,1,1
TEST-03964,ARAT KILO,2025-11-01 06:00:00,6.25,13.2,0.0,84.0,7.8,0.0,0.0,0.0,6,5,1,1
TEST-02270,ARAT KILO,2025-11-01 07:00:00,9.32,15.1,0.0,67.0,13.3,0.0,0.0,0.0,7,5,1,1
TEST-00648,ARAT KILO,2025-11-01 08:00:00,12.31,16.1,0.0,79.0,8.0,0.0,0.0,0.0,8,5,1,1
TEST-01737,ARAT KILO,2025-11-01 09:00:00,16.98,17.8,0.0,69.0,7.8,0.0,0.0,0.0,9,5,1,1
TEST-02728,ARAT KILO,2025-11-01 10:00:00,17.76,19.3,0.0,67.0,7.2,0.0,0.0,0.0,10,5,1,1
TEST-03340,ARAT KILO,2025-11-01 11:00:00,20.7,21.1,0.0,59.0,14.6,0.0,0.0,0.0,11,5,1,1
TEST-00099,ARAT KILO,2025-11-01 12:00:00,22.89,22.9,0.0,56.0,6.1,0.0,0.0,0.0,12,5,1,1
TEST-02789,ARAT KILO,2025-11-01 13:00:00,30.76,21.8,0.0,48.0,17.9,0.0,0.0,0.0,13,5,1,1
TEST-01966,ARAT KILO,2025-11-01 14:00:00,17.49,25.5,0.0,54.0,8.3,0.0,0.0,0.0,14,5,1,1
TEST-03611,ARAT KILO,2025-11-01 15:00:00,21.98,23.9,0.0,56.0,6.4,0.0,0.0,0.0,15,5,1,1
TEST-00733,ARAT KILO,2025-11-01 16:00:00,28.06,24.2,0.0,51.0,4.1,0.0,0.0,0.0,16,5,1,1
TEST-00339,ARAT KILO,2025-11-01 17:00:00,27.21,22.8,0.0,60.0,7.1,0.0,0.0,0.0,17,5,1,1
TEST-02643,ARAT KILO,2025-11-01 18:00:00,30.74,22.4,0.0,65.0,9.3,0.0,0.0,0.0,18,5,1,1
TEST-00273,ARAT KILO,2025-11-01 19:00:00,31.53,22.8,0.0,56.0,21.6,0.0,0.0,0.0,19,5,1,1
TEST-01077,ARAT KILO,2025-11-01 20:00:00,25.59,20.1,0.0,64.0,10.9,0.0,0.0,0.0,20,5,1,1
TEST-02444,ARAT KILO,2025-11-01 21:00:00,18.81,17.0,0.0,65.0,12.9,0.0,0.0,0.0,21,5,1,1
TEST-02804,ARAT KILO,2025-11-01 22:00:00,12.16,15.4,0.0,73.0,11.0,0.0,0.0,0.0,22,5,1,1
TEST-02745,ARAT KILO,2025-11-01 23:00:00,9.02,14.6,0.0,80.0,14.1,0.0,0.0,0.0,23,5,1,1
TEST-02937,ARAT KILO,2025-11-02 00:00:00,3.21,13.1,0.0,84.0,14.9,0.0,0.0,0.0,0,6,2,1
TEST-01116,ARAT KILO,2025-11-02 01:00:00,2.09,11.0,0.0,84.0,3.8,0.0,0.0,0.0,1,6,2,1
TEST-03750,ARAT KILO,2025-11-02 02:00:00,2.89,10.7,0.0,82.0,16.2,0.0,0.0,0.0,2,6,2,1
TEST-03784,ARAT KILO,2025-11-02 03:00:00,3.29,11.0,0.0,81.0,11.9,0.0,0.0,0.0,3,6,2,1
TEST-03565,ARAT KILO,2025-11-02 04:00:00,1.72,11.7,0.0,94.0,10.4,0.0,0.0,0.0,4,6,2,1
TEST-03028,ARAT KILO,2025-11-02 05:00:00,5.63,11.9,0.0,82.0,16.0,0.0,0.0,0.0,5,6,2,1
TEST-03676,ARAT KILO,2025-11-02 06:00:00,5.42,12.9,0.0,73.0,12.7,0.0,0.0,0.0,6,6,2,1
TEST-01456,ARAT KILO,2025-11-02 07:00:00,8.53,16.0,0.0,83.0,9.1,0.0,0.0,0.0,7,6,2,1
TEST-03912,ARAT KILO,2025-11-02 08:00:00,9.83,16.1,0.0,74.0,17.1,0.0,0.0,0.0,8,6,2,1
TEST-01881,ARAT KILO,2025-11-02 09:00:00,18.74,18.5,0.2,67.0,11.2,1.0,0.0,0.0,9,6,2,1
TEST-00406,ARAT KILO,2025-11-02 10:00:00,17.59,20.1,0.0,65.0,13.7,0.0,0.0,0.0,10,6,2,1
TEST-02062,ARAT KILO,2025-11-02 11:00:00,19.63,21.5,0.0,60.0,15.3,0.0,0.0,0.0,11,6,2,1
TEST-03526,ARAT KILO,2025-11-02 12:00:00,26.94,23.5,0.3,53.0,5.6,1.0,0.0,0.0,12,6,2,1
TEST-00375,ARAT KILO,2025-11-02 13:00:00,27.06,24.2,0.15,57.5,5.25,1.0,0.0,0.0,13,6,2,1
TEST-00479,ARAT KILO,2025-11-02 14:00:00,19.16,24.9,0.0,62.0,4.9,0.0,0.0,0.0,14,6,2,1
TEST-00540,ARAT KILO,2025-11-02 15:00:00,21.79,24.3,0.6,69.0,15.0,1.0,0.0,0.0,15,6,2,1
TEST-02529,ARAT KILO,2025-11-02 16:00:00,21.32,24.9,0.0,56.0,6.9,0.0,0.0,0.0,16,6,2,1
TEST-00072,ARAT KILO,2025-11-02 17:00:00,50.38,22.8,13.0,65.0,4.1,1.0,0.0,0.0,17,6,2,1
TEST-03649,ARAT KILO,2025-11-02 18:00:00,31.87,23.7,0.0,57.0,12.0,0.0,0.0,0.0,18,6,2,1
TEST-01298,ARAT KILO,2025-11-02 19:00:00,28.7,21.0,0.0,60.0,8.6,0.0,0.0,0.0,19,6,2,1
TEST-01111,ARAT KILO,2025-11-02 20:00:00,25.78,18.9,0.0,62.0,20.8,0.0,0.0,0.0,20,6,2,1
TEST-03640,ARAT KILO,2025-11-02 21:00:00,15.37,18.3,0.0,64.0,6.8,0.0,0.0,0.0,21,6,2,1
TEST-02493,ARAT KILO,2025-11-02 22:00:00,11.19,15.6,0.0,72.0,13.5,0.0,0.0,0.0,22,6,2,1
TEST-02932,ARAT KILO,2025-11-02 23:00:00,9.11,15.7,0.0,75.0,8.9,0.0,0.0,0.0,23,6,2,1
TEST-02564,ARAT KILO,2025-11-03 00:00:00,4.9,13.8,0.0,80.0,15.5,0.0,0.0,0.0,0,0,3,0
TEST-03601,ARAT KILO,2025-11-03 01:00:00,1.63,11.9,0.0,86.0,7.5,0.0,0.0,0.0,1,0,3,0
TEST-03405,ARAT KILO,2025-11-03 02:00:00,4.47,12.9,0.0,78.0,7.0,0.0,0.0,0.0,2,0,3,0
TEST-03597,ARAT KILO,2025-11-03 03:00:00,3.56,14.3,0.0,85.0,14.8,0.0,0.0,0.0,3,0,3,0
TEST-00901,ARAT KILO,2025-11-03 04:00:00,1.01,12.4,0.0,84.0,7.4,0.0,0.0,0.0,4,0,3,0
TEST-01611,ARAT KILO,2025-11-03 05:00:00,4.79,12.8,0.0,84.0,7.8,0.0,0.0,0.0,5,0,3,0
TEST-02852,ARAT KILO,2025-11-03 06:00:00,15.8,14.2,0.0,82.0,13.7,0.0,0.0,0.0,6,0,3,0
TEST-01610,ARAT KILO,2025-11-03 07:00:00,49.33,15.2,0.0,65.0,10.3,0.0,0.0,0.0,7,0,3,0
TEST-00556,ARAT KILO,2025-11-03 08:00:00,56.61,16.0,0.0,69.0,10.7,0.0,0.0,0.0,8,0,3,0
TEST-01541,ARAT KILO,2025-11-03 09:00:00,41.44,19.9,0.0,71.0,12.8,0.0,0.0,0.0,9,0,3,0
TEST-02880,ARAT KILO,2025-11-03 10:00:00,19.01,18.0,0.0,64.0,17.1,0.0,0.0,0.0,10,0,3,0
TEST-03924,ARAT KILO,2025-11-03 11:00:00,19.02,19.9,0.0,67.0,12.1,0.0,0.0,0.0,11,0,3,0
TEST-01874,ARAT KILO,2025-11-03 12:00:00,27.41,22.8,0.0,58.0,7.2,0.0,0.0,0.0,12,0,3,0
TEST-02078,ARAT KILO,2025-11-03 13:00:00,38.73,24.8,0.0,54.0,12.6,0.0,0.0,0.0,13,0,3,0
TEST-03522,ARAT KILO,2025-11-03 14:00:00,44.87,24.8,0.0,46.0,13.3,0.0,0.0,0.0,14,0,3,0
TEST-02980,ARAT KILO,2025-11-03 15:00:00,44.07,25.6,0.0,41.0,11.9,0.0,0.0,0.0,15,0,3,0
TEST-02715,ARAT KILO,2025-11-03 16:00:00,44.02,25.3,0.0,51.0,15.5,0.0,0.0,0.0,16,0,3,0
TEST-00625,ARAT KILO,2025-11-03 17:00:00,64.66,24.0,0.0,55.0,11.0,0.0,0.0,0.0,17,0,3,0
TEST-01249,ARAT KILO,2025-11-03 18:00:00,68.5,24.4,0.0,61.0,8.3,0.0,0.0,0.0,18,0,3,0
TEST-02045,ARAT KILO,2025-11-03 19:00:00,56.3,21.6,0.0,63.0,7.9,0.0,0.0,0.0,19,0,3,0
TEST-02682,ARAT KILO,2025-11-03 20:00:00,43.63,19.8,0.0,60.0,7.7,0.0,0.0,0.0,20,0,3,0
TEST-01650,ARAT KILO,2025-11-03 21:00:00,23.37,19.9,0.0,61.0,6.6,0.0,0.0,0.0,21,0,3,0
TEST-00041,ARAT KILO,2025-11-03 22:00:00,15.33,18.3,0.0,66.0,10.8,0.0,0.0,0.0,22,0,3,0
TEST-02235,ARAT KILO,2025-11-03 23:00:00,5.98,13.7,0.0,87.0,5.8,0.0,0.0,0.0,23,0,3,0
TEST-03163,ARAT KILO,2025-11-04 00:00:00,4.84,12.9,0.0,72.0,13.9,0.0,0.0,0.0,0,1,4,0
TEST-00679,ARAT KILO,2025-11-04 01:00:00,4.68,13.2,0.0,69.0,9.0,0.0,0.0,0.0,1,1,4,0
TEST-01274,ARAT KILO,2025-11-04 02:00:00,3.75,11.8,0.0,78.0,10.9,0.0,0.0,0.0,2,1,4,0
TEST-01615,ARAT KILO,2025-11-04 03:00:00,1.47,11.5,0.0,89.0,15.9,0.0,0.0,0.0,3,1,4,0
TEST-00546,ARAT KILO,2025-11-04 04:00:00,1.09,11.2,0.3,85.0,7.5,1.0,0.0,0.0,4,1,4,0
TEST-02423,ARAT KILO,2025-11-04 05:00:00,5.82,13.2,0.0,86.0,8.4,0.0,0.0,0.0,5,1,4,0
TEST-02679,ARAT KILO,2025-11-04 06:00:00,17.96,14.0,0.0,81.0,10.9,0.0,0.0,0.0,6,1,4,0
TEST-01013,ARAT KILO,2025-11-04 07:00:00,46.22,14.7,0.0,81.0,13.7,0.0,0.0,0.0,7,1,4,0
TEST-00388,ARAT KILO,2025-11-04 08:00:00,57.62,16.9,0.0,71.0,16.3,0.0,0.0,0.0,8,1,4,0
TEST-01066,ARAT KILO,2025-11-04 09:00:00,40.88,18.5,0.0,64.0,13.7,0.0,0.0,0.0,9,1,4,0
TEST-03378,ARAT KILO,2025-11-04 10:00:00,17.36,21.5,0.0,68.0,8.7,0.0,0.0,0.0,10,1,4,0
TEST-02670,ARAT KILO,2025-11-04 11:00:00,18.62,22.0,0.0,61.0,6.6,0.0,0.0,0.0,11,1,4,0
TEST-02953,ARAT KILO,2025-11-04 12:00:00,30.15,23.7,0.0,63.0,12.5,0.0,0.0,0.0,12,1,4,0
TEST-00848,ARAT KILO,2025-11-04 13:00:00,41.36,23.6,0.3,54.0,14.0,1.0,0.0,0.0,13,1,4,0
TEST-00672,ARAT KILO,2025-11-04 14:00:00,39.83,26.3,0.0,45.0,6.6,0.0,0.0,0.0,14,1,4,0
TEST-03279,ARAT KILO,2025-11-04 15:00:00,32.8,25.2,0.0,51.0,9.0,0.0,0.0,0.0,15,1,4,0
TEST-00264,ARAT KILO,2025-11-04 16:00:00,51.99,25.5,0.3,42.0,8.6,1.0,0.0,0.0,16,1,4,0
TEST-00290,ARAT KILO,2025-11-04 17:00:00,62.42,24.1,0.0,54.0,12.8,0.0,0.0,0.0,17,1,4,0
TEST-00431,ARAT KILO,2025-11-04 18:00:00,83.01,22.9,0.0,45.0,12.4,0.0,0.0,0.0,18,1,4,0
TEST-01206,ARAT KILO,2025-11-04 19:00:00,57.86,23.6,0.0,57.0,20.6,0.0,0.0,0.0,19,1,4,0
TEST-04001,ARAT KILO,2025-11-04 20:00:00,40.78,21.1,0.0,69.0,7.7,0.0,0.0,0.0,20,1,4,0
TEST-03638,ARAT KILO,2025-11-04 21:00:00,24.47,18.6,0.0,70.0,15.3,0.0,0.0,0.0,21,1,4,0
TEST-03047,ARAT KILO,2025-11-04 22:00:00,15.52,17.5,0.0,69.0,10.0,0.0,0.0,0.0,22,1,4,0
TEST-03466,ARAT KILO,2025-11-04 23:00:00,8.86,16.9,0.0,70.0,6.0,0.0,0.0,0.0,23,1,4,0
TEST-02438,ARAT KILO,2025-11-05 00:00:00,5.22,13.8,0.0,80.0,9.9,0.0,0.0,0.0,0,2,5,0
TEST-03669,ARAT KILO,2025-11-05 01:00:00,3.08,12.6,0.0,78.0,5.0,0.0,0.0,0.0,1,2,5,0
TEST-00170,ARAT KILO,2025-11-05 02:00:00,5.62,11.2,0.0,77.0,25.5,0.0,0.0,0.0,2,2,5,0
TEST-02002,ARAT KILO,2025-11-05 03:00:00,3.15,12.3,0.0,83.0,12.9,0.0,0.0,0.0,3,2,5,0
TEST-02029,ARAT KILO,2025-11-05 04:00:00,4.0,12.9,0.0,80.0,8.5,0.0,0.0,0.0,4,2,5,0
TEST-00012,ARAT KILO,2025-11-05 05:00:00,5.52,13.0,0.0,86.0,13.5,0.0,0.0,0.0,5,2,5,0
TEST-00295,ARAT KILO,2025-11-05 06:00:00,18.07,13.9,0.0,75.0,9.9,0.0,0.0,0.0,6,2,5,0
TEST-02428,ARAT KILO,2025-11-05 07:00:00,41.56,15.7,0.0,86.0,7.4,0.0,0.0,0.0,7,2,5,0
TEST-00913,ARAT KILO,2025-11-05 08:00:00,52.53,18.0,0.0,72.0,7.8,0.0,0.0,0.0,8,2,5,0
TEST-03810,ARAT KILO,2025-11-05 09:00:00,41.14,19.3,0.0,61.0,12.6,0.0,0.0,0.0,9,2,5,0
TEST-00147,ARAT KILO,2025-11-05 10:00:00,21.04,20.7,0.0,61.0,11.2,0.0,0.0,0.0,10,2,5,0
TEST-02024,ARAT KILO,2025-11-05 11:00:00,18.15,21.1,0.0,65.0,8.2,0.0,0.0,0.0,11,2,5,0
TEST-01586,ARAT KILO,2025-11-05 12:00:00,29.45,23.8,0.0,58.0,15.0,0.0,0.0,0.0,12,2,5,0
TEST-03899,ARAT KILO,2025-11-05 13:00:00,35.82,22.9,0.0,56.0,7.5,0.0,0.0,0.0,13,2,5,0
TEST-00003,ARAT KILO,2025-11-05 14:00:00,30.09,25.2,0.0,53.0,8.3,0.0,0.0,0.0,14,2,5,0
TEST-00312,ARAT KILO,2025-11-05 15:00:00,45.58,24.1,0.0,45.0,20.0,0.0,0.0,0.0,15,2,5,0
TEST-02323,ARAT KILO,2025-11-05 16:00:00,45.89,25.4,0.0,56.0,5.1,0.0,0.0,0.0,16,2,5,0
TEST-00230,ARAT KILO,2025-11-05 17:00:00,67.44,24.9,0.0,49.0,8.3,0.0,0.0,0.0,17,2,5,0
TEST-00448,ARAT KILO,2025-11-05 18:00:00,65.52,23.5,0.0,63.0,11.8,0.0,0.0,0.0,18,2,5,0
TEST-00895,ARAT KILO,2025-11-05 19:00:00,53.56,20.8,0.0,55.0,12.0,0.0,0.0,0.0,19,2,5,0
TEST-00310,ARAT KILO,2025-11-05 20:00:00,39.19,17.9,0.0,54.0,10.9,0.0,0.0,0.0,20,2,5,0
TEST-02614,ARAT KILO,2025-11-05 21:00:00,22.3,17.1,0.0,70.0,7.0,0.0,0.0,0.0,21,2,5,0
TEST-02839,ARAT KILO,2025-11-05 22:00:00,14.28,16.1,0.0,65.0,10.1,0.0,0.0,0.0,22,2,5,0
TEST-00221,ARAT KILO,2025-11-05 23:00:00,9.16,14.7,0.0,70.0,8.1,0.0,0.0,0.0,23,2,5,0
TEST-01108,ARAT KILO,2025-11-06 00:00:00,0.68,10.6,0.0,85.0,11.6,0.0,0.0,0.0,0,3,6,0
TEST-01954,ARAT KILO,2025-11-06 01:00:00,0.37,10.5,0.0,85.0,10.5,0.0,0.0,0.0,1,3,6,0
TEST-02019,ARAT KILO,2025-11-06 02:00:00,1.17,9.8,0.0,91.0,11.0,0.0,0.0,0.0,2,3,6,0
TEST-03588,ARAT KILO,2025-11-06 03:00:00,2.23,12.0,0.1,89.0,11.9,1.0,0.0,0.0,3,3,6,0
TEST-01469,ARAT KILO,2025-11-06 04:00:00,3.54,12.1,0.05,81.5,9.95,1.0,0.0,0.0,4,3,6,0
TEST-00422,ARAT KILO,2025-11-06 05:00:00,5.83,12.2,0.0,74.0,8.0,0.0,0.0,0.0,5,3,6,0
TEST-02875,ARAT KILO,2025-11-06 06:00:00,16.43,13.0,0.0,82.0,12.5,0.0,0.0,0.0,6,3,6,0
TEST-01733,ARAT KILO,2025-11-06 07:00:00,47.56,14.3,0.0,71.0,13.1,0.0,0.0,0.0,7,3,6,0
TEST-01939,ARAT KILO,2025-11-06 08:00:00,54.05,17.7,0.0,69.0,15.0,0.0,0.0,0.0,8,3,6,0
TEST-03300,ARAT KILO,2025-11-06 09:00:00,40.51,18.8,0.0,65.0,7.3,0.0,0.0,0.0,9,3,6,0
TEST-02086,ARAT KILO,2025-11-06 10:00:00,19.74,19.3,0.0,69.0,6.9,0.0,0.0,0.0,10,3,6,0
TEST-00125,ARAT KILO,2025-11-06 11:00:00,17.49,19.4,0.0,57.0,8.3,0.0,0.0,0.0,11,3,6,0
TEST-00429,ARAT KILO,2025-11-06 12:00:00,30.03,20.4,0.0,52.0,17.3,0.0,0.0,0.0,12,3,6,0
TEST-02208,ARAT KILO,2025-11-06 13:00:00,36.05,23.2,0.0,58.0,7.7,0.0,0.0,0.0,13,3,6,0
TEST-04011,ARAT KILO,2025-11-06 14:00:00,35.52,25.1,0.0,51.0,6.2,0.0,0.0,0.0,14,3,6,0
TEST-01480,ARAT KILO,2025-11-06 15:00:00,27.76,27.0,0.0,58.0,7.5,0.0,0.0,0.0,15,3,6,0
TEST-03288,ARAT KILO,2025-11-06 16:00:00,44.89,25.7,0.0,49.0,12.2,0.0,0.0,0.0,16,3,6,0
TEST-01505,ARAT KILO,2025-11-06 17:00:00,56.56,22.1,0.0,65.0,8.6,0.0,0.0,0.0,17,3,6,0
TEST-03839,ARAT KILO,2025-11-06 18:00:00,64.5,21.1,0.0,59.0,16.7,0.0,0.0,0.0,18,3,6,0
TEST-02082,ARAT KILO,2025-11-06 19:00:00,53.03,20.6,0.0,64.0,9.3,0.0,0.0,0.0,19,3,6,0
TEST-02292,ARAT KILO,2025-11-06 20:00:00,37.68,19.2,0.0,66.0,14.1,0.0,0.0,0.0,20,3,6,0
TEST-01349,ARAT KILO,2025-11-06 21:00:00,23.22,15.9,0.0,65.0,7.8,0.0,0.0,0.0,21,3,6,0
TEST-03920,ARAT KILO,2025-11-06 22:00:00,12.77,16.5,0.0,76.0,8.2,0.0,0.0,0.0,22,3,6,0
TEST-03252,ARAT KILO,2025-11-06 23:00:00,7.53,15.8,0.0,76.0,12.3,0.0,0.0,0.0,23,3,6,0
TEST-00369,ARAT KILO,2025-11-07 00:00:00,0.73,12.4,0.0,86.0,4.7,0.0,0.0,0.0,0,4,7,0
TEST-00775,ARAT KILO,2025-11-07 01:00:00,0.7,11.8,0.0,85.0,11.0,0.0,0.0,0.0,1,4,7,0
TEST-02961,ARAT KILO,2025-11-07 02:00:00,1.28,11.9,0.0,92.0,6.4,0.0,0.0,0.0,2,4,7,0
TEST-01237,ARAT KILO,2025-11-07 03:00:00,0.92,10.7,0.0,87.0,11.2,0.0,0.0,0.0,3,4,7,0
TEST-00363,ARAT KILO,2025-11-07 04:00:00,0.85,10.1,0.0,84.0,6.8,0.0,0.0,0.0,4,4,7,0
TEST-00324,ARAT KILO,2025-11-07 05:00:00,8.79,13.5,0.0,77.0,13.1,0.0,0.0,0.0,5,4,7,0
TEST-01907,ARAT KILO,2025-11-07 06:00:00,17.61,14.0,0.0,75.0,8.5,0.0,0.0,0.0,6,4,7,0
TEST-00715,ARAT KILO,2025-11-07 07:00:00,45.32,13.9,0.0,87.0,13.4,0.0,0.0,0.0,7,4,7,0
TEST-02688,ARAT KILO,2025-11-07 08:00:00,64.93,15.3,1.2,74.0,12.2,1.0,0.0,0.0,8,4,7,0
TEST-01681,ARAT KILO,2025-11-07 09:00:00,39.63,19.4,0.0,66.5,8.5,0.0,0.0,0.0,9,4,7,0
TEST-02897,ARAT KILO,2025-11-07 10:00:00,20.68,19.4,0.0,59.0,4.9,0.0,0.0,0.0,10,4,7,0
TEST-03888,ARAT KILO,2025-11-07 11:00:00,19.1,20.3,0.0,71.0,9.9,0.0,0.0,0.0,11,4,7,0
TEST-02762,ARAT KILO,2025-11-07 12:00:00,29.92,21.5,0.0,57.0,11.8,0.0,0.0,0.0,12,4,7,0
TEST-01100,ARAT KILO,2025-11-07 13:00:00,42.84,23.1,0.0,50.0,18.1,0.0,0.0,0.0,13,4,7,0
TEST-01891,ARAT KILO,2025-11-07 14:00:00,47.02,23.2,0.0,44.0,13.3,0.0,0.0,0.0,14,4,7,0
TEST-00569,ARAT KILO,2025-11-07 15:00:00,34.89,24.9,0.0,58.0,7.4,0.0,0.0,0.0,15,4,7,0
TEST-03125,ARAT KILO,2025-11-07 16:00:00,41.53,25.7,0.0,52.0,11.2,0.0,0.0,0.0,16,4,7,0
TEST-00354,ARAT KILO,2025-11-07 17:00:00,62.24,23.4,0.0,64.0,14.9,0.0,0.0,0.0,17,4,7,0
TEST-02476,ARAT KILO,2025-11-07 18:00:00,68.94,22.1,0.0,65.0,13.0,0.0,0.0,0.0,18,4,7,0
TEST-01937,ARAT KILO,2025-11-07 19:00:00,57.97,20.2,0.0,67.0,11.6,0.0,0.0,0.0,19,4,7,0
TEST-02537,ARAT KILO,2025-11-07 20:00:00,43.77,21.5,0.0,63.0,26.2,0.0,0.0,0.0,20,4,7,0
TEST-03278,ARAT KILO,2025-11-07 21:00:00,24.19,17.0,0.0,69.0,7.2,0.0,0.0,0.0,21,4,7,0
TEST-00811,ARAT KILO,2025-11-07 22:00:00,13.21,16.0,0.0,81.0,19.3,0.0,0.0,0.0,22,4,7,0
TEST-01655,ARAT KILO,2025-11-07 23:00:00,7.22,12.8,0.0,77.0,10.2,0.0,0.0,0.0,23,4,7,0
TEST-00514,ARAT KILO,2025-11-08 00:00:00,5.77,12.9,0.0,79.0,10.5,0.0,0.0,0.0,0,5,8,1
TEST-03842,ARAT KILO,2025-11-08 01:00:00,5.14,12.3,0.0,84.0,15.4,0.0,0.0,0.0,1,5,8,1
TEST-01431,ARAT KILO,2025-11-08 02:00:00,4.07,11.6,0.0,83.0,5.4,0.0,0.0,0.0,2,5,8,1
TEST-03608,ARAT KILO,2025-11-08 03:00:00,5.42,10.5,0.0,95.0,13.8,0.0,0.0,0.0,3,5,8,1
TEST-01348,ARAT KILO,2025-11-08 04:00:00,3.36,9.8,0.0,84.0,7.3,0.0,0.0,0.0,4,5,8,1
TEST-00300,ARAT KILO,2025-11-08 05:00:00,5.28,11.1,0.0,85.0,18.7,0.0,0.0,0.0,5,5,8,1
TEST-03959,ARAT KILO,2025-11-08 06:00:00,6.04,12.5,0.0,77.0,19.2,0.0,0.0,0.0,6,5,8,1
TEST-00078,ARAT KILO,2025-11-08 07:00:00,7.3,13.3,0.0,71.0,9.1,0.0,0.0,0.0,7,5,8,1
TEST-02916,ARAT KILO,2025-11-08 08:00:00,11.42,14.5,0.0,73.0,7.0,0.0,0.0,0.0,8,5,8,1
TEST-01796,ARAT KILO,2025-11-08 09:00:00,13.7,19.1,0.0,63.0,13.4,0.0,0.0,0.0,9,5,8,1
TEST-03124,ARAT KILO,2025-11-08 10:00:00,16.92,19.3,0.0,66.0,6.4,0.0,0.0,0.0,10,5,8,1
TEST-01038,ARAT KILO,2025-11-08 11:00:00,20.03,20.9,0.0,60.0,3.8,0.0,0.0,0.0,11,5,8,1
TEST-03722,ARAT KILO,2025-11-08 12:00:00,23.19,22.7,0.0,65.0,20.3,0.0,0.0,0.0,12,5,8,1
TEST-02317,ARAT KILO,2025-11-08 13:00:00,26.37,24.0,0.0,58.0,6.3,0.0,0.0,0.0,13,5,8,1
TEST-02868,ARAT KILO,2025-11-08 14:00:00,19.06,23.1,0.0,61.0,12.4,0.0,0.0,0.0,14,5,8,1
TEST-01560,ARAT KILO,2025-11-08 15:00:00,18.07,23.0,0.0,60.0,5.8,0.0,0.0,0.0,15,5,8,1
TEST-01528,ARAT KILO,2025-11-08 16:00:00,19.15,23.4,0.0,59.0,8.4,0.0,0.0,0.0,16,5,8,1
TEST-03621,ARAT KILO,2025-11-08 17:00:00,27.18,23.2,0.0,56.0,7.7,0.0,0.0,0.0,17,5,8,1
TEST-01094,ARAT KILO,2025-11-08 18:00:00,29.6,22.9,0.0,56.0,15.4,0.0,0.0,0.0,18,5,8,1
TEST-03524,ARAT KILO,2025-11-08 19:00:00,26.94,21.35,0.0,63.0,14.0,0.0,0.0,0.0,19,5,8,1
TEST-02101,ARAT KILO,2025-11-08 20:00:00,27.69,19.8,0.0,70.0,12.6,0.0,0.0,0.0,20,5,8,1
TEST-01119,ARAT KILO,2025-11-08 21:00:00,17.13,17.7,0.0,73.0,8.6,0.0,0.0,0.0,21,5,8,1
TEST-02110,ARAT KILO,2025-11-08 22:00:00,11.63,15.2,0.0,75.0,9.0,0.0,0.0,0.0,22,5,8,1
TEST-01271,ARAT KILO,2025-11-08 23:00:00,8.33,14.2,0.0,81.0,3.8,0.0,0.0,0.0,23,5,8,1
TEST-03368,ARAT KILO,2025-11-09 00:00:00,4.08,11.3,0.0,83.0,11.4,0.0,0.0,0.0,0,6,9,1
TEST-01649,ARAT KILO,2025-11-09 01:00:00,4.04,9.3,0.0,89.0,8.3,0.0,0.0,0.0,1,6,9,1
TEST-02908,ARAT KILO,2025-11-09 02:00:00,4.67,9.1,0.0,91.0,13.7,0.0,0.0,0.0,2,6,9,1
TEST-03020,ARAT KILO,2025-11-09 03:00:00,3.73,9.3,0.0,92.0,12.9,0.0,0.0,0.0,3,6,9,1
TEST-00576,ARAT KILO,2025-11-09 04:00:00,3.24,9.3,0.0,88.0,9.5,0.0,0.0,0.0,4,6,9,1
TEST-02169,ARAT KILO,2025-11-09 05:00:00,5.76,9.5,0.0,97.0,17.2,0.0,0.0,0.0,5,6,9,1
TEST-01705,ARAT KILO,2025-11-09 06:00:00,5.19,10.85,0.0,86.5,10.45,0.0,0.0,0.0,6,6,9,1
TEST-03093,ARAT KILO,2025-11-09 07:00:00,8.52,12.2,0.0,76.0,3.7,0.0,0.0,0.0,7,6,9,1
TEST-01725,ARAT KILO,2025-11-09 08:00:00,11.11,15.2,0.0,77.0,6.7,0.0,0.0,0.0,8,6,9,1
TEST-01996,ARAT KILO,2025-11-09 09:00:00,14.48,16.1,0.0,78.0,12.7,0.0,0.0,0.0,9,6,9,1
TEST-02333,ARAT KILO,2025-11-09 10:00:00,17.08,18.3,0.0,63.0,11.6,0.0,0.0,0.0,10,6,9,1
TEST-02559,ARAT KILO,2025-11-09 11:00:00,19.08,19.9,0.0,64.0,12.1,0.0,0.0,0.0,11,6,9,1
TEST-00650,ARAT KILO,2025-11-09 12:00:00,21.2,19.0,0.0,63.0,12.1,0.0,0.0,0.0,12,6,9,1
TEST-02368,ARAT KILO,2025-11-09 13:00:00,22.81,21.4,0.0,53.0,10.2,0.0,0.0,0.0,13,6,9,1
TEST-01975,ARAT KILO,2025-11-09 14:00:00,16.97,23.0,0.0,56.0,8.6,0.0,0.0,0.0,14,6,9,1
TEST-00279,ARAT KILO,2025-11-09 15:00:00,18.05,23.9,0.0,61.0,12.4,0.0,0.0,0.0,15,6,9,1
TEST-01766,ARAT KILO,2025-11-09 16:00:00,18.62,20.6,0.0,62.0,8.2,0.0,0.0,0.0,16,6,9,1
TEST-00235,ARAT KILO,2025-11-09 17:00:00,23.98,20.8,0.0,59.0,22.5,0.0,0.0,0.0,17,6,9,1
TEST-02516,ARAT KILO,2025-11-09 18:00:00,27.06,21.2,0.0,70.0,11.9,0.0,0.0,0.0,18,6,9,1
TEST-02150,ARAT KILO,2025-11-09 19:00:00,27.65,20.4,0.0,64.0,10.6,0.0,0.0,0.0,19,6,9,1
TEST-01811,ARAT KILO,2025-11-09 20:00:00,24.45,15.6,0.0,73.0,7.2,0.0,0.0,0.0,20,6,9,1
TEST-02782,ARAT KILO,2025-11-09 21:00:00,16.95,17.4,0.0,79.0,13.2,0.0,0.0,0.0,21,6,9,1
TEST-00212,ARAT KILO,2025-11-09 22:00:00,10.58,15.9,0.0,82.0,12.5,0.0,0.0,0.0,22,6,9,1
TEST-02725,ARAT KILO,2025-11-09 23:00:00,7.28,14.7,0.0,85.0,15.0,0.0,0.0,0.0,23,6,9,1
TEST-02436,ARAT KILO,2025-11-10 00:00:00,4.97,10.3,0.0,90.0,11.9,0.0,0.0,0.0,0,0,10,0
TEST-00879,ARAT KILO,2025-11-10 01:00:00,6.26,7.8,2.1,94.0,7.5,1.0,0.0,0.0,1,0,10,0
TEST-00334,ARAT KILO,2025-11-10 02:00:00,3.65,8.8,0.0,90.0,13.7,0.0,0.0,0.0,2,0,10,0
TEST-02437,ARAT KILO,2025-11-10 03:00:00,3.32,8.8,0.0,93.0,7.0,0.0,0.0,0.0,3,0,10,0
TEST-03961,ARAT KILO,2025-11-10 04:00:00,4.04,8.3,0.0,96.0,13.5,0.0,0.0,0.0,4,0,10,0
TEST-01872,ARAT KILO,2025-11-10 05:00:00,6.37,9.7,0.0,79.0,10.1,0.0,0.0,0.0,5,0,10,0
TEST-01584,ARAT KILO,2025-11-10 06:00:00,15.37,8.0,0.0,91.0,3.1,0.0,0.0,0.0,6,0,10,0
TEST-01225,ARAT KILO,2025-11-10 07:00:00,42.47,12.0,0.0,90.0,10.3,0.0,0.0,0.0,7,0,10,0
TEST-00510,ARAT KILO,2025-11-10 08:00:00,54.09,11.9,0.0,84.0,6.6,0.0,0.0,0.0,8,0,10,0
TEST-02016,ARAT KILO,2025-11-10 09:00:00,39.92,15.4,0.0,80.0,14.4,0.0,0.0,0.0,9,0,10,0
TEST-02383,ARAT KILO,2025-11-10 10:00:00,20.33,16.1,0.0,76.0,8.3,0.0,0.0,0.0,10,0,10,0
TEST-03140,ARAT KILO,2025-11-10 11:00:00,18.58,17.9,0.0,73.0,9.3,0.0,0.0,0.0,11,0,10,0
TEST-02673,ARAT KILO,2025-11-10 12:00:00,28.53,20.8,0.0,61.0,14.6,0.0,0.0,0.0,12,0,10,0
TEST-00611,ARAT KILO,2025-11-10 13:00:00,36.18,21.0,0.0,58.0,5.7,0.0,0.0,0.0,13,0,10,0
TEST-01688,ARAT KILO,2025-11-10 14:00:00,32.32,19.7,0.0,65.0,12.9,0.0,0.0,0.0,14,0,10,0
TEST-01720,ARAT KILO,2025-11-10 15:00:00,31.49,21.9,0.0,63.0,17.5,0.0,0.0,0.0,15,0,10,0
TEST-03863,ARAT KILO,2025-11-10 16:00:00,44.52,21.4,0.0,57.0,11.8,0.0,0.0,0.0,16,0,10,0
TEST-02401,ARAT KILO,2025-11-10 17:00:00,59.9,20.3,0.0,60.0,6.1,0.0,0.0,0.0,17,0,10,0
TEST-00917,ARAT KILO,2025-11-10 18:00:00,65.25,19.6,0.0,60.0,7.3,0.0,0.0,0.0,18,0,10,0
TEST-03499,ARAT KILO,2025-11-10 19:00:00,53.18,17.2,0.0,71.0,26.7,0.0,0.0,0.0,19,0,10,0
TEST-00056,ARAT KILO,2025-11-10 20:00:00,39.86,17.9,0.0,73.0,13.0,0.0,0.0,0.0,20,0,10,0
TEST-03720,ARAT KILO,2025-11-10 21:00:00,24.13,14.7,0.0,74.0,6.8,0.0,0.0,0.0,21,0,10,0
TEST-00091,ARAT KILO,2025-11-10 22:00:00,14.63,13.8,0.0,64.0,12.1,0.0,0.0,0.0,22,0,10,0
TEST-00201,ARAT KILO,2025-11-10 23:00:00,6.28,12.7,0.0,86.0,7.2,0.0,0.0,0.0,23,0,10,0
TEST-00599,ARAT KILO,2025-11-11 00:00:00,2.52,9.1,0.0,88.0,8.6,0.0,0.0,0.0,0,1,11,0
TEST-00528,ARAT KILO,2025-11-11 01:00:00,4.36,8.3,0.0,82.0,11.6,0.0,0.0,0.0,1,1,11,0
TEST-02341,ARAT KILO,2025-11-11 02:00:00,2.26,8.5,0.0,96.0,8.6,0.0,0.0,0.0,2,1,11,0
TEST-01574,ARAT KILO,2025-11-11 03:00:00,4.22,6.7,0.0,95.0,15.1,0.0,0.0,0.0,3,1,11,0
TEST-01572,ARAT KILO,2025-11-11 04:00:00,3.69,6.9,0.0,93.0,9.0,0.0,0.0,0.0,4,1,11,0
TEST-01153,ARAT KILO,2025-11-11 05:00:00,6.8,8.4,0.0,86.0,11.2,0.0,0.0,0.0,5,1,11,0
TEST-02701,ARAT KILO,2025-11-11 06:00:00,15.5,9.4,0.0,89.0,5.8,0.0,0.0,0.0,6,1,11,0
TEST-00658,ARAT KILO,2025-11-11 07:00:00,41.61,9.8,0.0,91.0,5.9,0.0,0.0,0.0,7,1,11,0
TEST-03397,ARAT KILO,2025-11-11 08:00:00,54.49,14.0,0.0,86.0,7.8,0.0,0.0,0.0,8,1,11,0
TEST-03829,ARAT KILO,2025-11-11 09:00:00,45.46,15.2,0.0,82.0,6.5,0.0,0.0,0.0,9,1,11,0
TEST-01101,ARAT KILO,2025-11-11 10:00:00,20.74,16.4,0.0,72.0,12.1,0.0,0.0,0.0,10,1,11,0
TEST-02217,ARAT KILO,2025-11-11 11:00:00,20.97,17.4,0.0,66.0,11.7,0.0,0.0,0.0,11,1,11,0
TEST-03619,ARAT KILO,2025-11-11 12:00:00,28.1,20.1,0.0,71.0,15.1,0.0,0.0,0.0,12,1,11,0
TEST-00234,ARAT KILO,2025-11-11 13:00:00,39.73,19.8,0.0,77.0,9.4,0.0,0.0,0.0,13,1,11,0
TEST-03210,ARAT KILO,2025-11-11 14:00:00,35.24,19.6,0.0,60.0,10.7,0.0,0.0,0.0,14,1,11,0
TEST-00488,ARAT KILO,2025-11-11 15:00:00,31.49,22.6,0.0,58.0,12.4,0.0,0.0,0.0,15,1,11,0
TEST-03777,ARAT KILO,2025-11-11 16:00:00,44.74,20.6,0.0,65.0,8.9,0.0,0.0,0.0,16,1,11,0
TEST-02406,ARAT KILO,2025-11-11 17:00:00,60.58,20.4,0.0,62.0,8.3,0.0,0.0,0.0,17,1,11,0
TEST-02388,ARAT KILO,2025-11-11 18:00:00,70.07,17.1,0.0,59.0,11.2,0.0,0.0,0.0,18,1,11,0
TEST-02378,ARAT KILO,2025-11-11 19:00:00,63.44,17.2,0.2,67.0,9.7,1.0,0.0,0.0,19,1,11,0
TEST-01175,ARAT KILO,2025-11-11 20:00:00,41.36,17.3,0.0,82.0,7.2,0.0,0.0,0.0,20,1,11,0
TEST-00962,ARAT KILO,2025-11-11 21:00:00,23.63,13.7,0.0,85.0,11.7,0.0,0.0,0.0,21,1,11,0
TEST-03015,ARAT KILO,2025-11-11 22:00:00,10.51,12.6,0.0,86.0,4.0,0.0,0.0,0.0,22,1,11,0
TEST-02734,ARAT KILO,2025-11-11 23:00:00,7.13,12.6,0.0,80.0,9.2,0.0,0.0,0.0,23,1,11,0
TEST-00929,ARAT KILO,2025-11-12 00:00:00,3.13,10.2,0.0,83.0,10.5,0.0,0.0,0.0,0,2,12,0
TEST-01739,ARAT KILO,2025-11-12 01:00:00,3.69,10.3,0.0,83.0,11.7,0.0,0.0,0.0,1,2,12,0
TEST-00252,ARAT KILO,2025-11-12 02:00:00,4.66,9.2,0.0,94.0,11.6,0.0,0.0,0.0,2,2,12,0
TEST-02178,ARAT KILO,2025-11-12 03:00:00,3.12,7.7,0.0,95.0,6.2,0.0,0.0,0.0,3,2,12,0
TEST-03118,ARAT KILO,2025-11-12 04:00:00,3.47,8.1,0.0,97.0,10.8,0.0,0.0,0.0,4,2,12,0
TEST-03227,ARAT KILO,2025-11-12 05:00:00,6.21,7.4,0.0,95.0,4.4,0.0,0.0,0.0,5,2,12,0
TEST-00049,ARAT KILO,2025-11-12 06:00:00,14.71,11.2,0.0,88.0,9.0,0.0,0.0,0.0,6,2,12,0
TEST-00603,ARAT KILO,2025-11-12 07:00:00,41.09,10.5,0.0,79.0,18.7,0.0,0.0,0.0,7,2,12,0
TEST-02697,ARAT KILO,2025-11-12 08:00:00,52.72,12.7,0.0,85.0,11.2,0.0,0.0,0.0,8,2,12,0
TEST-01082,ARAT KILO,2025-11-12 09:00:00,45.78,13.1,2.6,82.0,10.4,1.0,0.0,0.0,9,2,12,0
TEST-01005,ARAT KILO,2025-11-12 10:00:00,20.0,16.7,0.0,71.0,12.3,0.0,0.0,0.0,10,2,12,0
TEST-03457,ARAT KILO,2025-11-12 11:00:00,21.55,18.4,0.2,67.0,5.5,1.0,0.0,0.0,11,2,12,0
TEST-00464,ARAT KILO,2025-11-12 12:00:00,27.09,18.0,0.0,62.0,13.0,0.0,0.0,0.0,12,2,12,0
TEST-02239,ARAT KILO,2025-11-12 13:00:00,35.46,21.7,0.0,60.0,6.5,0.0,0.0,0.0,13,2,12,0
TEST-03976,ARAT KILO,2025-11-12 14:00:00,32.89,21.6,0.0,75.0,12.5,0.0,0.0,0.0,14,2,12,0
TEST-03452,ARAT KILO,2025-11-12 15:00:00,31.64,21.4,0.1,71.0,10.6,1.0,0.0,0.0,15,2,12,0
TEST-01044,ARAT KILO,2025-11-12 16:00:00,43.59,21.9,0.0,59.0,5.2,0.0,0.0,0.0,16,2,12,0
TEST-01594,ARAT KILO,2025-11-12 17:00:00,58.85,18.9,0.0,66.0,14.0,0.0,0.0,0.0,17,2,12,0
TEST-00486,ARAT KILO,2025-11-12 18:00:00,65.73,17.4,0.0,68.0,6.8,0.0,0.0,0.0,18,2,12,0
TEST-01889,ARAT KILO,2025-11-12 19:00:00,54.13,16.5,0.0,61.0,10.2,0.0,0.0,0.0,19,2,12,0
TEST-03421,ARAT KILO,2025-11-12 20:00:00,36.51,16.7,0.0,64.0,8.7,0.0,0.0,0.0,20,2,12,0
TEST-03634,ARAT KILO,2025-11-12 21:00:00,22.83,16.1,0.0,74.0,13.8,0.0,0.0,0.0,21,2,12,0
TEST-02910,ARAT KILO,2025-11-12 22:00:00,16.27,13.2,1.2,71.0,14.1,1.0,0.0,0.0,22,2,12,0
TEST-00704,ARAT KILO,2025-11-12 23:00:00,7.05,10.6,0.0,90.0,21.8,0.0,0.0,0.0,23,2,12,0
TEST-01771,ARAT KILO,2025-11-13 00:00:00,3.53,10.5,0.8,88.5,8.8,1.0,0.0,0.0,0,3,13,0
TEST-03862,ARAT KILO,2025-11-13 01:00:00,3.81,11.2,0.0,87.0,14.0,0.0,0.0,0.0,1,3,13,0
TEST-00610,ARAT KILO,2025-11-13 02:00:00,4.11,9.0,0.0,99.0,14.4,0.0,0.0,0.0,2,3,13,0
TEST-03354,ARAT KILO,2025-11-13 03:00:00,3.24,8.9,0.0,86.0,12.7,0.0,0.0,0.0,3,3,13,0
TEST-02108,ARAT KILO,2025-11-13 04:00:00,3.95,7.9,1.2,96.0,5.7,1.0,0.0,0.0,4,3,13,0
TEST-01183,ARAT KILO,2025-11-13 05:00:00,6.9,9.1,0.0,91.0,8.1,0.0,0.0,0.0,5,3,13,0
TEST-03817,ARAT KILO,2025-11-13 06:00:00,15.77,9.1,0.0,99.0,5.5,0.0,0.0,0.0,6,3,13,0
TEST-02420,ARAT KILO,2025-11-13 07:00:00,40.93,13.4,0.0,85.0,4.7,0.0,0.0,0.0,7,3,13,0
TEST-00035,ARAT KILO,2025-11-13 08:00:00,56.17,15.0,0.0,77.0,14.1,0.0,0.0,0.0,8,3,13,0
TEST-01368,ARAT KILO,2025-11-13 09:00:00,45.39,15.1,0.0,73.0,4.6,0.0,0.0,0.0,9,3,13,0
TEST-02111,ARAT KILO,2025-11-13 10:00:00,19.51,18.3,0.0,62.0,8.9,0.0,0.0,0.0,10,3,13,0
TEST-02593,ARAT KILO,2025-11-13 11:00:00,18.36,17.4,0.0,72.0,7.7,0.0,0.0,0.0,11,3,13,0
TEST-00881,ARAT KILO,2025-11-13 12:00:00,27.02,18.2,0.0,64.0,13.1,0.0,0.0,0.0,12,3,13,0
TEST-03790,ARAT KILO,2025-11-13 13:00:00,40.73,19.0,0.8,86.0,14.7,1.0,0.0,0.0,13,3,13,0
TEST-02307,ARAT KILO,2025-11-13 14:00:00,43.15,19.0,3.6,75.0,4.4,1.0,0.0,0.0,14,3,13,0
TEST-03847,ARAT KILO,2025-11-13 15:00:00,52.14,21.2,25.7,84.0,9.8,1.0,0.0,0.0,15,3,13,0
TEST-02124,ARAT KILO,2025-11-13 16:00:00,63.86,19.3,3.0,85.0,9.6,1.0,0.0,0.0,16,3,13,0
TEST-02841,ARAT KILO,2025-11-13 17:00:00,92.43,19.3,3.6,82.0,15.5,1.0,0.0,0.0,17,3,13,0
TEST-02742,ARAT KILO,2025-11-13 18:00:00,90.76,19.5,3.6,82.0,9.1,1.0,0.0,0.0,18,3,13,0
TEST-01820,ARAT KILO,2025-11-13 19:00:00,61.88,20.5,0.3,68.0,12.0,1.0,0.0,0.0,19,3,13,0
TEST-01040,ARAT KILO,2025-11-13 20:00:00,37.46,16.6,0.0,62.0,16.8,0.0,0.0,0.0,20,3,13,0
TEST-00512,ARAT KILO,2025-11-13 21:00:00,23.98,15.2,0.0,81.0,15.7,0.0,0.0,0.0,21,3,13,0
TEST-02538,ARAT KILO,2025-11-13 22:00:00,13.87,14.9,0.0,87.0,24.1,0.0,0.0,0.0,22,3,13,0
TEST-03453,ARAT KILO,2025-11-13 23:00:00,10.84,11.9,1.0,91.0,6.9,1.0,0.0,0.0,23,3,13,0
TEST-03812,ARAT KILO,2025-11-14 00:00:00,2.42,12.3,0.0,82.0,8.6,0.0,0.0,0.0,0,4,14,0
TEST-03952,ARAT KILO,2025-11-14 01:00:00,5.24,10.9,0.0,90.0,13.8,0.0,0.0,0.0,1,4,14,0
TEST-01853,ARAT KILO,2025-11-14 02:00:00,3.12,9.8,0.0,97.0,3.6,0.0,0.0,0.0,2,4,14,0
TEST-00133,ARAT KILO,2025-11-14 03:00:00,3.64,8.9,0.0,82.0,11.6,0.0,0.0,0.0,3,4,14,0
TEST-01022,ARAT KILO,2025-11-14 04:00:00,4.41,9.3,0.0,92.0,15.9,0.0,0.0,0.0,4,4,14,0
TEST-02848,ARAT KILO,2025-11-14 05:00:00,7.92,8.8,0.0,90.0,15.5,0.0,0.0,0.0,5,4,14,0
TEST-01810,ARAT KILO,2025-11-14 06:00:00,16.64,12.0,0.0,77.0,12.1,0.0,0.0,0.0,6,4,14,0
TEST-01235,ARAT KILO,2025-11-14 07:00:00,42.29,13.5,0.0,89.0,3.7,0.0,0.0,0.0,7,4,14,0
TEST-02618,ARAT KILO,2025-11-14 08:00:00,59.89,14.9,0.0,78.0,22.1,0.0,0.0,0.0,8,4,14,0
TEST-02390,ARAT KILO,2025-11-14 09:00:00,40.8,16.7,0.0,73.0,13.2,0.0,0.0,0.0,9,4,14,0
TEST-00878,ARAT KILO,2025-11-14 10:00:00,18.76,18.15,0.0,69.5,13.7,0.0,0.0,0.0,10,4,14,0
TEST-03797,ARAT KILO,2025-11-14 11:00:00,17.86,19.6,0.0,66.0,14.2,0.0,0.0,0.0,11,4,14,0
TEST-03684,ARAT KILO,2025-11-14 12:00:00,28.18,21.2,0.0,60.5,7.9,0.0,0.0,0.0,12,4,14,0
TEST-02941,ARAT KILO,2025-11-14 13:00:00,38.08,21.5,0.0,55.0,16.1,0.0,0.0,0.0,13,4,14,0
TEST-00414,ARAT KILO,2025-11-14 14:00:00,33.82,22.8,0.0,62.0,15.1,0.0,0.0,0.0,14,4,14,0
TEST-03353,ARAT KILO,2025-11-14 15:00:00,32.37,21.7,0.0,61.0,18.0,0.0,0.0,0.0,15,4,14,0
TEST-01438,ARAT KILO,2025-11-14 16:00:00,43.22,22.5,0.0,66.0,18.3,0.0,0.0,0.0,16,4,14,0
TEST-03857,ARAT KILO,2025-11-14 17:00:00,61.53,22.4,0.0,66.0,6.5,0.0,0.0,0.0,17,4,14,0
TEST-03984,ARAT KILO,2025-11-14 18:00:00,67.24,20.4,0.0,61.0,10.6,0.0,0.0,0.0,18,4,14,0
TEST-01374,ARAT KILO,2025-11-14 19:00:00,62.36,20.1,0.0,68.0,8.1,0.0,0.0,0.0,19,4,14,0
TEST-00562,ARAT KILO,2025-11-14 20:00:00,41.0,17.6,0.0,71.0,6.0,0.0,0.0,0.0,20,4,14,0
TEST-00813,ARAT KILO,2025-11-14 21:00:00,24.87,16.1,0.0,84.0,4.4,0.0,0.0,0.0,21,4,14,0
TEST-00736,ARAT KILO,2025-11-14 22:00:00,14.99,14.9,0.0,78.0,3.7,0.0,0.0,0.0,22,4,14,0
TEST-03471,ARAT KILO,2025-11-14 23:00:00,6.8,11.5,0.0,86.0,8.4,0.0,0.0,0.0,23,4,14,0
TEST-00254,AYAT,2025-11-01 00:00:00,7.39,14.2,0.0,85.0,5.7,0.0,0.0,0.0,0,5,1,1
TEST-03102,AYAT,2025-11-01 01:00:00,2.73,10.9,0.0,88.0,9.8,0.0,0.0,0.0,1,5,1,1
TEST-02431,AYAT,2025-11-01 02:00:00,4.79,11.2,0.0,83.0,9.4,0.0,0.0,0.0,2,5,1,1
TEST-03985,AYAT,2025-11-01 03:00:00,4.56,10.4,0.0,78.0,9.8,0.0,0.0,0.0,3,5,1,1
TEST-00637,AYAT,2025-11-01 04:00:00,5.11,11.5,0.0,83.0,13.4,0.0,0.0,0.0,4,5,1,1
TEST-00960,AYAT,2025-11-01 05:00:00,8.33,12.2,0.0,87.0,7.0,0.0,0.0,0.0,5,5,1,1
TEST-02867,AYAT,2025-11-01 06:00:00,13.77,13.2,0.0,84.0,7.8,0.0,0.0,0.0,6,5,1,1
TEST-03922,AYAT,2025-11-01 07:00:00,14.71,15.1,0.0,67.0,13.3,0.0,0.0,0.0,7,5,1,1
TEST-01329,AYAT,2025-11-01 08:00:00,19.84,16.1,0.0,79.0,8.0,0.0,0.0,0.0,8,5,1,1
TEST-03101,AYAT,2025-11-01 09:00:00,29.43,17.8,0.0,69.0,7.8,0.0,0.0,0.0,9,5,1,1
TEST-03771,AYAT,2025-11-01 10:00:00,31.6,19.3,0.0,67.0,7.2,0.0,0.0,0.0,10,5,1,1
TEST-01076,AYAT,2025-11-01 11:00:00,30.49,21.1,0.0,59.0,14.6,0.0,0.0,0.0,11,5,1,1
TEST-03607,AYAT,2025-11-01 12:00:00,35.05,22.9,0.0,56.0,6.1,0.0,0.0,0.0,12,5,1,1
TEST-01057,AYAT,2025-11-01 13:00:00,34.88,21.8,0.0,48.0,17.9,0.0,0.0,0.0,13,5,1,1
TEST-03664,AYAT,2025-11-01 14:00:00,32.89,25.5,0.0,54.0,8.3,0.0,0.0,0.0,14,5,1,1
TEST-03927,AYAT,2025-11-01 15:00:00,35.44,23.9,0.0,56.0,6.4,0.0,0.0,0.0,15,5,1,1
TEST-00293,AYAT,2025-11-01 16:00:00,36.43,24.2,0.0,51.0,4.1,0.0,0.0,0.0,16,5,1,1
TEST-02067,AYAT,2025-11-01 17:00:00,35.05,22.8,0.0,60.0,7.1,0.0,0.0,0.0,17,5,1,1
TEST-01495,AYAT,2025-11-01 18:00:00,37.55,22.4,0.0,65.0,9.3,0.0,0.0,0.0,18,5,1,1
TEST-00542,AYAT,2025-11-01 19:00:00,38.92,22.8,0.0,56.0,21.6,0.0,0.0,0.0,19,5,1,1
TEST-02372,AYAT,2025-11-01 20:00:00,34.66,20.1,0.0,64.0,10.9,0.0,0.0,0.0,20,5,1,1
TEST-03988,AYAT,2025-11-01 21:00:00,25.42,17.0,0.0,65.0,12.9,0.0,0.0,0.0,21,5,1,1
TEST-02075,AYAT,2025-11-01 22:00:00,18.31,15.4,0.0,73.0,11.0,0.0,0.0,0.0,22,5,1,1
TEST-02119,AYAT,2025-11-01 23:00:00,10.04,14.6,0.0,80.0,14.1,0.0,0.0,0.0,23,5,1,1
TEST-03046,AYAT,2025-11-02 00:00:00,4.78,13.1,0.0,84.0,14.9,0.0,0.0,0.0,0,6,2,1
TEST-02737,AYAT,2025-11-02 01:00:00,3.18,11.0,0.0,84.0,3.8,0.0,0.0,0.0,1,6,2,1
TEST-03064,AYAT,2025-11-02 02:00:00,4.95,10.7,0.0,82.0,16.2,0.0,0.0,0.0,2,6,2,1
TEST-04004,AYAT,2025-11-02 03:00:00,4.13,11.0,0.0,81.0,11.9,0.0,0.0,0.0,3,6,2,1
TEST-03445,AYAT,2025-11-02 04:00:00,4.37,11.7,0.0,94.0,10.4,0.0,0.0,0.0,4,6,2,1
TEST-02063,AYAT,2025-11-02 05:00:00,9.11,11.9,0.0,82.0,16.0,0.0,0.0,0.0,5,6,2,1
TEST-00690,AYAT,2025-11-02 06:00:00,14.33,12.9,0.0,73.0,12.7,0.0,0.0,0.0,6,6,2,1
TEST-00713,AYAT,2025-11-02 07:00:00,16.72,16.0,0.0,83.0,9.1,0.0,0.0,0.0,7,6,2,1
TEST-00029,AYAT,2025-11-02 08:00:00,19.16,16.1,0.0,74.0,17.1,0.0,0.0,0.0,8,6,2,1
TEST-01524,AYAT,2025-11-02 09:00:00,30.94,18.5,0.2,67.0,11.2,1.0,0.0,0.0,9,6,2,1
TEST-03944,AYAT,2025-11-02 10:00:00,31.03,20.1,0.0,65.0,13.7,0.0,0.0,0.0,10,6,2,1
TEST-02187,AYAT,2025-11-02 11:00:00,32.52,21.5,0.0,60.0,15.3,0.0,0.0,0.0,11,6,2,1
TEST-02887,AYAT,2025-11-02 12:00:00,39.24,23.5,0.3,53.0,5.6,1.0,0.0,0.0,12,6,2,1
TEST-03547,AYAT,2025-11-02 13:00:00,37.37,24.2,0.15,57.5,5.25,1.0,0.0,0.0,13,6,2,1
TEST-00504,AYAT,2025-11-02 14:00:00,34.78,24.9,0.0,62.0,4.9,0.0,0.0,0.0,14,6,2,1
TEST-03366,AYAT,2025-11-02 15:00:00,35.97,24.3,0.6,69.0,15.0,1.0,0.0,0.0,15,6,2,1
TEST-00605,AYAT,2025-11-02 16:00:00,35.11,24.9,0.0,56.0,6.9,0.0,0.0,0.0,16,6,2,1
TEST-01122,AYAT,2025-11-02 17:00:00,60.36,22.8,13.0,65.0,4.1,1.0,0.0,0.0,17,6,2,1
TEST-03900,AYAT,2025-11-02 18:00:00,39.52,23.7,0.0,57.0,12.0,0.0,0.0,0.0,18,6,2,1
TEST-01761,AYAT,2025-11-02 19:00:00,39.86,21.0,0.0,60.0,8.6,0.0,0.0,0.0,19,6,2,1
TEST-01451,AYAT,2025-11-02 20:00:00,32.74,18.9,0.0,62.0,20.8,0.0,0.0,0.0,20,6,2,1
TEST-03617,AYAT,2025-11-02 21:00:00,25.69,18.3,0.0,64.0,6.8,0.0,0.0,0.0,21,6,2,1
TEST-01426,AYAT,2025-11-02 22:00:00,17.17,15.6,0.0,72.0,13.5,0.0,0.0,0.0,22,6,2,1
TEST-02277,AYAT,2025-11-02 23:00:00,10.43,15.7,0.0,75.0,8.9,0.0,0.0,0.0,23,6,2,1
TEST-03519,AYAT,2025-11-03 00:00:00,8.81,13.8,0.0,80.0,15.5,0.0,0.0,0.0,0,0,3,0
TEST-00727,AYAT,2025-11-03 01:00:00,2.46,11.9,0.0,86.0,7.5,0.0,0.0,0.0,1,0,3,0
TEST-00698,AYAT,2025-11-03 02:00:00,7.5,12.9,0.0,78.0,7.0,0.0,0.0,0.0,2,0,3,0
TEST-00900,AYAT,2025-11-03 03:00:00,7.21,14.3,0.0,85.0,14.8,0.0,0.0,0.0,3,0,3,0
TEST-01462,AYAT,2025-11-03 04:00:00,4.54,12.4,0.0,84.0,7.4,0.0,0.0,0.0,4,0,3,0
TEST-03776,AYAT,2025-11-03 05:00:00,15.83,12.8,0.0,84.0,7.8,0.0,0.0,0.0,5,0,3,0
TEST-02059,AYAT,2025-11-03 06:00:00,35.21,14.2,0.0,82.0,13.7,0.0,0.0,0.0,6,0,3,0
TEST-02371,AYAT,2025-11-03 07:00:00,48.69,15.2,0.0,65.0,10.3,0.0,0.0,0.0,7,0,3,0
TEST-01601,AYAT,2025-11-03 08:00:00,38.67,16.0,0.0,69.0,10.7,0.0,0.0,0.0,8,0,3,0
TEST-01957,AYAT,2025-11-03 09:00:00,22.95,19.9,0.0,71.0,12.8,0.0,0.0,0.0,9,0,3,0
TEST-01405,AYAT,2025-11-03 10:00:00,16.99,18.0,0.0,64.0,17.1,0.0,0.0,0.0,10,0,3,0
TEST-02474,AYAT,2025-11-03 11:00:00,16.75,19.9,0.0,67.0,12.1,0.0,0.0,0.0,11,0,3,0
TEST-01118,AYAT,2025-11-03 12:00:00,18.01,22.8,0.0,58.0,7.2,0.0,0.0,0.0,12,0,3,0
TEST-02653,AYAT,2025-11-03 13:00:00,17.06,24.8,0.0,54.0,12.6,0.0,0.0,0.0,13,0,3,0
TEST-00609,AYAT,2025-11-03 14:00:00,10.0,24.8,0.0,46.0,13.3,0.0,0.0,0.0,14,0,3,0
TEST-00140,AYAT,2025-11-03 15:00:00,17.51,25.6,0.0,41.0,11.9,0.0,0.0,0.0,15,0,3,0
TEST-03919,AYAT,2025-11-03 16:00:00,16.33,25.3,0.0,51.0,15.5,0.0,0.0,0.0,16,0,3,0
TEST-02656,AYAT,2025-11-03 17:00:00,28.54,24.0,0.0,55.0,11.0,0.0,0.0,0.0,17,0,3,0
TEST-00779,AYAT,2025-11-03 18:00:00,35.82,24.4,0.0,61.0,8.3,0.0,0.0,0.0,18,0,3,0
TEST-02724,AYAT,2025-11-03 19:00:00,40.65,21.6,0.0,63.0,7.9,0.0,0.0,0.0,19,0,3,0
TEST-01311,AYAT,2025-11-03 20:00:00,41.18,19.8,0.0,60.0,7.7,0.0,0.0,0.0,20,0,3,0
TEST-00822,AYAT,2025-11-03 21:00:00,32.25,19.9,0.0,61.0,6.6,0.0,0.0,0.0,21,0,3,0
TEST-03658,AYAT,2025-11-03 22:00:00,19.98,18.3,0.0,66.0,10.8,0.0,0.0,0.0,22,0,3,0
TEST-00740,AYAT,2025-11-03 23:00:00,13.2,13.7,0.0,87.0,5.8,0.0,0.0,0.0,23,0,3,0
TEST-02753,AYAT,2025-11-04 00:00:00,8.26,12.9,0.0,72.0,13.9,0.0,0.0,0.0,0,1,4,0
TEST-01068,AYAT,2025-11-04 01:00:00,8.12,13.2,0.0,69.0,9.0,0.0,0.0,0.0,1,1,4,0
TEST-01687,AYAT,2025-11-04 02:00:00,5.04,11.8,0.0,78.0,10.9,0.0,0.0,0.0,2,1,4,0
TEST-02272,AYAT,2025-11-04 03:00:00,2.58,11.5,0.0,89.0,15.9,0.0,0.0,0.0,3,1,4,0
TEST-01137,AYAT,2025-11-04 04:00:00,4.17,11.2,0.3,85.0,7.5,1.0,0.0,0.0,4,1,4,0
TEST-03696,AYAT,2025-11-04 05:00:00,17.03,13.2,0.0,86.0,8.4,0.0,0.0,0.0,5,1,4,0
TEST-01670,AYAT,2025-11-04 06:00:00,36.7,14.0,0.0,81.0,10.9,0.0,0.0,0.0,6,1,4,0
TEST-02882,AYAT,2025-11-04 07:00:00,49.56,14.7,0.0,81.0,13.7,0.0,0.0,0.0,7,1,4,0
TEST-02874,AYAT,2025-11-04 08:00:00,40.28,16.9,0.0,71.0,16.3,0.0,0.0,0.0,8,1,4,0
TEST-02414,AYAT,2025-11-04 09:00:00,21.66,18.5,0.0,64.0,13.7,0.0,0.0,0.0,9,1,4,0
TEST-02116,AYAT,2025-11-04 10:00:00,17.75,21.5,0.0,68.0,8.7,0.0,0.0,0.0,10,1,4,0
TEST-03390,AYAT,2025-11-04 11:00:00,18.02,22.0,0.0,61.0,6.6,0.0,0.0,0.0,11,1,4,0
TEST-02288,AYAT,2025-11-04 12:00:00,17.48,23.7,0.0,63.0,12.5,0.0,0.0,0.0,12,1,4,0
TEST-01964,AYAT,2025-11-04 13:00:00,18.98,23.6,0.3,54.0,14.0,1.0,0.0,0.0,13,1,4,0
TEST-01696,AYAT,2025-11-04 14:00:00,10.67,26.3,0.0,45.0,6.6,0.0,0.0,0.0,14,1,4,0
TEST-02204,AYAT,2025-11-04 15:00:00,16.33,25.2,0.0,51.0,9.0,0.0,0.0,0.0,15,1,4,0
TEST-01516,AYAT,2025-11-04 16:00:00,32.1,25.5,0.3,42.0,8.6,1.0,0.0,0.0,16,1,4,0
TEST-00122,AYAT,2025-11-04 17:00:00,27.26,24.1,0.0,54.0,12.8,0.0,0.0,0.0,17,1,4,0
TEST-03432,AYAT,2025-11-04 18:00:00,33.69,22.9,0.0,45.0,12.4,0.0,0.0,0.0,18,1,4,0
TEST-01565,AYAT,2025-11-04 19:00:00,38.16,23.6,0.0,57.0,20.6,0.0,0.0,0.0,19,1,4,0
TEST-02837,AYAT,2025-11-04 20:00:00,40.33,21.1,0.0,69.0,7.7,0.0,0.0,0.0,20,1,4,0
TEST-01207,AYAT,2025-11-04 21:00:00,26.83,18.6,0.0,70.0,15.3,0.0,0.0,0.0,21,1,4,0
TEST-00771,AYAT,2025-11-04 22:00:00,20.51,17.5,0.0,69.0,10.0,0.0,0.0,0.0,22,1,4,0
TEST-01904,AYAT,2025-11-04 23:00:00,13.96,16.9,0.0,70.0,6.0,0.0,0.0,0.0,23,1,4,0
TEST-03560,AYAT,2025-11-05 00:00:00,7.78,13.8,0.0,80.0,9.9,0.0,0.0,0.0,0,2,5,0
TEST-01970,AYAT,2025-11-05 01:00:00,4.98,12.6,0.0,78.0,5.0,0.0,0.0,0.0,1,2,5,0
TEST-00288,AYAT,2025-11-05 02:00:00,6.71,11.2,0.0,77.0,25.5,0.0,0.0,0.0,2,2,5,0
TEST-03506,AYAT,2025-11-05 03:00:00,4.27,12.3,0.0,83.0,12.9,0.0,0.0,0.0,3,2,5,0
TEST-03624,AYAT,2025-11-05 04:00:00,9.95,12.9,0.0,80.0,8.5,0.0,0.0,0.0,4,2,5,0
TEST-01851,AYAT,2025-11-05 05:00:00,15.34,13.0,0.0,86.0,13.5,0.0,0.0,0.0,5,2,5,0
TEST-02736,AYAT,2025-11-05 06:00:00,34.44,13.9,0.0,75.0,9.9,0.0,0.0,0.0,6,2,5,0
TEST-00613,AYAT,2025-11-05 07:00:00,45.29,15.7,0.0,86.0,7.4,0.0,0.0,0.0,7,2,5,0
TEST-01635,AYAT,2025-11-05 08:00:00,38.07,18.0,0.0,72.0,7.8,0.0,0.0,0.0,8,2,5,0
TEST-03171,AYAT,2025-11-05 09:00:00,21.54,19.3,0.0,61.0,12.6,0.0,0.0,0.0,9,2,5,0
TEST-02297,AYAT,2025-11-05 10:00:00,16.54,20.7,0.0,61.0,11.2,0.0,0.0,0.0,10,2,5,0
TEST-03736,AYAT,2025-11-05 11:00:00,15.93,21.1,0.0,65.0,8.2,0.0,0.0,0.0,11,2,5,0
TEST-01009,AYAT,2025-11-05 12:00:00,16.83,23.8,0.0,58.0,15.0,0.0,0.0,0.0,12,2,5,0
TEST-00205,AYAT,2025-11-05 13:00:00,17.17,22.9,0.0,56.0,7.5,0.0,0.0,0.0,13,2,5,0
TEST-03230,AYAT,2025-11-05 14:00:00,15.53,25.2,0.0,53.0,8.3,0.0,0.0,0.0,14,2,5,0
TEST-03380,AYAT,2025-11-05 15:00:00,9.15,24.1,0.0,45.0,20.0,0.0,0.0,0.0,15,2,5,0
TEST-01054,AYAT,2025-11-05 16:00:00,20.78,25.4,0.0,56.0,5.1,0.0,0.0,0.0,16,2,5,0
TEST-00868,AYAT,2025-11-05 17:00:00,27.73,24.9,0.0,49.0,8.3,0.0,0.0,0.0,17,2,5,0
TEST-03809,AYAT,2025-11-05 18:00:00,34.55,23.5,0.0,63.0,11.8,0.0,0.0,0.0,18,2,5,0
TEST-03347,AYAT,2025-11-05 19:00:00,39.83,20.8,0.0,55.0,12.0,0.0,0.0,0.0,19,2,5,0
TEST-03217,AYAT,2025-11-05 20:00:00,36.09,17.9,0.0,54.0,10.9,0.0,0.0,0.0,20,2,5,0
TEST-02173,AYAT,2025-11-05 21:00:00,25.93,17.1,0.0,70.0,7.0,0.0,0.0,0.0,21,2,5,0
TEST-01648,AYAT,2025-11-05 22:00:00,19.13,16.1,0.0,65.0,10.1,0.0,0.0,0.0,22,2,5,0
TEST-00482,AYAT,2025-11-05 23:00:00,14.08,14.7,0.0,70.0,8.1,0.0,0.0,0.0,23,2,5,0
TEST-00100,AYAT,2025-11-06 00:00:00,2.1,10.6,0.0,85.0,11.6,0.0,0.0,0.0,0,3,6,0
TEST-02126,AYAT,2025-11-06 01:00:00,1.11,10.5,0.0,85.0,10.5,0.0,0.0,0.0,1,3,6,0
TEST-00783,AYAT,2025-11-06 02:00:00,1.63,9.8,0.0,91.0,11.0,0.0,0.0,0.0,2,3,6,0
TEST-03627,AYAT,2025-11-06 03:00:00,2.11,12.0,0.1,89.0,11.9,1.0,0.0,0.0,3,3,6,0
TEST-03049,AYAT,2025-11-06 04:00:00,6.57,12.1,0.05,81.5,9.95,1.0,0.0,0.0,4,3,6,0
TEST-00951,AYAT,2025-11-06 05:00:00,13.81,12.2,0.0,74.0,8.0,0.0,0.0,0.0,5,3,6,0
TEST-02127,AYAT,2025-11-06 06:00:00,35.56,13.0,0.0,82.0,12.5,0.0,0.0,0.0,6,3,6,0
TEST-00893,AYAT,2025-11-06 07:00:00,48.47,14.3,0.0,71.0,13.1,0.0,0.0,0.0,7,3,6,0
TEST-03440,AYAT,2025-11-06 08:00:00,37.47,17.7,0.0,69.0,15.0,0.0,0.0,0.0,8,3,6,0
TEST-02863,AYAT,2025-11-06 09:00:00,22.37,18.8,0.0,65.0,7.3,0.0,0.0,0.0,9,3,6,0
TEST-02220,AYAT,2025-11-06 10:00:00,18.29,19.3,0.0,69.0,6.9,0.0,0.0,0.0,10,3,6,0
TEST-04025,AYAT,2025-11-06 11:00:00,16.36,19.4,0.0,57.0,8.3,0.0,0.0,0.0,11,3,6,0
TEST-00757,AYAT,2025-11-06 12:00:00,16.86,20.4,0.0,52.0,17.3,0.0,0.0,0.0,12,3,6,0
TEST-00011,AYAT,2025-11-06 13:00:00,17.43,23.2,0.0,58.0,7.7,0.0,0.0,0.0,13,3,6,0
TEST-02945,AYAT,2025-11-06 14:00:00,16.76,25.1,0.0,51.0,6.2,0.0,0.0,0.0,14,3,6,0
TEST-01802,AYAT,2025-11-06 15:00:00,15.47,27.0,0.0,58.0,7.5,0.0,0.0,0.0,15,3,6,0
TEST-00082,AYAT,2025-11-06 16:00:00,18.91,25.7,0.0,49.0,12.2,0.0,0.0,0.0,16,3,6,0
TEST-02577,AYAT,2025-11-06 17:00:00,27.62,22.1,0.0,65.0,8.6,0.0,0.0,0.0,17,3,6,0
TEST-00819,AYAT,2025-11-06 18:00:00,33.31,21.1,0.0,59.0,16.7,0.0,0.0,0.0,18,3,6,0
TEST-00972,AYAT,2025-11-06 19:00:00,39.58,20.6,0.0,64.0,9.3,0.0,0.0,0.0,19,3,6,0
TEST-03673,AYAT,2025-11-06 20:00:00,34.54,19.2,0.0,66.0,14.1,0.0,0.0,0.0,20,3,6,0
TEST-00940,AYAT,2025-11-06 21:00:00,24.36,15.9,0.0,65.0,7.8,0.0,0.0,0.0,21,3,6,0
TEST-00451,AYAT,2025-11-06 22:00:00,18.4,16.5,0.0,76.0,8.2,0.0,0.0,0.0,22,3,6,0
TEST-02152,AYAT,2025-11-06 23:00:00,10.38,15.8,0.0,76.0,12.3,0.0,0.0,0.0,23,3,6,0
TEST-01157,AYAT,2025-11-07 00:00:00,3.27,12.4,0.0,86.0,4.7,0.0,0.0,0.0,0,4,7,0
TEST-00341,AYAT,2025-11-07 01:00:00,1.56,11.8,0.0,85.0,11.0,0.0,0.0,0.0,1,4,7,0
TEST-03938,AYAT,2025-11-07 02:00:00,2.46,11.9,0.0,92.0,6.4,0.0,0.0,0.0,2,4,7,0
TEST-01896,AYAT,2025-11-07 03:00:00,1.08,10.7,0.0,87.0,11.2,0.0,0.0,0.0,3,4,7,0
TEST-03186,AYAT,2025-11-07 04:00:00,4.11,10.1,0.0,84.0,6.8,0.0,0.0,0.0,4,4,7,0
TEST-02635,AYAT,2025-11-07 05:00:00,18.24,13.5,0.0,77.0,13.1,0.0,0.0,0.0,5,4,7,0
TEST-01547,AYAT,2025-11-07 06:00:00,34.44,14.0,0.0,75.0,8.5,0.0,0.0,0.0,6,4,7,0
TEST-00220,AYAT,2025-11-07 07:00:00,47.02,13.9,0.0,87.0,13.4,0.0,0.0,0.0,7,4,7,0
TEST-00182,AYAT,2025-11-07 08:00:00,40.05,15.3,1.2,74.0,12.2,1.0,0.0,0.0,8,4,7,0
TEST-02115,AYAT,2025-11-07 09:00:00,22.03,19.4,0.0,66.5,8.5,0.0,0.0,0.0,9,4,7,0
TEST-02999,AYAT,2025-11-07 10:00:00,19.92,19.4,0.0,59.0,4.9,0.0,0.0,0.0,10,4,7,0
TEST-03335,AYAT,2025-11-07 11:00:00,16.27,20.3,0.0,71.0,9.9,0.0,0.0,0.0,11,4,7,0
TEST-00743,AYAT,2025-11-07 12:00:00,18.72,21.5,0.0,57.0,11.8,0.0,0.0,0.0,12,4,7,0
TEST-02026,AYAT,2025-11-07 13:00:00,19.27,23.1,0.0,50.0,18.1,0.0,0.0,0.0,13,4,7,0
TEST-02842,AYAT,2025-11-07 14:00:00,13.79,23.2,0.0,44.0,13.3,0.0,0.0,0.0,14,4,7,0
TEST-01539,AYAT,2025-11-07 15:00:00,16.77,24.9,0.0,58.0,7.4,0.0,0.0,0.0,15,4,7,0
TEST-00095,AYAT,2025-11-07 16:00:00,15.34,25.7,0.0,52.0,11.2,0.0,0.0,0.0,16,4,7,0
TEST-01275,AYAT,2025-11-07 17:00:00,28.6,23.4,0.0,64.0,14.9,0.0,0.0,0.0,17,4,7,0
TEST-00038,AYAT,2025-11-07 18:00:00,37.21,22.1,0.0,65.0,13.0,0.0,0.0,0.0,18,4,7,0
TEST-02535,AYAT,2025-11-07 19:00:00,42.72,20.2,0.0,67.0,11.6,0.0,0.0,0.0,19,4,7,0
TEST-01334,AYAT,2025-11-07 20:00:00,40.88,21.5,0.0,63.0,26.2,0.0,0.0,0.0,20,4,7,0
TEST-00452,AYAT,2025-11-07 21:00:00,27.64,17.0,0.0,69.0,7.2,0.0,0.0,0.0,21,4,7,0
TEST-02727,AYAT,2025-11-07 22:00:00,18.52,16.0,0.0,81.0,19.3,0.0,0.0,0.0,22,4,7,0
TEST-03656,AYAT,2025-11-07 23:00:00,11.25,12.8,0.0,77.0,10.2,0.0,0.0,0.0,23,4,7,0
TEST-00756,AYAT,2025-11-08 00:00:00,7.94,12.9,0.0,79.0,10.5,0.0,0.0,0.0,0,5,8,1
TEST-00311,AYAT,2025-11-08 01:00:00,4.7,12.3,0.0,84.0,15.4,0.0,0.0,0.0,1,5,8,1
TEST-02030,AYAT,2025-11-08 02:00:00,5.2,11.6,0.0,83.0,5.4,0.0,0.0,0.0,2,5,8,1
TEST-01598,AYAT,2025-11-08 03:00:00,5.05,10.5,0.0,95.0,13.8,0.0,0.0,0.0,3,5,8,1
TEST-01545,AYAT,2025-11-08 04:00:00,4.3,9.8,0.0,84.0,7.3,0.0,0.0,0.0,4,5,8,1
TEST-03369,AYAT,2025-11-08 05:00:00,8.03,11.1,0.0,85.0,18.7,0.0,0.0,0.0,5,5,8,1
TEST-00067,AYAT,2025-11-08 06:00:00,11.06,12.5,0.0,77.0,19.2,0.0,0.0,0.0,6,5,8,1
TEST-01333,AYAT,2025-11-08 07:00:00,13.73,13.3,0.0,71.0,9.1,0.0,0.0,0.0,7,5,8,1
TEST-02384,AYAT,2025-11-08 08:00:00,18.14,14.5,0.0,73.0,7.0,0.0,0.0,0.0,8,5,8,1
TEST-01483,AYAT,2025-11-08 09:00:00,25.86,19.1,0.0,63.0,13.4,0.0,0.0,0.0,9,5,8,1
TEST-00378,AYAT,2025-11-08 10:00:00,31.29,19.3,0.0,66.0,6.4,0.0,0.0,0.0,10,5,8,1
TEST-03505,AYAT,2025-11-08 11:00:00,33.14,20.9,0.0,60.0,3.8,0.0,0.0,0.0,11,5,8,1
TEST-03975,AYAT,2025-11-08 12:00:00,34.78,22.7,0.0,65.0,20.3,0.0,0.0,0.0,12,5,8,1
TEST-00991,AYAT,2025-11-08 13:00:00,35.21,24.0,0.0,58.0,6.3,0.0,0.0,0.0,13,5,8,1
TEST-00088,AYAT,2025-11-08 14:00:00,31.34,23.1,0.0,61.0,12.4,0.0,0.0,0.0,14,5,8,1
TEST-03659,AYAT,2025-11-08 15:00:00,33.07,23.0,0.0,60.0,5.8,0.0,0.0,0.0,15,5,8,1
TEST-00249,AYAT,2025-11-08 16:00:00,33.9,23.4,0.0,59.0,8.4,0.0,0.0,0.0,16,5,8,1
TEST-03035,AYAT,2025-11-08 17:00:00,34.1,23.2,0.0,56.0,7.7,0.0,0.0,0.0,17,5,8,1
TEST-03494,AYAT,2025-11-08 18:00:00,34.78,22.9,0.0,56.0,15.4,0.0,0.0,0.0,18,5,8,1
TEST-02955,AYAT,2025-11-08 19:00:00,33.96,21.35,0.0,63.0,14.0,0.0,0.0,0.0,19,5,8,1
TEST-02825,AYAT,2025-11-08 20:00:00,35.59,19.8,0.0,70.0,12.6,0.0,0.0,0.0,20,5,8,1
TEST-01546,AYAT,2025-11-08 21:00:00,26.02,17.7,0.0,73.0,8.6,0.0,0.0,0.0,21,5,8,1
TEST-00851,AYAT,2025-11-08 22:00:00,17.37,15.2,0.0,75.0,9.0,0.0,0.0,0.0,22,5,8,1
TEST-00374,AYAT,2025-11-08 23:00:00,12.86,14.2,0.0,81.0,3.8,0.0,0.0,0.0,23,5,8,1
TEST-00657,AYAT,2025-11-09 00:00:00,5.13,11.3,0.0,83.0,11.4,0.0,0.0,0.0,0,6,9,1
TEST-01981,AYAT,2025-11-09 01:00:00,4.61,9.3,0.0,89.0,8.3,0.0,0.0,0.0,1,6,9,1
TEST-02471,AYAT,2025-11-09 02:00:00,4.44,9.1,0.0,91.0,13.7,0.0,0.0,0.0,2,6,9,1
TEST-03963,AYAT,2025-11-09 03:00:00,4.18,9.3,0.0,92.0,12.9,0.0,0.0,0.0,3,6,9,1
TEST-01190,AYAT,2025-11-09 04:00:00,4.72,9.3,0.0,88.0,9.5,0.0,0.0,0.0,4,6,9,1
TEST-00087,AYAT,2025-11-09 05:00:00,9.46,9.5,0.0,97.0,17.2,0.0,0.0,0.0,5,6,9,1
TEST-00889,AYAT,2025-11-09 06:00:00,9.67,10.85,0.0,86.5,10.45,0.0,0.0,0.0,6,6,9,1
TEST-02443,AYAT,2025-11-09 07:00:00,15.03,12.2,0.0,76.0,3.7,0.0,0.0,0.0,7,6,9,1
TEST-03419,AYAT,2025-11-09 08:00:00,19.29,15.2,0.0,77.0,6.7,0.0,0.0,0.0,8,6,9,1
TEST-02531,AYAT,2025-11-09 09:00:00,28.0,16.1,0.0,78.0,12.7,0.0,0.0,0.0,9,6,9,1
TEST-01941,AYAT,2025-11-09 10:00:00,31.09,18.3,0.0,63.0,11.6,0.0,0.0,0.0,10,6,9,1
TEST-00735,AYAT,2025-11-09 11:00:00,33.71,19.9,0.0,64.0,12.1,0.0,0.0,0.0,11,6,9,1
TEST-00164,AYAT,2025-11-09 12:00:00,35.44,19.0,0.0,63.0,12.1,0.0,0.0,0.0,12,6,9,1
TEST-03343,AYAT,2025-11-09 13:00:00,34.16,21.4,0.0,53.0,10.2,0.0,0.0,0.0,13,6,9,1
TEST-00825,AYAT,2025-11-09 14:00:00,33.18,23.0,0.0,56.0,8.6,0.0,0.0,0.0,14,6,9,1
TEST-00832,AYAT,2025-11-09 15:00:00,32.9,23.9,0.0,61.0,12.4,0.0,0.0,0.0,15,6,9,1
TEST-02248,AYAT,2025-11-09 16:00:00,34.28,20.6,0.0,62.0,8.2,0.0,0.0,0.0,16,6,9,1
TEST-03650,AYAT,2025-11-09 17:00:00,35.65,20.8,0.0,59.0,22.5,0.0,0.0,0.0,17,6,9,1
TEST-03541,AYAT,2025-11-09 18:00:00,36.58,21.2,0.0,70.0,11.9,0.0,0.0,0.0,18,6,9,1
TEST-03292,AYAT,2025-11-09 19:00:00,37.52,20.4,0.0,64.0,10.6,0.0,0.0,0.0,19,6,9,1
TEST-02367,AYAT,2025-11-09 20:00:00,32.05,15.6,0.0,73.0,7.2,0.0,0.0,0.0,20,6,9,1
TEST-01317,AYAT,2025-11-09 21:00:00,25.62,17.4,0.0,79.0,13.2,0.0,0.0,0.0,21,6,9,1
TEST-02198,AYAT,2025-11-09 22:00:00,16.54,15.9,0.0,82.0,12.5,0.0,0.0,0.0,22,6,9,1
TEST-03337,AYAT,2025-11-09 23:00:00,9.86,14.7,0.0,85.0,15.0,0.0,0.0,0.0,23,6,9,1
TEST-03018,AYAT,2025-11-10 00:00:00,5.82,10.3,0.0,90.0,11.9,0.0,0.0,0.0,0,0,10,0
TEST-03071,AYAT,2025-11-10 01:00:00,5.5,7.8,2.1,94.0,7.5,1.0,0.0,0.0,1,0,10,0
TEST-03006,AYAT,2025-11-10 02:00:00,4.67,8.8,0.0,90.0,13.7,0.0,0.0,0.0,2,0,10,0
TEST-02637,AYAT,2025-11-10 03:00:00,4.92,8.8,0.0,93.0,7.0,0.0,0.0,0.0,3,0,10,0
TEST-03384,AYAT,2025-11-10 04:00:00,5.99,8.3,0.0,96.0,13.5,0.0,0.0,0.0,4,0,10,0
TEST-01863,AYAT,2025-11-10 05:00:00,12.84,9.7,0.0,79.0,10.1,0.0,0.0,0.0,5,0,10,0
TEST-00231,AYAT,2025-11-10 06:00:00,32.8,8.0,0.0,91.0,3.1,0.0,0.0,0.0,6,0,10,0
TEST-00996,AYAT,2025-11-10 07:00:00,46.53,12.0,0.0,90.0,10.3,0.0,0.0,0.0,7,0,10,0
TEST-01059,AYAT,2025-11-10 08:00:00,41.74,11.9,0.0,84.0,6.6,0.0,0.0,0.0,8,0,10,0
TEST-02151,AYAT,2025-11-10 09:00:00,22.36,15.4,0.0,80.0,14.4,0.0,0.0,0.0,9,0,10,0
TEST-00796,AYAT,2025-11-10 10:00:00,17.25,16.1,0.0,76.0,8.3,0.0,0.0,0.0,10,0,10,0
TEST-00639,AYAT,2025-11-10 11:00:00,17.28,17.9,0.0,73.0,9.3,0.0,0.0,0.0,11,0,10,0
TEST-03562,AYAT,2025-11-10 12:00:00,16.83,20.8,0.0,61.0,14.6,0.0,0.0,0.0,12,0,10,0
TEST-01080,AYAT,2025-11-10 13:00:00,18.36,21.0,0.0,58.0,5.7,0.0,0.0,0.0,13,0,10,0
TEST-03012,AYAT,2025-11-10 14:00:00,16.05,19.7,0.0,65.0,12.9,0.0,0.0,0.0,14,0,10,0
TEST-03754,AYAT,2025-11-10 15:00:00,15.4,21.9,0.0,63.0,17.5,0.0,0.0,0.0,15,0,10,0
TEST-00916,AYAT,2025-11-10 16:00:00,18.89,21.4,0.0,57.0,11.8,0.0,0.0,0.0,16,0,10,0
TEST-03120,AYAT,2025-11-10 17:00:00,30.6,20.3,0.0,60.0,6.1,0.0,0.0,0.0,17,0,10,0
TEST-00305,AYAT,2025-11-10 18:00:00,35.9,19.6,0.0,60.0,7.3,0.0,0.0,0.0,18,0,10,0
TEST-01371,AYAT,2025-11-10 19:00:00,41.11,17.2,0.0,71.0,26.7,0.0,0.0,0.0,19,0,10,0
TEST-03425,AYAT,2025-11-10 20:00:00,36.81,17.9,0.0,73.0,13.0,0.0,0.0,0.0,20,0,10,0
TEST-02398,AYAT,2025-11-10 21:00:00,27.43,14.7,0.0,74.0,6.8,0.0,0.0,0.0,21,0,10,0
TEST-02353,AYAT,2025-11-10 22:00:00,18.65,13.8,0.0,64.0,12.1,0.0,0.0,0.0,22,0,10,0
TEST-02996,AYAT,2025-11-10 23:00:00,11.0,12.7,0.0,86.0,7.2,0.0,0.0,0.0,23,0,10,0
TEST-02442,AYAT,2025-11-11 00:00:00,4.6,9.1,0.0,88.0,8.6,0.0,0.0,0.0,0,1,11,0
TEST-00841,AYAT,2025-11-11 01:00:00,5.16,8.3,0.0,82.0,11.6,0.0,0.0,0.0,1,1,11,0
TEST-03923,AYAT,2025-11-11 02:00:00,4.08,8.5,0.0,96.0,8.6,0.0,0.0,0.0,2,1,11,0
TEST-02028,AYAT,2025-11-11 03:00:00,4.77,6.7,0.0,95.0,15.1,0.0,0.0,0.0,3,1,11,0
TEST-00149,AYAT,2025-11-11 04:00:00,6.29,6.9,0.0,93.0,9.0,0.0,0.0,0.0,4,1,11,0
TEST-02766,AYAT,2025-11-11 05:00:00,14.75,8.4,0.0,86.0,11.2,0.0,0.0,0.0,5,1,11,0
TEST-02397,AYAT,2025-11-11 06:00:00,32.27,9.4,0.0,89.0,5.8,0.0,0.0,0.0,6,1,11,0
TEST-01407,AYAT,2025-11-11 07:00:00,43.79,9.8,0.0,91.0,5.9,0.0,0.0,0.0,7,1,11,0
TEST-00065,AYAT,2025-11-11 08:00:00,43.09,14.0,0.0,86.0,7.8,0.0,0.0,0.0,8,1,11,0
TEST-01287,AYAT,2025-11-11 09:00:00,25.12,15.2,0.0,82.0,6.5,0.0,0.0,0.0,9,1,11,0
TEST-01126,AYAT,2025-11-11 10:00:00,17.53,16.4,0.0,72.0,12.1,0.0,0.0,0.0,10,1,11,0
TEST-00655,AYAT,2025-11-11 11:00:00,19.53,17.4,0.0,66.0,11.7,0.0,0.0,0.0,11,1,11,0
TEST-03852,AYAT,2025-11-11 12:00:00,18.15,20.1,0.0,71.0,15.1,0.0,0.0,0.0,12,1,11,0
TEST-03333,AYAT,2025-11-11 13:00:00,17.91,19.8,0.0,77.0,9.4,0.0,0.0,0.0,13,1,11,0
TEST-01776,AYAT,2025-11-11 14:00:00,16.33,19.6,0.0,60.0,10.7,0.0,0.0,0.0,14,1,11,0
TEST-02781,AYAT,2025-11-11 15:00:00,15.6,22.6,0.0,58.0,12.4,0.0,0.0,0.0,15,1,11,0
TEST-01884,AYAT,2025-11-11 16:00:00,18.75,20.6,0.0,65.0,8.9,0.0,0.0,0.0,16,1,11,0
TEST-02147,AYAT,2025-11-11 17:00:00,28.4,20.4,0.0,62.0,8.3,0.0,0.0,0.0,17,1,11,0
TEST-03298,AYAT,2025-11-11 18:00:00,35.87,17.1,0.0,59.0,11.2,0.0,0.0,0.0,18,1,11,0
TEST-01614,AYAT,2025-11-11 19:00:00,42.43,17.2,0.2,67.0,9.7,1.0,0.0,0.0,19,1,11,0
TEST-00281,AYAT,2025-11-11 20:00:00,36.63,17.3,0.0,82.0,7.2,0.0,0.0,0.0,20,1,11,0
TEST-01617,AYAT,2025-11-11 21:00:00,26.14,13.7,0.0,85.0,11.7,0.0,0.0,0.0,21,1,11,0
TEST-01221,AYAT,2025-11-11 22:00:00,18.31,12.6,0.0,86.0,4.0,0.0,0.0,0.0,22,1,11,0
TEST-02426,AYAT,2025-11-11 23:00:00,10.56,12.6,0.0,80.0,9.2,0.0,0.0,0.0,23,1,11,0
TEST-01328,AYAT,2025-11-12 00:00:00,4.57,10.2,0.0,83.0,10.5,0.0,0.0,0.0,0,2,12,0
TEST-00299,AYAT,2025-11-12 01:00:00,4.09,10.3,0.0,83.0,11.7,0.0,0.0,0.0,1,2,12,0
TEST-01493,AYAT,2025-11-12 02:00:00,4.72,9.2,0.0,94.0,11.6,0.0,0.0,0.0,2,2,12,0
TEST-02284,AYAT,2025-11-12 03:00:00,5.45,7.7,0.0,95.0,6.2,0.0,0.0,0.0,3,2,12,0
TEST-00014,AYAT,2025-11-12 04:00:00,6.54,8.1,0.0,97.0,10.8,0.0,0.0,0.0,4,2,12,0
TEST-01621,AYAT,2025-11-12 05:00:00,17.03,7.4,0.0,95.0,4.4,0.0,0.0,0.0,5,2,12,0
TEST-01380,AYAT,2025-11-12 06:00:00,31.11,11.2,0.0,88.0,9.0,0.0,0.0,0.0,6,2,12,0
TEST-02467,AYAT,2025-11-12 07:00:00,42.45,10.5,0.0,79.0,18.7,0.0,0.0,0.0,7,2,12,0
TEST-01521,AYAT,2025-11-12 08:00:00,38.12,12.7,0.0,85.0,11.2,0.0,0.0,0.0,8,2,12,0
TEST-02417,AYAT,2025-11-12 09:00:00,26.32,13.1,2.6,82.0,10.4,1.0,0.0,0.0,9,2,12,0
TEST-00702,AYAT,2025-11-12 10:00:00,17.88,16.7,0.0,71.0,12.3,0.0,0.0,0.0,10,2,12,0
TEST-02435,AYAT,2025-11-12 11:00:00,21.88,18.4,0.2,67.0,5.5,1.0,0.0,0.0,11,2,12,0
TEST-01706,AYAT,2025-11-12 12:00:00,17.76,18.0,0.0,62.0,13.0,0.0,0.0,0.0,12,2,12,0
TEST-03657,AYAT,2025-11-12 13:00:00,18.43,21.7,0.0,60.0,6.5,0.0,0.0,0.0,13,2,12,0
TEST-03707,AYAT,2025-11-12 14:00:00,16.95,21.6,0.0,75.0,12.5,0.0,0.0,0.0,14,2,12,0
TEST-00505,AYAT,2025-11-12 15:00:00,16.73,21.4,0.1,71.0,10.6,1.0,0.0,0.0,15,2,12,0
TEST-00525,AYAT,2025-11-12 16:00:00,20.03,21.9,0.0,59.0,5.2,0.0,0.0,0.0,16,2,12,0
TEST-00543,AYAT,2025-11-12 17:00:00,28.4,18.9,0.0,66.0,14.0,0.0,0.0,0.0,17,2,12,0
TEST-03939,AYAT,2025-11-12 18:00:00,37.77,17.4,0.0,68.0,6.8,0.0,0.0,0.0,18,2,12,0
TEST-02094,AYAT,2025-11-12 19:00:00,40.04,16.5,0.0,61.0,10.2,0.0,0.0,0.0,19,2,12,0
TEST-00495,AYAT,2025-11-12 20:00:00,34.29,16.7,0.0,64.0,8.7,0.0,0.0,0.0,20,2,12,0
TEST-01895,AYAT,2025-11-12 21:00:00,24.89,16.1,0.0,74.0,13.8,0.0,0.0,0.0,21,2,12,0
TEST-01205,AYAT,2025-11-12 22:00:00,21.74,13.2,1.2,71.0,14.1,1.0,0.0,0.0,22,2,12,0
TEST-00872,AYAT,2025-11-12 23:00:00,10.14,10.6,0.0,90.0,21.8,0.0,0.0,0.0,23,2,12,0
TEST-02373,AYAT,2025-11-13 00:00:00,5.34,10.5,0.8,88.5,8.8,1.0,0.0,0.0,0,3,13,0
TEST-03603,AYAT,2025-11-13 01:00:00,4.13,11.2,0.0,87.0,14.0,0.0,0.0,0.0,1,3,13,0
TEST-02669,AYAT,2025-11-13 02:00:00,4.69,9.0,0.0,99.0,14.4,0.0,0.0,0.0,2,3,13,0
TEST-01033,AYAT,2025-11-13 03:00:00,4.37,8.9,0.0,86.0,12.7,0.0,0.0,0.0,3,3,13,0
TEST-00325,AYAT,2025-11-13 04:00:00,6.86,7.9,1.2,96.0,5.7,1.0,0.0,0.0,4,3,13,0
TEST-01581,AYAT,2025-11-13 05:00:00,15.38,9.1,0.0,91.0,8.1,0.0,0.0,0.0,5,3,13,0
TEST-00552,AYAT,2025-11-13 06:00:00,33.83,9.1,0.0,99.0,5.5,0.0,0.0,0.0,6,3,13,0
TEST-03212,AYAT,2025-11-13 07:00:00,45.28,13.4,0.0,85.0,4.7,0.0,0.0,0.0,7,3,13,0
TEST-02386,AYAT,2025-11-13 08:00:00,39.4,15.0,0.0,77.0,14.1,0.0,0.0,0.0,8,3,13,0
TEST-02053,AYAT,2025-11-13 09:00:00,25.01,15.1,0.0,73.0,4.6,0.0,0.0,0.0,9,3,13,0
TEST-00021,AYAT,2025-11-13 10:00:00,17.36,18.3,0.0,62.0,8.9,0.0,0.0,0.0,10,3,13,0
TEST-01887,AYAT,2025-11-13 11:00:00,17.59,17.4,0.0,72.0,7.7,0.0,0.0,0.0,11,3,13,0
TEST-02251,AYAT,2025-11-13 12:00:00,17.35,18.2,0.0,64.0,13.1,0.0,0.0,0.0,12,3,13,0
TEST-03043,AYAT,2025-11-13 13:00:00,22.52,19.0,0.8,86.0,14.7,1.0,0.0,0.0,13,3,13,0
TEST-00344,AYAT,2025-11-13 14:00:00,21.92,19.0,3.6,75.0,4.4,1.0,0.0,0.0,14,3,13,0
TEST-02246,AYAT,2025-11-13 15:00:00,31.33,21.2,25.7,84.0,9.8,1.0,0.0,0.0,15,3,13,0
TEST-03229,AYAT,2025-11-13 16:00:00,38.15,19.3,3.0,85.0,9.6,1.0,0.0,0.0,16,3,13,0
TEST-00857,AYAT,2025-11-13 17:00:00,52.25,19.3,3.6,82.0,15.5,1.0,0.0,0.0,17,3,13,0
TEST-02894,AYAT,2025-11-13 18:00:00,49.88,19.5,3.6,82.0,9.1,1.0,0.0,0.0,18,3,13,0
TEST-02091,AYAT,2025-11-13 19:00:00,43.44,20.5,0.3,68.0,12.0,1.0,0.0,0.0,19,3,13,0
TEST-00593,AYAT,2025-11-13 20:00:00,35.53,16.6,0.0,62.0,16.8,0.0,0.0,0.0,20,3,13,0
TEST-00440,AYAT,2025-11-13 21:00:00,26.29,15.2,0.0,81.0,15.7,0.0,0.0,0.0,21,3,13,0
TEST-02988,AYAT,2025-11-13 22:00:00,20.59,14.9,0.0,87.0,24.1,0.0,0.0,0.0,22,3,13,0
TEST-01525,AYAT,2025-11-13 23:00:00,15.29,11.9,1.0,91.0,6.9,1.0,0.0,0.0,23,3,13,0
TEST-00719,AYAT,2025-11-14 00:00:00,5.06,12.3,0.0,82.0,8.6,0.0,0.0,0.0,0,4,14,0
TEST-02494,AYAT,2025-11-14 01:00:00,4.34,10.9,0.0,90.0,13.8,0.0,0.0,0.0,1,4,14,0
TEST-03344,AYAT,2025-11-14 02:00:00,5.31,9.8,0.0,97.0,3.6,0.0,0.0,0.0,2,4,14,0
TEST-03070,AYAT,2025-11-14 03:00:00,3.91,8.9,0.0,82.0,11.6,0.0,0.0,0.0,3,4,14,0
TEST-02311,AYAT,2025-11-14 04:00:00,5.23,9.3,0.0,92.0,15.9,0.0,0.0,0.0,4,4,14,0
TEST-02730,AYAT,2025-11-14 05:00:00,13.34,8.8,0.0,90.0,15.5,0.0,0.0,0.0,5,4,14,0
TEST-00898,AYAT,2025-11-14 06:00:00,31.09,12.0,0.0,77.0,12.1,0.0,0.0,0.0,6,4,14,0
TEST-03387,AYAT,2025-11-14 07:00:00,45.99,13.5,0.0,89.0,3.7,0.0,0.0,0.0,7,4,14,0
TEST-01667,AYAT,2025-11-14 08:00:00,39.27,14.9,0.0,78.0,22.1,0.0,0.0,0.0,8,4,14,0
TEST-00006,AYAT,2025-11-14 09:00:00,22.34,16.7,0.0,73.0,13.2,0.0,0.0,0.0,9,4,14,0
TEST-02130,AYAT,2025-11-14 10:00:00,16.54,18.15,0.0,69.5,13.7,0.0,0.0,0.0,10,4,14,0
TEST-00966,AYAT,2025-11-14 11:00:00,16.51,19.6,0.0,66.0,14.2,0.0,0.0,0.0,11,4,14,0
TEST-03793,AYAT,2025-11-14 12:00:00,18.29,21.2,0.0,60.5,7.9,0.0,0.0,0.0,12,4,14,0
TEST-03240,AYAT,2025-11-14 13:00:00,17.73,21.5,0.0,55.0,16.1,0.0,0.0,0.0,13,4,14,0
TEST-02569,AYAT,2025-11-14 14:00:00,16.14,22.8,0.0,62.0,15.1,0.0,0.0,0.0,14,4,14,0
TEST-03749,AYAT,2025-11-14 15:00:00,15.68,21.7,0.0,61.0,18.0,0.0,0.0,0.0,15,4,14,0
TEST-01350,AYAT,2025-11-14 16:00:00,18.96,22.5,0.0,66.0,18.3,0.0,0.0,0.0,16,4,14,0
TEST-03030,AYAT,2025-11-14 17:00:00,31.5,22.4,0.0,66.0,6.5,0.0,0.0,0.0,17,4,14,0
TEST-00183,AYAT,2025-11-14 18:00:00,38.3,20.4,0.0,61.0,10.6,0.0,0.0,0.0,18,4,14,0
TEST-03044,AYAT,2025-11-14 19:00:00,49.92,20.1,0.0,68.0,8.1,0.0,0.0,0.0,19,4,14,0
TEST-02342,AYAT,2025-11-14 20:00:00,40.52,17.6,0.0,71.0,6.0,0.0,0.0,0.0,20,4,14,0
TEST-02360,AYAT,2025-11-14 21:00:00,27.87,16.1,0.0,84.0,4.4,0.0,0.0,0.0,21,4,14,0
TEST-02191,AYAT,2025-11-14 22:00:00,21.07,14.9,0.0,78.0,3.7,0.0,0.0,0.0,22,4,14,0
TEST-01789,AYAT,2025-11-14 23:00:00,10.47,11.5,0.0,86.0,8.4,0.0,0.0,0.0,23,4,14,0
TEST-03783,BOLE,2025-11-01 00:00:00,91.92,14.2,0.0,85.0,5.7,0.0,0.0,0.0,0,5,1,1
TEST-01603,BOLE,2025-11-01 01:00:00,52.67,10.9,0.0,88.0,9.8,0.0,1.0,0.0,1,5,1,1
TEST-00651,BOLE,2025-11-01 02:00:00,31.07,11.2,0.0,83.0,9.4,0.0,0.0,0.0,2,5,1,1
TEST-02501,BOLE,2025-11-01 03:00:00,28.23,10.4,0.0,78.0,9.8,0.0,0.0,0.0,3,5,1,1
TEST-01445,BOLE,2025-11-01 04:00:00,34.25,11.5,0.0,83.0,13.4,0.0,1.0,0.0,4,5,1,1
TEST-03925,BOLE,2025-11-01 05:00:00,47.84,12.2,0.0,87.0,7.0,0.0,0.0,0.0,5,5,1,1
TEST-02710,BOLE,2025-11-01 06:00:00,56.65,13.2,0.0,84.0,7.8,0.0,0.0,0.0,6,5,1,1
TEST-03525,BOLE,2025-11-01 07:00:00,38.88,15.1,0.0,67.0,13.3,0.0,0.0,0.0,7,5,1,1
TEST-03940,BOLE,2025-11-01 08:00:00,25.71,16.1,0.0,79.0,8.0,0.0,0.0,0.0,8,5,1,1
TEST-01752,BOLE,2025-11-01 09:00:00,26.77,17.8,0.0,69.0,7.8,0.0,1.0,0.0,9,5,1,1
TEST-00259,BOLE,2025-11-01 10:00:00,29.89,19.3,0.0,67.0,7.2,0.0,1.0,0.0,10,5,1,1
TEST-03550,BOLE,2025-11-01 11:00:00,38.26,21.1,0.0,59.0,14.6,0.0,0.0,0.0,11,5,1,1
TEST-00814,BOLE,2025-11-01 12:00:00,43.45,22.9,0.0,56.0,6.1,0.0,1.0,0.0,12,5,1,1
TEST-01959,BOLE,2025-11-01 13:00:00,57.61,21.8,0.0,48.0,17.9,0.0,1.0,0.0,13,5,1,1
TEST-01457,BOLE,2025-11-01 14:00:00,50.88,25.5,0.0,54.0,8.3,0.0,0.0,0.0,14,5,1,1
TEST-03473,BOLE,2025-11-01 15:00:00,52.76,23.9,0.0,56.0,6.4,0.0,0.0,0.0,15,5,1,1
TEST-00398,BOLE,2025-11-01 16:00:00,46.3,24.2,0.0,51.0,4.1,0.0,1.0,0.0,16,5,1,1
TEST-03744,BOLE,2025-11-01 17:00:00,53.45,22.8,0.0,60.0,7.1,0.0,0.0,0.0,17,5,1,1
TEST-00399,BOLE,2025-11-01 18:00:00,61.11,22.4,0.0,65.0,9.3,0.0,1.0,0.0,18,5,1,1
TEST-00914,BOLE,2025-11-01 19:00:00,68.45,22.8,0.0,56.0,21.6,0.0,1.0,0.0,19,5,1,1
TEST-03060,BOLE,2025-11-01 20:00:00,75.99,20.1,0.0,64.0,10.9,0.0,0.0,0.0,20,5,1,1
TEST-00477,BOLE,2025-11-01 21:00:00,96.66,17.0,0.0,65.0,12.9,0.0,0.0,0.0,21,5,1,1
TEST-02489,BOLE,2025-11-01 22:00:00,105.78,15.4,0.0,73.0,11.0,0.0,0.0,0.0,22,5,1,1
TEST-00350,BOLE,2025-11-01 23:00:00,108.67,14.6,0.0,80.0,14.1,0.0,1.0,0.0,23,5,1,1
TEST-03620,BOLE,2025-11-02 00:00:00,87.85,13.1,0.0,84.0,14.9,0.0,0.0,0.0,0,6,2,1
TEST-01985,BOLE,2025-11-02 01:00:00,55.25,11.0,0.0,84.0,3.8,0.0,1.0,0.0,1,6,2,1
TEST-01590,BOLE,2025-11-02 02:00:00,28.43,10.7,0.0,82.0,16.2,0.0,1.0,0.0,2,6,2,1
TEST-03334,BOLE,2025-11-02 03:00:00,26.61,11.0,0.0,81.0,11.9,0.0,0.0,0.0,3,6,2,1
TEST-00330,BOLE,2025-11-02 04:00:00,28.61,11.7,0.0,94.0,10.4,0.0,1.0,0.0,4,6,2,1
TEST-00762,BOLE,2025-11-02 05:00:00,50.23,11.9,0.0,82.0,16.0,0.0,1.0,0.0,5,6,2,1
TEST-03667,BOLE,2025-11-02 06:00:00,56.42,12.9,0.0,73.0,12.7,0.0,0.0,0.0,6,6,2,1
TEST-03019,BOLE,2025-11-02 07:00:00,39.83,16.0,0.0,83.0,9.1,0.0,0.0,0.0,7,6,2,1
TEST-00178,BOLE,2025-11-02 08:00:00,22.14,16.1,0.0,74.0,17.1,0.0,1.0,0.0,8,6,2,1
TEST-02276,BOLE,2025-11-02 09:00:00,30.58,18.5,0.2,67.0,11.2,1.0,0.0,0.0,9,6,2,1
TEST-01816,BOLE,2025-11-02 10:00:00,31.12,20.1,0.0,65.0,13.7,0.0,1.0,0.0,10,6,2,1
TEST-01004,BOLE,2025-11-02 11:00:00,35.42,21.5,0.0,60.0,15.3,0.0,1.0,0.0,11,6,2,1
TEST-00174,BOLE,2025-11-02 12:00:00,43.67,23.5,0.3,53.0,5.6,1.0,1.0,0.0,12,6,2,1
TEST-01831,BOLE,2025-11-02 13:00:00,50.09,24.2,0.15,57.5,5.25,1.0,1.0,0.0,13,6,2,1
TEST-00057,BOLE,2025-11-02 14:00:00,48.04,24.9,0.0,62.0,4.9,0.0,1.0,0.0,14,6,2,1
TEST-00507,BOLE,2025-11-02 15:00:00,50.41,24.3,0.6,69.0,15.0,1.0,0.0,0.0,15,6,2,1
TEST-02046,BOLE,2025-11-02 16:00:00,47.58,24.9,0.0,56.0,6.9,0.0,1.0,0.0,16,6,2,1
TEST-01778,BOLE,2025-11-02 17:00:00,79.21,22.8,13.0,65.0,4.1,1.0,1.0,0.0,17,6,2,1
TEST-00442,BOLE,2025-11-02 18:00:00,62.79,23.7,0.0,57.0,12.0,0.0,1.0,0.0,18,6,2,1
TEST-00200,BOLE,2025-11-02 19:00:00,63.95,21.0,0.0,60.0,8.6,0.0,1.0,0.0,19,6,2,1
TEST-01236,BOLE,2025-11-02 20:00:00,67.15,18.9,0.0,62.0,20.8,0.0,1.0,0.0,20,6,2,1
TEST-02497,BOLE,2025-11-02 21:00:00,71.19,18.3,0.0,64.0,6.8,0.0,0.0,0.0,21,6,2,1
TEST-01399,BOLE,2025-11-02 22:00:00,64.13,15.6,0.0,72.0,13.5,0.0,1.0,0.0,22,6,2,1
TEST-03008,BOLE,2025-11-02 23:00:00,56.86,15.7,0.0,75.0,8.9,0.0,0.0,0.0,23,6,2,1
TEST-04028,BOLE,2025-11-03 00:00:00,14.44,13.8,0.0,80.0,15.5,0.0,0.0,0.0,0,0,3,0
TEST-03890,BOLE,2025-11-03 01:00:00,11.07,11.9,0.0,86.0,7.5,0.0,0.0,0.0,1,0,3,0
TEST-03993,BOLE,2025-11-03 02:00:00,14.65,12.9,0.0,78.0,7.0,0.0,0.0,0.0,2,0,3,0
TEST-02706,BOLE,2025-11-03 03:00:00,15.66,14.3,0.0,85.0,14.8,0.0,0.0,0.0,3,0,3,0
TEST-02640,BOLE,2025-11-03 04:00:00,29.84,12.4,0.0,84.0,7.4,0.0,0.0,0.0,4,0,3,0
TEST-03406,BOLE,2025-11-03 05:00:00,59.09,12.8,0.0,84.0,7.8,0.0,0.0,0.0,5,0,3,0
TEST-01259,BOLE,2025-11-03 06:00:00,72.82,14.2,0.0,82.0,13.7,0.0,1.0,0.0,6,0,3,0
TEST-02087,BOLE,2025-11-03 07:00:00,64.79,15.2,0.0,65.0,10.3,0.0,0.0,0.0,7,0,3,0
TEST-03718,BOLE,2025-11-03 08:00:00,50.53,16.0,0.0,69.0,10.7,0.0,0.0,0.0,8,0,3,0
TEST-03329,BOLE,2025-11-03 09:00:00,45.52,19.9,0.0,71.0,12.8,0.0,0.0,0.0,9,0,3,0
TEST-00267,BOLE,2025-11-03 10:00:00,37.29,18.0,0.0,64.0,17.1,0.0,1.0,0.0,10,0,3,0
TEST-03546,BOLE,2025-11-03 11:00:00,36.11,19.9,0.0,67.0,12.1,0.0,0.0,0.0,11,0,3,0
TEST-01925,BOLE,2025-11-03 12:00:00,41.32,22.8,0.0,58.0,7.2,0.0,1.0,0.0,12,0,3,0
TEST-02448,BOLE,2025-11-03 13:00:00,44.66,24.8,0.0,54.0,12.6,0.0,0.0,0.0,13,0,3,0
TEST-02568,BOLE,2025-11-03 14:00:00,46.89,24.8,0.0,46.0,13.3,0.0,0.0,0.0,14,0,3,0
TEST-02472,BOLE,2025-11-03 15:00:00,40.2,25.6,0.0,41.0,11.9,0.0,0.0,0.0,15,0,3,0
TEST-03493,BOLE,2025-11-03 16:00:00,39.57,25.3,0.0,51.0,15.5,0.0,0.0,0.0,16,0,3,0
TEST-00730,BOLE,2025-11-03 17:00:00,41.98,24.0,0.0,55.0,11.0,0.0,0.0,0.0,17,0,3,0
TEST-01714,BOLE,2025-11-03 18:00:00,58.22,24.4,0.0,61.0,8.3,0.0,1.0,0.0,18,0,3,0
TEST-03895,BOLE,2025-11-03 19:00:00,65.21,21.6,0.0,63.0,7.9,0.0,0.0,0.0,19,0,3,0
TEST-01199,BOLE,2025-11-03 20:00:00,64.75,19.8,0.0,60.0,7.7,0.0,1.0,0.0,20,0,3,0
TEST-03423,BOLE,2025-11-03 21:00:00,51.86,19.9,0.0,61.0,6.6,0.0,0.0,0.0,21,0,3,0
TEST-02588,BOLE,2025-11-03 22:00:00,33.07,18.3,0.0,66.0,10.8,0.0,0.0,0.0,22,0,3,0
TEST-01464,BOLE,2025-11-03 23:00:00,21.77,13.7,0.0,87.0,5.8,0.0,0.0,0.0,23,0,3,0
TEST-00523,BOLE,2025-11-04 00:00:00,16.27,12.9,0.0,72.0,13.9,0.0,0.0,0.0,0,1,4,0
TEST-01628,BOLE,2025-11-04 01:00:00,14.31,13.2,0.0,69.0,9.0,0.0,1.0,0.0,1,1,4,0
TEST-01708,BOLE,2025-11-04 02:00:00,10.59,11.8,0.0,78.0,10.9,0.0,1.0,0.0,2,1,4,0
TEST-00748,BOLE,2025-11-04 03:00:00,13.09,11.5,0.0,89.0,15.9,0.0,1.0,0.0,3,1,4,0
TEST-00403,BOLE,2025-11-04 04:00:00,30.1,11.2,0.3,85.0,7.5,1.0,1.0,0.0,4,1,4,0
TEST-01920,BOLE,2025-11-04 05:00:00,60.37,13.2,0.0,86.0,8.4,0.0,1.0,0.0,5,1,4,0
TEST-02838,BOLE,2025-11-04 06:00:00,75.26,14.0,0.0,81.0,10.9,0.0,0.0,0.0,6,1,4,0
TEST-02581,BOLE,2025-11-04 07:00:00,70.27,14.7,0.0,81.0,13.7,0.0,0.0,0.0,7,1,4,0
TEST-03584,BOLE,2025-11-04 08:00:00,53.27,16.9,0.0,71.0,16.3,0.0,0.0,0.0,8,1,4,0
TEST-01982,BOLE,2025-11-04 09:00:00,42.54,18.5,0.0,64.0,13.7,0.0,1.0,0.0,9,1,4,0
TEST-01764,BOLE,2025-11-04 10:00:00,34.12,21.5,0.0,68.0,8.7,0.0,1.0,0.0,10,1,4,0
TEST-03273,BOLE,2025-11-04 11:00:00,36.5,22.0,0.0,61.0,6.6,0.0,0.0,0.0,11,1,4,0
TEST-02667,BOLE,2025-11-04 12:00:00,41.81,23.7,0.0,63.0,12.5,0.0,0.0,0.0,12,1,4,0
TEST-01388,BOLE,2025-11-04 13:00:00,51.57,23.6,0.3,54.0,14.0,1.0,1.0,0.0,13,1,4,0
TEST-00501,BOLE,2025-11-04 14:00:00,45.29,26.3,0.0,45.0,6.6,0.0,0.0,0.0,14,1,4,0
TEST-00595,BOLE,2025-11-04 15:00:00,42.51,25.2,0.0,51.0,9.0,0.0,0.0,0.0,15,1,4,0
TEST-00600,BOLE,2025-11-04 16:00:00,46.21,25.5,0.3,42.0,8.6,1.0,0.0,0.0,16,1,4,0
TEST-02036,BOLE,2025-11-04 17:00:00,44.41,24.1,0.0,54.0,12.8,0.0,1.0,0.0,17,1,4,0
TEST-02485,BOLE,2025-11-04 18:00:00,59.76,22.9,0.0,45.0,12.4,0.0,0.0,0.0,18,1,4,0
TEST-00910,BOLE,2025-11-04 19:00:00,57.92,23.6,0.0,57.0,20.6,0.0,1.0,0.0,19,1,4,0
TEST-02283,BOLE,2025-11-04 20:00:00,66.06,21.1,0.0,69.0,7.7,0.0,0.0,0.0,20,1,4,0
TEST-02232,BOLE,2025-11-04 21:00:00,45.09,18.6,0.0,70.0,15.3,0.0,0.0,0.0,21,1,4,0
TEST-01781,BOLE,2025-11-04 22:00:00,35.15,17.5,0.0,69.0,10.0,0.0,1.0,0.0,22,1,4,0
TEST-03652,BOLE,2025-11-04 23:00:00,24.81,16.9,0.0,70.0,6.0,0.0,0.0,0.0,23,1,4,0
TEST-02214,BOLE,2025-11-05 00:00:00,14.84,13.8,0.0,80.0,9.9,0.0,0.0,0.0,0,2,5,0
TEST-03143,BOLE,2025-11-05 01:00:00,12.39,12.6,0.0,78.0,5.0,0.0,0.0,0.0,1,2,5,0
TEST-03448,BOLE,2025-11-05 02:00:00,11.75,11.2,0.0,77.0,25.5,0.0,0.0,0.0,2,2,5,0
TEST-00745,BOLE,2025-11-05 03:00:00,13.99,12.3,0.0,83.0,12.9,0.0,1.0,0.0,3,2,5,0
TEST-03189,BOLE,2025-11-05 04:00:00,32.15,12.9,0.0,80.0,8.5,0.0,0.0,0.0,4,2,5,0
TEST-03192,BOLE,2025-11-05 05:00:00,56.93,13.0,0.0,86.0,13.5,0.0,0.0,0.0,5,2,5,0
TEST-00055,BOLE,2025-11-05 06:00:00,72.62,13.9,0.0,75.0,9.9,0.0,1.0,0.0,6,2,5,0
TEST-00693,BOLE,2025-11-05 07:00:00,67.07,15.7,0.0,86.0,7.4,0.0,0.0,0.0,7,2,5,0
TEST-01888,BOLE,2025-11-05 08:00:00,52.26,18.0,0.0,72.0,7.8,0.0,1.0,0.0,8,2,5,0
TEST-03098,BOLE,2025-11-05 09:00:00,45.1,19.3,0.0,61.0,12.6,0.0,0.0,0.0,9,2,5,0
TEST-03322,BOLE,2025-11-05 10:00:00,36.75,20.7,0.0,61.0,11.2,0.0,0.0,0.0,10,2,5,0
TEST-03875,BOLE,2025-11-05 11:00:00,35.05,21.1,0.0,65.0,8.2,0.0,0.0,0.0,11,2,5,0
TEST-03073,BOLE,2025-11-05 12:00:00,43.0,23.8,0.0,58.0,15.0,0.0,0.0,0.0,12,2,5,0
TEST-01411,BOLE,2025-11-05 13:00:00,45.07,22.9,0.0,56.0,7.5,0.0,1.0,0.0,13,2,5,0
TEST-00645,BOLE,2025-11-05 14:00:00,41.96,25.2,0.0,53.0,8.3,0.0,0.0,0.0,14,2,5,0
TEST-03706,BOLE,2025-11-05 15:00:00,37.73,24.1,0.0,45.0,20.0,0.0,0.0,0.0,15,2,5,0
TEST-01917,BOLE,2025-11-05 16:00:00,42.71,25.4,0.0,56.0,5.1,0.0,1.0,0.0,16,2,5,0
TEST-02578,BOLE,2025-11-05 17:00:00,49.61,24.9,0.0,49.0,8.3,0.0,0.0,0.0,17,2,5,0
TEST-02631,BOLE,2025-11-05 18:00:00,64.66,23.5,0.0,63.0,11.8,0.0,0.0,0.0,18,2,5,0
TEST-03469,BOLE,2025-11-05 19:00:00,66.05,20.8,0.0,55.0,12.0,0.0,1.0,0.0,19,2,5,0
TEST-01104,BOLE,2025-11-05 20:00:00,63.26,17.9,0.0,54.0,10.9,0.0,1.0,0.0,20,2,5,0
TEST-00459,BOLE,2025-11-05 21:00:00,42.6,17.1,0.0,70.0,7.0,0.0,1.0,0.0,21,2,5,0
TEST-01454,BOLE,2025-11-05 22:00:00,35.72,16.1,0.0,65.0,10.1,0.0,1.0,0.0,22,2,5,0
TEST-00795,BOLE,2025-11-05 23:00:00,36.75,14.7,0.0,70.0,8.1,0.0,1.0,0.0,23,2,5,0
TEST-02622,BOLE,2025-11-06 00:00:00,24.73,10.6,0.0,85.0,11.6,0.0,0.0,0.0,0,3,6,0
TEST-03943,BOLE,2025-11-06 01:00:00,12.73,10.5,0.0,85.0,10.5,0.0,0.0,0.0,1,3,6,0
TEST-02607,BOLE,2025-11-06 02:00:00,9.04,9.8,0.0,91.0,11.0,0.0,0.0,0.0,2,3,6,0
TEST-00887,BOLE,2025-11-06 03:00:00,11.9,12.0,0.1,89.0,11.9,1.0,1.0,0.0,3,3,6,0
TEST-00673,BOLE,2025-11-06 04:00:00,30.55,12.1,0.05,81.5,9.95,1.0,0.0,0.0,4,3,6,0
TEST-01449,BOLE,2025-11-06 05:00:00,58.26,12.2,0.0,74.0,8.0,0.0,1.0,0.0,5,3,6,0
TEST-02322,BOLE,2025-11-06 06:00:00,71.85,13.0,0.0,82.0,12.5,0.0,0.0,0.0,6,3,6,0
TEST-00975,BOLE,2025-11-06 07:00:00,67.96,14.3,0.0,71.0,13.1,0.0,1.0,0.0,7,3,6,0
TEST-00987,BOLE,2025-11-06 08:00:00,53.32,17.7,0.0,69.0,15.0,0.0,1.0,0.0,8,3,6,0
TEST-01664,BOLE,2025-11-06 09:00:00,46.64,18.8,0.0,65.0,7.3,0.0,1.0,0.0,9,3,6,0
TEST-02565,BOLE,2025-11-06 10:00:00,37.74,19.3,0.0,69.0,6.9,0.0,0.0,0.0,10,3,6,0
TEST-02259,BOLE,2025-11-06 11:00:00,37.09,19.4,0.0,57.0,8.3,0.0,0.0,0.0,11,3,6,0
TEST-03274,BOLE,2025-11-06 12:00:00,41.81,20.4,0.0,52.0,17.3,0.0,0.0,0.0,12,3,6,0
TEST-00680,BOLE,2025-11-06 13:00:00,44.31,23.2,0.0,58.0,7.7,0.0,0.0,0.0,13,3,6,0
TEST-02457,BOLE,2025-11-06 14:00:00,44.46,25.1,0.0,51.0,6.2,0.0,0.0,0.0,14,3,6,0
TEST-02540,BOLE,2025-11-06 15:00:00,40.62,27.0,0.0,58.0,7.5,0.0,0.0,0.0,15,3,6,0
TEST-00664,BOLE,2025-11-06 16:00:00,42.09,25.7,0.0,49.0,12.2,0.0,0.0,0.0,16,3,6,0
TEST-00575,BOLE,2025-11-06 17:00:00,40.44,22.1,0.0,65.0,8.6,0.0,0.0,0.0,17,3,6,0
TEST-02976,BOLE,2025-11-06 18:00:00,53.88,21.1,0.0,59.0,16.7,0.0,0.0,0.0,18,3,6,0
TEST-01355,BOLE,2025-11-06 19:00:00,60.54,20.6,0.0,64.0,9.3,0.0,1.0,0.0,19,3,6,0
TEST-02096,BOLE,2025-11-06 20:00:00,60.38,19.2,0.0,66.0,14.1,0.0,0.0,0.0,20,3,6,0
TEST-03489,BOLE,2025-11-06 21:00:00,46.13,15.9,0.0,65.0,7.8,0.0,0.0,0.0,21,3,6,0
TEST-00077,BOLE,2025-11-06 22:00:00,29.6,16.5,0.0,76.0,8.2,0.0,1.0,0.0,22,3,6,0
TEST-03537,BOLE,2025-11-06 23:00:00,21.55,15.8,0.0,76.0,12.3,0.0,0.0,0.0,23,3,6,0
TEST-03851,BOLE,2025-11-07 00:00:00,12.46,12.4,0.0,86.0,4.7,0.0,0.0,0.0,0,4,7,0
TEST-02521,BOLE,2025-11-07 01:00:00,9.61,11.8,0.0,85.0,11.0,0.0,0.0,0.0,1,4,7,0
TEST-01178,BOLE,2025-11-07 02:00:00,10.96,11.9,0.0,92.0,6.4,0.0,1.0,0.0,2,4,7,0
TEST-01699,BOLE,2025-11-07 03:00:00,11.78,10.7,0.0,87.0,11.2,0.0,1.0,0.0,3,4,7,0
TEST-02865,BOLE,2025-11-07 04:00:00,30.28,10.1,0.0,84.0,6.8,0.0,0.0,0.0,4,4,7,0
TEST-01685,BOLE,2025-11-07 05:00:00,59.4,13.5,0.0,77.0,13.1,0.0,1.0,0.0,5,4,7,0
TEST-02433,BOLE,2025-11-07 06:00:00,74.35,14.0,0.0,75.0,8.5,0.0,0.0,0.0,6,4,7,0
TEST-02488,BOLE,2025-11-07 07:00:00,74.69,13.9,0.0,87.0,13.4,0.0,0.0,0.0,7,4,7,0
TEST-03084,BOLE,2025-11-07 08:00:00,54.77,15.3,1.2,74.0,12.2,1.0,0.0,0.0,8,4,7,0
TEST-00473,BOLE,2025-11-07 09:00:00,44.45,19.4,0.0,66.5,8.5,0.0,1.0,0.0,9,4,7,0
TEST-03284,BOLE,2025-11-07 10:00:00,42.54,19.4,0.0,59.0,4.9,0.0,0.0,0.0,10,4,7,0
TEST-00097,BOLE,2025-11-07 11:00:00,34.56,20.3,0.0,71.0,9.9,0.0,1.0,0.0,11,4,7,0
TEST-01821,BOLE,2025-11-07 12:00:00,42.68,21.5,0.0,57.0,11.8,0.0,1.0,0.0,12,4,7,0
TEST-00720,BOLE,2025-11-07 13:00:00,48.63,23.1,0.0,50.0,18.1,0.0,0.0,0.0,13,4,7,0
TEST-03441,BOLE,2025-11-07 14:00:00,42.97,23.2,0.0,44.0,13.3,0.0,0.0,0.0,14,4,7,0
TEST-00726,BOLE,2025-11-07 15:00:00,41.49,24.9,0.0,58.0,7.4,0.0,0.0,0.0,15,4,7,0
TEST-01992,BOLE,2025-11-07 16:00:00,39.06,25.7,0.0,52.0,11.2,0.0,1.0,0.0,16,4,7,0
TEST-03891,BOLE,2025-11-07 17:00:00,43.32,23.4,0.0,64.0,14.9,0.0,0.0,0.0,17,4,7,0
TEST-00971,BOLE,2025-11-07 18:00:00,57.75,22.1,0.0,65.0,13.0,0.0,1.0,0.0,18,4,7,0
TEST-03625,BOLE,2025-11-07 19:00:00,64.49,20.2,0.0,67.0,11.6,0.0,0.0,0.0,19,4,7,0
TEST-01729,BOLE,2025-11-07 20:00:00,76.63,21.5,0.0,63.0,26.2,0.0,1.0,0.0,20,4,7,0
TEST-01858,BOLE,2025-11-07 21:00:00,79.81,17.0,0.0,69.0,7.2,0.0,1.0,0.0,21,4,7,0
TEST-01947,BOLE,2025-11-07 22:00:00,81.39,16.0,0.0,81.0,19.3,0.0,1.0,0.0,22,4,7,0
TEST-02167,BOLE,2025-11-07 23:00:00,75.51,12.8,0.0,77.0,10.2,0.0,0.0,0.0,23,4,7,0
TEST-03283,BOLE,2025-11-08 00:00:00,91.09,12.9,0.0,79.0,10.5,0.0,0.0,0.0,0,5,8,1
TEST-00443,BOLE,2025-11-08 01:00:00,58.24,12.3,0.0,84.0,15.4,0.0,1.0,0.0,1,5,8,1
TEST-03203,BOLE,2025-11-08 02:00:00,30.35,11.6,0.0,83.0,5.4,0.0,0.0,0.0,2,5,8,1
TEST-00834,BOLE,2025-11-08 03:00:00,29.0,10.5,0.0,95.0,13.8,0.0,1.0,0.0,3,5,8,1
TEST-01282,BOLE,2025-11-08 04:00:00,31.04,9.8,0.0,84.0,7.3,0.0,1.0,0.0,4,5,8,1
TEST-01637,BOLE,2025-11-08 05:00:00,47.96,11.1,0.0,85.0,18.7,0.0,1.0,0.0,5,5,8,1
TEST-01285,BOLE,2025-11-08 06:00:00,53.16,12.5,0.0,77.0,19.2,0.0,1.0,0.0,6,5,8,1
TEST-03246,BOLE,2025-11-08 07:00:00,37.16,13.3,0.0,71.0,9.1,0.0,0.0,0.0,7,5,8,1
TEST-02861,BOLE,2025-11-08 08:00:00,24.88,14.5,0.0,73.0,7.0,0.0,0.0,0.0,8,5,8,1
TEST-03561,BOLE,2025-11-08 09:00:00,28.57,19.1,0.0,63.0,13.4,0.0,0.0,0.0,9,5,8,1
TEST-03134,BOLE,2025-11-08 10:00:00,30.4,19.3,0.0,66.0,6.4,0.0,0.0,0.0,10,5,8,1
TEST-03495,BOLE,2025-11-08 11:00:00,34.44,20.9,0.0,60.0,3.8,0.0,0.0,0.0,11,5,8,1
TEST-02797,BOLE,2025-11-08 12:00:00,41.34,22.7,0.0,65.0,20.3,0.0,0.0,0.0,12,5,8,1
TEST-03946,BOLE,2025-11-08 13:00:00,48.13,24.0,0.0,58.0,6.3,0.0,0.0,0.0,13,5,8,1
TEST-01630,BOLE,2025-11-08 14:00:00,47.35,23.1,0.0,61.0,12.4,0.0,1.0,0.0,14,5,8,1
TEST-02801,BOLE,2025-11-08 15:00:00,46.97,23.0,0.0,60.0,5.8,0.0,0.0,0.0,15,5,8,1
TEST-01228,BOLE,2025-11-08 16:00:00,45.5,23.4,0.0,59.0,8.4,0.0,1.0,0.0,16,5,8,1
TEST-03197,BOLE,2025-11-08 17:00:00,53.97,23.2,0.0,56.0,7.7,0.0,0.0,0.0,17,5,8,1
TEST-02994,BOLE,2025-11-08 18:00:00,62.17,22.9,0.0,56.0,15.4,0.0,0.0,0.0,18,5,8,1
TEST-01102,BOLE,2025-11-08 19:00:00,64.77,21.35,0.0,63.0,14.0,0.0,1.0,0.0,19,5,8,1
TEST-02034,BOLE,2025-11-08 20:00:00,76.6,19.8,0.0,70.0,12.6,0.0,1.0,0.0,20,5,8,1
TEST-03051,BOLE,2025-11-08 21:00:00,98.86,17.7,0.0,73.0,8.6,0.0,0.0,0.0,21,5,8,1
TEST-00627,BOLE,2025-11-08 22:00:00,106.22,15.2,0.0,75.0,9.0,0.0,0.0,0.0,22,5,8,1
TEST-03286,BOLE,2025-11-08 23:00:00,108.65,14.2,0.0,81.0,3.8,0.0,0.0,0.0,23,5,8,1
TEST-03517,BOLE,2025-11-09 00:00:00,90.51,11.3,0.0,83.0,11.4,0.0,0.0,0.0,0,6,9,1
TEST-00666,BOLE,2025-11-09 01:00:00,57.61,9.3,0.0,89.0,8.3,0.0,0.0,0.0,1,6,9,1
TEST-02850,BOLE,2025-11-09 02:00:00,31.03,9.1,0.0,91.0,13.7,0.0,0.0,0.0,2,6,9,1
TEST-01550,BOLE,2025-11-09 03:00:00,26.94,9.3,0.0,92.0,12.9,0.0,0.0,0.0,3,6,9,1
TEST-02770,BOLE,2025-11-09 04:00:00,31.78,9.3,0.0,88.0,9.5,0.0,0.0,0.0,4,6,9,1
TEST-03742,BOLE,2025-11-09 05:00:00,50.0,9.5,0.0,97.0,17.2,0.0,0.0,0.0,5,6,9,1
TEST-02498,BOLE,2025-11-09 06:00:00,51.4,10.85,0.0,86.5,10.45,0.0,0.0,0.0,6,6,9,1
TEST-02412,BOLE,2025-11-09 07:00:00,32.74,12.2,0.0,76.0,3.7,0.0,0.0,0.0,7,6,9,1
TEST-00620,BOLE,2025-11-09 08:00:00,25.34,15.2,0.0,77.0,6.7,0.0,0.0,0.0,8,6,9,1
TEST-00957,BOLE,2025-11-09 09:00:00,24.14,16.1,0.0,78.0,12.7,0.0,1.0,0.0,9,6,9,1
TEST-04020,BOLE,2025-11-09 10:00:00,30.08,18.3,0.0,63.0,11.6,0.0,0.0,0.0,10,6,9,1
TEST-03711,BOLE,2025-11-09 11:00:00,37.31,19.9,0.0,64.0,12.1,0.0,0.0,0.0,11,6,9,1
TEST-00342,BOLE,2025-11-09 12:00:00,36.34,19.0,0.0,63.0,12.1,0.0,1.0,0.0,12,6,9,1
TEST-03025,BOLE,2025-11-09 13:00:00,46.53,21.4,0.0,53.0,10.2,0.0,0.0,0.0,13,6,9,1
TEST-03004,BOLE,2025-11-09 14:00:00,47.64,23.0,0.0,56.0,8.6,0.0,0.0,0.0,14,6,9,1
TEST-02843,BOLE,2025-11-09 15:00:00,45.63,23.9,0.0,61.0,12.4,0.0,0.0,0.0,15,6,9,1
TEST-03275,BOLE,2025-11-09 16:00:00,47.36,20.6,0.0,62.0,8.2,0.0,0.0,0.0,16,6,9,1
TEST-00134,BOLE,2025-11-09 17:00:00,52.96,20.8,0.0,59.0,22.5,0.0,1.0,0.0,17,6,9,1
TEST-00467,BOLE,2025-11-09 18:00:00,63.06,21.2,0.0,70.0,11.9,0.0,1.0,0.0,18,6,9,1
TEST-02007,BOLE,2025-11-09 19:00:00,60.87,20.4,0.0,64.0,10.6,0.0,1.0,0.0,19,6,9,1
TEST-00665,BOLE,2025-11-09 20:00:00,71.49,15.6,0.0,73.0,7.2,0.0,0.0,0.0,20,6,9,1
TEST-01344,BOLE,2025-11-09 21:00:00,69.28,17.4,0.0,79.0,13.2,0.0,1.0,0.0,21,6,9,1
TEST-03740,BOLE,2025-11-09 22:00:00,65.22,15.9,0.0,82.0,12.5,0.0,0.0,0.0,22,6,9,1
TEST-00400,BOLE,2025-11-09 23:00:00,58.45,14.7,0.0,85.0,15.0,0.0,1.0,0.0,23,6,9,1
TEST-00742,BOLE,2025-11-10 00:00:00,15.16,10.3,0.0,90.0,11.9,0.0,0.0,0.0,0,0,10,0
TEST-00529,BOLE,2025-11-10 01:00:00,19.24,7.8,2.1,94.0,7.5,1.0,0.0,0.0,1,0,10,0
TEST-02466,BOLE,2025-11-10 02:00:00,11.41,8.8,0.0,90.0,13.7,0.0,0.0,0.0,2,0,10,0
TEST-00270,BOLE,2025-11-10 03:00:00,15.84,8.8,0.0,93.0,7.0,0.0,1.0,0.0,3,0,10,0
TEST-03690,BOLE,2025-11-10 04:00:00,29.86,8.3,0.0,96.0,13.5,0.0,0.0,0.0,4,0,10,0
TEST-00343,BOLE,2025-11-10 05:00:00,56.16,9.7,0.0,79.0,10.1,0.0,1.0,0.0,5,0,10,0
TEST-02054,BOLE,2025-11-10 06:00:00,69.33,8.0,0.0,91.0,3.1,0.0,1.0,0.0,6,0,10,0
TEST-02179,BOLE,2025-11-10 07:00:00,58.83,12.0,0.0,90.0,10.3,0.0,0.0,0.0,7,0,10,0
TEST-00106,BOLE,2025-11-10 08:00:00,62.6,11.9,0.0,84.0,6.6,0.0,1.0,0.0,8,0,10,0
TEST-03087,BOLE,2025-11-10 09:00:00,45.44,15.4,0.0,80.0,14.4,0.0,0.0,0.0,9,0,10,0
TEST-03701,BOLE,2025-11-10 10:00:00,33.98,16.1,0.0,76.0,8.3,0.0,0.0,0.0,10,0,10,0
TEST-02604,BOLE,2025-11-10 11:00:00,35.85,17.9,0.0,73.0,9.3,0.0,0.0,0.0,11,0,10,0
TEST-03590,BOLE,2025-11-10 12:00:00,45.26,20.8,0.0,61.0,14.6,0.0,0.0,0.0,12,0,10,0
TEST-02084,BOLE,2025-11-10 13:00:00,46.66,21.0,0.0,58.0,5.7,0.0,0.0,0.0,13,0,10,0
TEST-02491,BOLE,2025-11-10 14:00:00,43.09,19.7,0.0,65.0,12.9,0.0,0.0,0.0,14,0,10,0
TEST-02556,BOLE,2025-11-10 15:00:00,37.62,21.9,0.0,63.0,17.5,0.0,0.0,0.0,15,0,10,0
TEST-00567,BOLE,2025-11-10 16:00:00,37.12,21.4,0.0,57.0,11.8,0.0,0.0,0.0,16,0,10,0
TEST-04013,BOLE,2025-11-10 17:00:00,40.79,20.3,0.0,60.0,6.1,0.0,0.0,0.0,17,0,10,0
TEST-02135,BOLE,2025-11-10 18:00:00,55.19,19.6,0.0,60.0,7.3,0.0,0.0,0.0,18,0,10,0
TEST-03966,BOLE,2025-11-10 19:00:00,71.12,17.2,0.0,71.0,26.7,0.0,0.0,0.0,19,0,10,0
TEST-03648,BOLE,2025-11-10 20:00:00,56.97,17.9,0.0,73.0,13.0,0.0,0.0,0.0,20,0,10,0
TEST-01689,BOLE,2025-11-10 21:00:00,45.3,14.7,0.0,74.0,6.8,0.0,1.0,0.0,21,0,10,0
TEST-03796,BOLE,2025-11-10 22:00:00,29.59,13.8,0.0,64.0,12.1,0.0,0.0,0.0,22,0,10,0
TEST-03138,BOLE,2025-11-10 23:00:00,22.46,12.7,0.0,86.0,7.2,0.0,0.0,0.0,23,0,10,0
TEST-02194,BOLE,2025-11-11 00:00:00,14.42,9.1,0.0,88.0,8.6,0.0,0.0,0.0,0,1,11,0
TEST-03243,BOLE,2025-11-11 01:00:00,12.62,8.3,0.0,82.0,11.6,0.0,0.0,0.0,1,1,11,0
TEST-01356,BOLE,2025-11-11 02:00:00,10.87,8.5,0.0,96.0,8.6,0.0,1.0,0.0,2,1,11,0
TEST-01686,BOLE,2025-11-11 03:00:00,14.42,6.7,0.0,95.0,15.1,0.0,1.0,0.0,3,1,11,0
TEST-00766,BOLE,2025-11-11 04:00:00,32.65,6.9,0.0,93.0,9.0,0.0,1.0,0.0,4,1,11,0
TEST-02155,BOLE,2025-11-11 05:00:00,58.63,8.4,0.0,86.0,11.2,0.0,0.0,0.0,5,1,11,0
TEST-03885,BOLE,2025-11-11 06:00:00,70.59,9.4,0.0,89.0,5.8,0.0,0.0,0.0,6,1,11,0
TEST-03158,BOLE,2025-11-11 07:00:00,61.31,9.8,0.0,91.0,5.9,0.0,0.0,0.0,7,1,11,0
TEST-02326,BOLE,2025-11-11 08:00:00,54.14,14.0,0.0,86.0,7.8,0.0,0.0,0.0,8,1,11,0
TEST-02971,BOLE,2025-11-11 09:00:00,47.46,15.2,0.0,82.0,6.5,0.0,0.0,0.0,9,1,11,0
TEST-01942,BOLE,2025-11-11 10:00:00,34.18,16.4,0.0,72.0,12.1,0.0,1.0,0.0,10,1,11,0
TEST-03467,BOLE,2025-11-11 11:00:00,38.46,17.4,0.0,66.0,11.7,0.0,0.0,0.0,11,1,11,0
TEST-02123,BOLE,2025-11-11 12:00:00,41.07,20.1,0.0,71.0,15.1,0.0,0.0,0.0,12,1,11,0
TEST-03600,BOLE,2025-11-11 13:00:00,46.33,19.8,0.0,77.0,9.4,0.0,0.0,0.0,13,1,11,0
TEST-01212,BOLE,2025-11-11 14:00:00,42.0,19.6,0.0,60.0,10.7,0.0,1.0,0.0,14,1,11,0
TEST-02890,BOLE,2025-11-11 15:00:00,35.81,22.6,0.0,58.0,12.4,0.0,0.0,0.0,15,1,11,0
TEST-02507,BOLE,2025-11-11 16:00:00,39.75,20.6,0.0,65.0,8.9,0.0,0.0,0.0,16,1,11,0
TEST-03671,BOLE,2025-11-11 17:00:00,40.98,20.4,0.0,62.0,8.3,0.0,0.0,0.0,17,1,11,0
TEST-00307,BOLE,2025-11-11 18:00:00,51.0,17.1,0.0,59.0,11.2,0.0,1.0,0.0,18,1,11,0
TEST-00389,BOLE,2025-11-11 19:00:00,63.75,17.2,0.2,67.0,9.7,1.0,1.0,0.0,19,1,11,0
TEST-03059,BOLE,2025-11-11 20:00:00,60.24,17.3,0.0,82.0,7.2,0.0,0.0,0.0,20,1,11,0
TEST-01841,BOLE,2025-11-11 21:00:00,41.71,13.7,0.0,85.0,11.7,0.0,1.0,0.0,21,1,11,0
TEST-03261,BOLE,2025-11-11 22:00:00,31.31,12.6,0.0,86.0,4.0,0.0,0.0,0.0,22,1,11,0
TEST-02680,BOLE,2025-11-11 23:00:00,21.58,12.6,0.0,80.0,9.2,0.0,0.0,0.0,23,1,11,0
TEST-02011,BOLE,2025-11-12 00:00:00,11.29,10.2,0.0,83.0,10.5,0.0,1.0,0.0,0,2,12,0
TEST-01115,BOLE,2025-11-12 01:00:00,12.15,10.3,0.0,83.0,11.7,0.0,1.0,0.0,1,2,12,0
TEST-01172,BOLE,2025-11-12 02:00:00,12.13,9.2,0.0,94.0,11.6,0.0,1.0,0.0,2,2,12,0
TEST-00466,BOLE,2025-11-12 03:00:00,13.2,7.7,0.0,95.0,6.2,0.0,1.0,0.0,3,2,12,0
TEST-02598,BOLE,2025-11-12 04:00:00,29.31,8.1,0.0,97.0,10.8,0.0,0.0,0.0,4,2,12,0
TEST-00649,BOLE,2025-11-12 05:00:00,56.15,7.4,0.0,95.0,4.4,0.0,0.0,0.0,5,2,12,0
TEST-00008,BOLE,2025-11-12 06:00:00,66.79,11.2,0.0,88.0,9.0,0.0,1.0,0.0,6,2,12,0
TEST-01424,BOLE,2025-11-12 07:00:00,65.59,10.5,0.0,79.0,18.7,0.0,1.0,0.0,7,2,12,0
TEST-01255,BOLE,2025-11-12 08:00:00,49.11,12.7,0.0,85.0,11.2,0.0,1.0,0.0,8,2,12,0
TEST-01414,BOLE,2025-11-12 09:00:00,58.91,13.1,2.6,82.0,10.4,1.0,1.0,0.0,9,2,12,0
TEST-03116,BOLE,2025-11-12 10:00:00,35.27,16.7,0.0,71.0,12.3,0.0,0.0,0.0,10,2,12,0
TEST-01074,BOLE,2025-11-12 11:00:00,41.16,18.4,0.2,67.0,5.5,1.0,1.0,0.0,11,2,12,0
TEST-02038,BOLE,2025-11-12 12:00:00,41.8,18.0,0.0,62.0,13.0,0.0,1.0,0.0,12,2,12,0
TEST-01823,BOLE,2025-11-12 13:00:00,44.39,21.7,0.0,60.0,6.5,0.0,1.0,0.0,13,2,12,0
TEST-00617,BOLE,2025-11-12 14:00:00,42.53,21.6,0.0,75.0,12.5,0.0,0.0,0.0,14,2,12,0
TEST-01177,BOLE,2025-11-12 15:00:00,36.63,21.4,0.1,71.0,10.6,1.0,1.0,0.0,15,2,12,0
TEST-03157,BOLE,2025-11-12 16:00:00,36.82,21.9,0.0,59.0,5.2,0.0,0.0,0.0,16,2,12,0
TEST-03111,BOLE,2025-11-12 17:00:00,40.9,18.9,0.0,66.0,14.0,0.0,0.0,0.0,17,2,12,0
TEST-00020,BOLE,2025-11-12 18:00:00,55.64,17.4,0.0,68.0,6.8,0.0,1.0,0.0,18,2,12,0
TEST-01799,BOLE,2025-11-12 19:00:00,54.98,16.5,0.0,61.0,10.2,0.0,1.0,0.0,19,2,12,0
TEST-01073,BOLE,2025-11-12 20:00:00,56.08,16.7,0.0,64.0,8.7,0.0,1.0,0.0,20,2,12,0
TEST-02118,BOLE,2025-11-12 21:00:00,42.19,16.1,0.0,74.0,13.8,0.0,0.0,0.0,21,2,12,0
TEST-00465,BOLE,2025-11-12 22:00:00,37.12,13.2,1.2,71.0,14.1,1.0,1.0,0.0,22,2,12,0
TEST-01093,BOLE,2025-11-12 23:00:00,15.12,10.6,0.0,90.0,21.8,0.0,1.0,0.0,23,2,12,0
TEST-03725,BOLE,2025-11-13 00:00:00,15.64,10.5,0.8,88.5,8.8,1.0,0.0,0.0,0,3,13,0
TEST-03516,BOLE,2025-11-13 01:00:00,12.22,11.2,0.0,87.0,14.0,0.0,0.0,0.0,1,3,13,0
TEST-02833,BOLE,2025-11-13 02:00:00,13.48,9.0,0.0,99.0,14.4,0.0,0.0,0.0,2,3,13,0
TEST-02076,BOLE,2025-11-13 03:00:00,14.53,8.9,0.0,86.0,12.7,0.0,0.0,0.0,3,3,13,0
TEST-02035,BOLE,2025-11-13 04:00:00,32.83,7.9,1.2,96.0,5.7,1.0,1.0,0.0,4,3,13,0
TEST-01012,BOLE,2025-11-13 05:00:00,59.73,9.1,0.0,91.0,8.1,0.0,1.0,0.0,5,3,13,0
TEST-00978,BOLE,2025-11-13 06:00:00,68.98,9.1,0.0,99.0,5.5,0.0,1.0,0.0,6,3,13,0
TEST-00859,BOLE,2025-11-13 07:00:00,58.38,13.4,0.0,85.0,4.7,0.0,1.0,0.0,7,3,13,0
TEST-01955,BOLE,2025-11-13 08:00:00,53.58,15.0,0.0,77.0,14.1,0.0,1.0,0.0,8,3,13,0
TEST-00397,BOLE,2025-11-13 09:00:00,45.54,15.1,0.0,73.0,4.6,0.0,1.0,0.0,9,3,13,0
TEST-02891,BOLE,2025-11-13 10:00:00,38.93,18.3,0.0,62.0,8.9,0.0,0.0,0.0,10,3,13,0
TEST-03779,BOLE,2025-11-13 11:00:00,36.47,17.4,0.0,72.0,7.7,0.0,0.0,0.0,11,3,13,0
TEST-01591,BOLE,2025-11-13 12:00:00,41.65,18.2,0.0,64.0,13.1,0.0,1.0,0.0,12,3,13,0
TEST-02274,BOLE,2025-11-13 13:00:00,51.37,19.0,0.8,86.0,14.7,1.0,0.0,0.0,13,3,13,0
TEST-03435,BOLE,2025-11-13 14:00:00,52.4,19.0,3.6,75.0,4.4,1.0,0.0,0.0,14,3,13,0
TEST-00985,BOLE,2025-11-13 15:00:00,58.82,21.2,25.7,84.0,9.8,1.0,1.0,0.0,15,3,13,0
TEST-00345,BOLE,2025-11-13 16:00:00,48.2,19.3,3.0,85.0,9.6,1.0,1.0,0.0,16,3,13,0
TEST-01313,BOLE,2025-11-13 17:00:00,65.23,19.3,3.6,82.0,15.5,1.0,1.0,0.0,17,3,13,0
TEST-02750,BOLE,2025-11-13 18:00:00,73.1,19.5,3.6,82.0,9.1,1.0,0.0,0.0,18,3,13,0
TEST-01871,BOLE,2025-11-13 19:00:00,58.77,20.5,0.3,68.0,12.0,1.0,1.0,0.0,19,3,13,0
TEST-02484,BOLE,2025-11-13 20:00:00,57.42,16.6,0.0,62.0,16.8,0.0,0.0,0.0,20,3,13,0
TEST-00025,BOLE,2025-11-13 21:00:00,44.1,15.2,0.0,81.0,15.7,0.0,1.0,0.0,21,3,13,0
TEST-01544,BOLE,2025-11-13 22:00:00,30.53,14.9,0.0,87.0,24.1,0.0,0.0,0.0,22,3,13,0
TEST-00112,BOLE,2025-11-13 23:00:00,30.69,11.9,1.0,91.0,6.9,1.0,1.0,0.0,23,3,13,0
TEST-01756,BOLE,2025-11-14 00:00:00,13.15,12.3,0.0,82.0,8.6,0.0,1.0,0.0,0,4,14,0
TEST-02453,BOLE,2025-11-14 01:00:00,13.38,10.9,0.0,90.0,13.8,0.0,0.0,0.0,1,4,14,0
TEST-03647,BOLE,2025-11-14 02:00:00,10.14,9.8,0.0,97.0,3.6,0.0,0.0,0.0,2,4,14,0
TEST-01184,BOLE,2025-11-14 03:00:00,15.5,8.9,0.0,82.0,11.6,0.0,1.0,0.0,3,4,14,0
TEST-00166,BOLE,2025-11-14 04:00:00,28.63,9.3,0.0,92.0,15.9,0.0,1.0,0.0,4,4,14,0
TEST-01969,BOLE,2025-11-14 05:00:00,63.02,8.8,0.0,90.0,15.5,0.0,1.0,0.0,5,4,14,0
TEST-02180,BOLE,2025-11-14 06:00:00,69.1,12.0,0.0,77.0,12.1,0.0,0.0,0.0,6,4,14,0
TEST-00037,BOLE,2025-11-14 07:00:00,60.1,13.5,0.0,89.0,3.7,0.0,1.0,0.0,7,4,14,0
TEST-02939,BOLE,2025-11-14 08:00:00,52.51,14.9,0.0,78.0,22.1,0.0,0.0,0.0,8,4,14,0
TEST-01921,BOLE,2025-11-14 09:00:00,44.3,16.7,0.0,73.0,13.2,0.0,1.0,0.0,9,4,14,0
TEST-02245,BOLE,2025-11-14 10:00:00,37.11,18.15,0.0,69.5,13.7,0.0,0.0,0.0,10,4,14,0
TEST-02329,BOLE,2025-11-14 11:00:00,39.53,19.6,0.0,66.0,14.2,0.0,0.0,0.0,11,4,14,0
TEST-00090,BOLE,2025-11-14 12:00:00,41.37,21.2,0.0,60.5,7.9,0.0,1.0,0.0,12,4,14,0
TEST-02354,BOLE,2025-11-14 13:00:00,47.51,21.5,0.0,55.0,16.1,0.0,0.0,0.0,13,4,14,0
TEST-03106,BOLE,2025-11-14 14:00:00,42.9,22.8,0.0,62.0,15.1,0.0,0.0,0.0,14,4,14,0
TEST-03695,BOLE,2025-11-14 15:00:00,37.43,21.7,0.0,61.0,18.0,0.0,0.0,0.0,15,4,14,0
TEST-00089,BOLE,2025-11-14 16:00:00,36.84,22.5,0.0,66.0,18.3,0.0,1.0,0.0,16,4,14,0
TEST-02989,BOLE,2025-11-14 17:00:00,43.7,22.4,0.0,66.0,6.5,0.0,0.0,0.0,17,4,14,0
TEST-03349,BOLE,2025-11-14 18:00:00,57.67,20.4,0.0,61.0,10.6,0.0,0.0,0.0,18,4,14,0
TEST-03438,BOLE,2025-11-14 19:00:00,71.39,20.1,0.0,68.0,8.1,0.0,0.0,0.0,19,4,14,0
TEST-00124,BOLE,2025-11-14 20:00:00,70.4,17.6,0.0,71.0,6.0,0.0,1.0,0.0,20,4,14,0
TEST-00032,BOLE,2025-11-14 21:00:00,80.78,16.1,0.0,84.0,4.4,0.0,1.0,0.0,21,4,14,0
TEST-02740,BOLE,2025-11-14 22:00:00,80.77,14.9,0.0,78.0,3.7,0.0,0.0,0.0,22,4,14,0
TEST-00058,BOLE,2025-11-14 23:00:00,72.54,11.5,0.0,86.0,8.4,0.0,1.0,0.0,23,4,14,0
TEST-02587,CMC,2025-11-01 00:00:00,15.89,14.2,0.0,85.0,5.7,0.0,0.0,0.0,0,5,1,1
TEST-02202,CMC,2025-11-01 01:00:00,11.92,10.9,0.0,88.0,9.8,0.0,0.0,0.0,1,5,1,1
TEST-02300,CMC,2025-11-01 02:00:00,11.77,11.2,0.0,83.0,9.4,0.0,0.0,0.0,2,5,1,1
TEST-00950,CMC,2025-11-01 03:00:00,9.73,10.4,0.0,78.0,9.8,0.0,0.0,0.0,3,5,1,1
TEST-00284,CMC,2025-11-01 04:00:00,11.72,11.5,0.0,83.0,13.4,0.0,0.0,0.0,4,5,1,1
TEST-02620,CMC,2025-11-01 05:00:00,18.72,12.2,0.0,87.0,7.0,0.0,0.0,0.0,5,5,1,1
TEST-02759,CMC,2025-11-01 06:00:00,26.5,13.2,0.0,84.0,7.8,0.0,0.0,0.0,6,5,1,1
TEST-03543,CMC,2025-11-01 07:00:00,25.38,15.1,0.0,67.0,13.3,0.0,0.0,0.0,7,5,1,1
TEST-03465,CMC,2025-11-01 08:00:00,32.03,16.1,0.0,79.0,8.0,0.0,0.0,0.0,8,5,1,1
TEST-02832,CMC,2025-11-01 09:00:00,39.91,17.8,0.0,69.0,7.8,0.0,0.0,0.0,9,5,1,1
TEST-00480,CMC,2025-11-01 10:00:00,49.71,19.3,0.0,67.0,7.2,0.0,0.0,0.0,10,5,1,1
TEST-02077,CMC,2025-11-01 11:00:00,48.98,21.1,0.0,59.0,14.6,0.0,0.0,0.0,11,5,1,1
TEST-02952,CMC,2025-11-01 12:00:00,52.41,22.9,0.0,56.0,6.1,0.0,0.0,0.0,12,5,1,1
TEST-00838,CMC,2025-11-01 13:00:00,55.56,21.8,0.0,48.0,17.9,0.0,0.0,0.0,13,5,1,1
TEST-03709,CMC,2025-11-01 14:00:00,53.65,25.5,0.0,54.0,8.3,0.0,0.0,0.0,14,5,1,1
TEST-02299,CMC,2025-11-01 15:00:00,52.07,23.9,0.0,56.0,6.4,0.0,0.0,0.0,15,5,1,1
TEST-01622,CMC,2025-11-01 16:00:00,54.51,24.2,0.0,51.0,4.1,0.0,0.0,0.0,16,5,1,1
TEST-02625,CMC,2025-11-01 17:00:00,54.12,22.8,0.0,60.0,7.1,0.0,0.0,0.0,17,5,1,1
TEST-03917,CMC,2025-11-01 18:00:00,59.21,22.4,0.0,65.0,9.3,0.0,0.0,0.0,18,5,1,1
TEST-03357,CMC,2025-11-01 19:00:00,62.87,22.8,0.0,56.0,21.6,0.0,0.0,0.0,19,5,1,1
TEST-03470,CMC,2025-11-01 20:00:00,59.15,20.1,0.0,64.0,10.9,0.0,0.0,0.0,20,5,1,1
TEST-00321,CMC,2025-11-01 21:00:00,41.06,17.0,0.0,65.0,12.9,0.0,0.0,0.0,21,5,1,1
TEST-00912,CMC,2025-11-01 22:00:00,28.25,15.4,0.0,73.0,11.0,0.0,0.0,0.0,22,5,1,1
TEST-01293,CMC,2025-11-01 23:00:00,17.95,14.6,0.0,80.0,14.1,0.0,0.0,0.0,23,5,1,1
TEST-02195,CMC,2025-11-02 00:00:00,14.27,13.1,0.0,84.0,14.9,0.0,0.0,0.0,0,6,2,1
TEST-00710,CMC,2025-11-02 01:00:00,10.89,11.0,0.0,84.0,3.8,0.0,0.0,0.0,1,6,2,1
TEST-00566,CMC,2025-11-02 02:00:00,11.15,10.7,0.0,82.0,16.2,0.0,0.0,0.0,2,6,2,1
TEST-01965,CMC,2025-11-02 03:00:00,9.8,11.0,0.0,81.0,11.9,0.0,0.0,0.0,3,6,2,1
TEST-00948,CMC,2025-11-02 04:00:00,13.24,11.7,0.0,94.0,10.4,0.0,0.0,0.0,4,6,2,1
TEST-00753,CMC,2025-11-02 05:00:00,15.88,11.9,0.0,82.0,16.0,0.0,0.0,0.0,5,6,2,1
TEST-02518,CMC,2025-11-02 06:00:00,20.38,12.9,0.0,73.0,12.7,0.0,0.0,0.0,6,6,2,1
TEST-01345,CMC,2025-11-02 07:00:00,31.82,16.0,0.0,83.0,9.1,0.0,0.0,0.0,7,6,2,1
TEST-03593,CMC,2025-11-02 08:00:00,27.09,16.1,0.0,74.0,17.1,0.0,0.0,0.0,8,6,2,1
TEST-00671,CMC,2025-11-02 09:00:00,42.0,18.5,0.2,67.0,11.2,1.0,0.0,0.0,9,6,2,1
TEST-00592,CMC,2025-11-02 10:00:00,47.86,20.1,0.0,65.0,13.7,0.0,0.0,0.0,10,6,2,1
TEST-01849,CMC,2025-11-02 11:00:00,49.31,21.5,0.0,60.0,15.3,0.0,0.0,0.0,11,6,2,1
TEST-00674,CMC,2025-11-02 12:00:00,53.95,23.5,0.3,53.0,5.6,1.0,0.0,0.0,12,6,2,1
TEST-03836,CMC,2025-11-02 13:00:00,54.44,24.2,0.15,57.5,5.25,1.0,0.0,0.0,13,6,2,1
TEST-00815,CMC,2025-11-02 14:00:00,52.09,24.9,0.0,62.0,4.9,0.0,0.0,0.0,14,6,2,1
TEST-02903,CMC,2025-11-02 15:00:00,51.69,24.3,0.6,69.0,15.0,1.0,0.0,0.0,15,6,2,1
TEST-01230,CMC,2025-11-02 16:00:00,51.95,24.9,0.0,56.0,6.9,0.0,0.0,0.0,16,6,2,1
TEST-01694,CMC,2025-11-02 17:00:00,77.77,22.8,13.0,65.0,4.1,1.0,0.0,0.0,17,6,2,1
TEST-02113,CMC,2025-11-02 18:00:00,56.37,23.7,0.0,57.0,12.0,0.0,0.0,0.0,18,6,2,1
TEST-01300,CMC,2025-11-02 19:00:00,56.96,21.0,0.0,60.0,8.6,0.0,0.0,0.0,19,6,2,1
TEST-01427,CMC,2025-11-02 20:00:00,53.97,18.9,0.0,62.0,20.8,0.0,0.0,0.0,20,6,2,1
TEST-01479,CMC,2025-11-02 21:00:00,42.02,18.3,0.0,64.0,6.8,0.0,0.0,0.0,21,6,2,1
TEST-01933,CMC,2025-11-02 22:00:00,27.05,15.6,0.0,72.0,13.5,0.0,0.0,0.0,22,6,2,1
TEST-00444,CMC,2025-11-02 23:00:00,20.06,15.7,0.0,75.0,8.9,0.0,0.0,0.0,23,6,2,1
TEST-01458,CMC,2025-11-03 00:00:00,17.02,13.8,0.0,80.0,15.5,0.0,0.0,0.0,0,0,3,0
TEST-02458,CMC,2025-11-03 01:00:00,13.18,11.9,0.0,86.0,7.5,0.0,0.0,0.0,1,0,3,0
TEST-00721,CMC,2025-11-03 02:00:00,12.16,12.9,0.0,78.0,7.0,0.0,0.0,0.0,2,0,3,0
TEST-01926,CMC,2025-11-03 03:00:00,16.85,14.3,0.0,85.0,14.8,0.0,0.0,0.0,3,0,3,0
TEST-00475,CMC,2025-11-03 04:00:00,16.91,12.4,0.0,84.0,7.4,0.0,0.0,0.0,4,0,3,0
TEST-02525,CMC,2025-11-03 05:00:00,33.38,12.8,0.0,84.0,7.8,0.0,0.0,0.0,5,0,3,0
TEST-02001,CMC,2025-11-03 06:00:00,58.7,14.2,0.0,82.0,13.7,0.0,0.0,0.0,6,0,3,0
TEST-00362,CMC,2025-11-03 07:00:00,93.7,15.2,0.0,65.0,10.3,0.0,0.0,0.0,7,0,3,0
TEST-01819,CMC,2025-11-03 08:00:00,56.84,16.0,0.0,69.0,10.7,0.0,0.0,0.0,8,0,3,0
TEST-00162,CMC,2025-11-03 09:00:00,36.81,19.9,0.0,71.0,12.8,0.0,0.0,0.0,9,0,3,0
TEST-01384,CMC,2025-11-03 10:00:00,27.45,18.0,0.0,64.0,17.1,0.0,0.0,0.0,10,0,3,0
TEST-00383,CMC,2025-11-03 11:00:00,28.82,19.9,0.0,67.0,12.1,0.0,0.0,0.0,11,0,3,0
TEST-02769,CMC,2025-11-03 12:00:00,28.37,22.8,0.0,58.0,7.2,0.0,0.0,0.0,12,0,3,0
TEST-00706,CMC,2025-11-03 13:00:00,29.78,24.8,0.0,54.0,12.6,0.0,0.0,0.0,13,0,3,0
TEST-03295,CMC,2025-11-03 14:00:00,56.24,24.8,0.0,46.0,13.3,0.0,0.0,0.0,14,0,3,0
TEST-00699,CMC,2025-11-03 15:00:00,51.32,25.6,0.0,41.0,11.9,0.0,0.0,0.0,15,0,3,0
TEST-03775,CMC,2025-11-03 16:00:00,34.64,25.3,0.0,51.0,15.5,0.0,0.0,0.0,16,0,3,0
TEST-02752,CMC,2025-11-03 17:00:00,45.72,24.0,0.0,55.0,11.0,0.0,0.0,0.0,17,0,3,0
TEST-00010,CMC,2025-11-03 18:00:00,58.27,24.4,0.0,61.0,8.3,0.0,0.0,0.0,18,0,3,0
TEST-03732,CMC,2025-11-03 19:00:00,68.28,21.6,0.0,63.0,7.9,0.0,0.0,0.0,19,0,3,0
TEST-02449,CMC,2025-11-03 20:00:00,81.41,19.8,0.0,60.0,7.7,0.0,0.0,0.0,20,0,3,0
TEST-02647,CMC,2025-11-03 21:00:00,55.66,19.9,0.0,61.0,6.6,0.0,0.0,0.0,21,0,3,0
TEST-00039,CMC,2025-11-03 22:00:00,32.84,18.3,0.0,66.0,10.8,0.0,0.0,0.0,22,0,3,0
TEST-02691,CMC,2025-11-03 23:00:00,27.05,13.7,0.0,87.0,5.8,0.0,0.0,0.0,23,0,3,0
TEST-01530,CMC,2025-11-04 00:00:00,13.41,12.9,0.0,72.0,13.9,0.0,0.0,0.0,0,1,4,0
TEST-00447,CMC,2025-11-04 01:00:00,15.51,13.2,0.0,69.0,9.0,0.0,0.0,0.0,1,1,4,0
TEST-03953,CMC,2025-11-04 02:00:00,9.25,11.8,0.0,78.0,10.9,0.0,0.0,0.0,2,1,4,0
TEST-02921,CMC,2025-11-04 03:00:00,11.97,11.5,0.0,89.0,15.9,0.0,0.0,0.0,3,1,4,0
TEST-03254,CMC,2025-11-04 04:00:00,16.57,11.2,0.3,85.0,7.5,1.0,0.0,0.0,4,1,4,0
TEST-02027,CMC,2025-11-04 05:00:00,33.81,13.2,0.0,86.0,8.4,0.0,0.0,0.0,5,1,4,0
TEST-03352,CMC,2025-11-04 06:00:00,65.07,14.0,0.0,81.0,10.9,0.0,0.0,0.0,6,1,4,0
TEST-02876,CMC,2025-11-04 07:00:00,96.29,14.7,0.0,81.0,13.7,0.0,0.0,0.0,7,1,4,0
TEST-00746,CMC,2025-11-04 08:00:00,54.38,16.9,0.0,71.0,16.3,0.0,0.0,0.0,8,1,4,0
TEST-00118,CMC,2025-11-04 09:00:00,36.37,18.5,0.0,64.0,13.7,0.0,0.0,0.0,9,1,4,0
TEST-01441,CMC,2025-11-04 10:00:00,28.54,21.5,0.0,68.0,8.7,0.0,0.0,0.0,10,1,4,0
TEST-01639,CMC,2025-11-04 11:00:00,28.25,22.0,0.0,61.0,6.6,0.0,0.0,0.0,11,1,4,0
TEST-01123,CMC,2025-11-04 12:00:00,29.66,23.7,0.0,63.0,12.5,0.0,0.0,0.0,12,1,4,0
TEST-03996,CMC,2025-11-04 13:00:00,33.36,23.6,0.3,54.0,14.0,1.0,0.0,0.0,13,1,4,0
TEST-03957,CMC,2025-11-04 14:00:00,74.54,26.3,0.0,45.0,6.6,0.0,0.0,0.0,14,1,4,0
TEST-01793,CMC,2025-11-04 15:00:00,29.97,25.2,0.0,51.0,9.0,0.0,0.0,0.0,15,1,4,0
TEST-03164,CMC,2025-11-04 16:00:00,59.73,25.5,0.3,42.0,8.6,1.0,0.0,0.0,16,1,4,0
TEST-02186,CMC,2025-11-04 17:00:00,46.2,24.1,0.0,54.0,12.8,0.0,0.0,0.0,17,1,4,0
TEST-00002,CMC,2025-11-04 18:00:00,87.57,22.9,0.0,45.0,12.4,0.0,0.0,0.0,18,1,4,0
TEST-00954,CMC,2025-11-04 19:00:00,62.42,23.6,0.0,57.0,20.6,0.0,0.0,0.0,19,1,4,0
TEST-03991,CMC,2025-11-04 20:00:00,79.21,21.1,0.0,69.0,7.7,0.0,0.0,0.0,20,1,4,0
TEST-03117,CMC,2025-11-04 21:00:00,45.37,18.6,0.0,70.0,15.3,0.0,0.0,0.0,21,1,4,0
TEST-00195,CMC,2025-11-04 22:00:00,31.42,17.5,0.0,69.0,10.0,0.0,0.0,0.0,22,1,4,0
TEST-03646,CMC,2025-11-04 23:00:00,19.42,16.9,0.0,70.0,6.0,0.0,0.0,0.0,23,1,4,0
TEST-03290,CMC,2025-11-05 00:00:00,19.12,13.8,0.0,80.0,9.9,0.0,0.0,0.0,0,2,5,0
TEST-00240,CMC,2025-11-05 01:00:00,9.17,12.6,0.0,78.0,5.0,0.0,0.0,0.0,1,2,5,0
TEST-00332,CMC,2025-11-05 02:00:00,10.81,11.2,0.0,77.0,25.5,0.0,0.0,0.0,2,2,5,0
TEST-01439,CMC,2025-11-05 03:00:00,10.47,12.3,0.0,83.0,12.9,0.0,0.0,0.0,3,2,5,0
TEST-03400,CMC,2025-11-05 04:00:00,17.25,12.9,0.0,80.0,8.5,0.0,0.0,0.0,4,2,5,0
TEST-02149,CMC,2025-11-05 05:00:00,31.13,13.0,0.0,86.0,13.5,0.0,0.0,0.0,5,2,5,0
TEST-02003,CMC,2025-11-05 06:00:00,61.69,13.9,0.0,75.0,9.9,0.0,0.0,0.0,6,2,5,0
TEST-02775,CMC,2025-11-05 07:00:00,101.6,15.7,0.0,86.0,7.4,0.0,0.0,0.0,7,2,5,0
TEST-03281,CMC,2025-11-05 08:00:00,60.69,18.0,0.0,72.0,7.8,0.0,0.0,0.0,8,2,5,0
TEST-03554,CMC,2025-11-05 09:00:00,36.4,19.3,0.0,61.0,12.6,0.0,0.0,0.0,9,2,5,0
TEST-00723,CMC,2025-11-05 10:00:00,27.15,20.7,0.0,61.0,11.2,0.0,0.0,0.0,10,2,5,0
TEST-02095,CMC,2025-11-05 11:00:00,28.13,21.1,0.0,65.0,8.2,0.0,0.0,0.0,11,2,5,0
TEST-00358,CMC,2025-11-05 12:00:00,28.19,23.8,0.0,58.0,15.0,0.0,0.0,0.0,12,2,5,0
TEST-04012,CMC,2025-11-05 13:00:00,28.58,22.9,0.0,56.0,7.5,0.0,0.0,0.0,13,2,5,0
TEST-00932,CMC,2025-11-05 14:00:00,26.65,25.2,0.0,53.0,8.3,0.0,0.0,0.0,14,2,5,0
TEST-01168,CMC,2025-11-05 15:00:00,51.86,24.1,0.0,45.0,20.0,0.0,0.0,0.0,15,2,5,0
TEST-02315,CMC,2025-11-05 16:00:00,34.3,25.4,0.0,56.0,5.1,0.0,0.0,0.0,16,2,5,0
TEST-00189,CMC,2025-11-05 17:00:00,49.17,24.9,0.0,49.0,8.3,0.0,0.0,0.0,17,2,5,0
TEST-01583,CMC,2025-11-05 18:00:00,56.03,23.5,0.0,63.0,11.8,0.0,0.0,0.0,18,2,5,0
TEST-02741,CMC,2025-11-05 19:00:00,62.46,20.8,0.0,55.0,12.0,0.0,0.0,0.0,19,2,5,0
TEST-02427,CMC,2025-11-05 20:00:00,61.55,17.9,0.0,54.0,10.9,0.0,0.0,0.0,20,2,5,0
TEST-03987,CMC,2025-11-05 21:00:00,44.35,17.1,0.0,70.0,7.0,0.0,0.0,0.0,21,2,5,0
TEST-02636,CMC,2025-11-05 22:00:00,29.86,16.1,0.0,65.0,10.1,0.0,0.0,0.0,22,2,5,0
TEST-02929,CMC,2025-11-05 23:00:00,26.13,14.7,0.0,70.0,8.1,0.0,0.0,0.0,23,2,5,0
TEST-02633,CMC,2025-11-06 00:00:00,9.89,10.6,0.0,85.0,11.6,0.0,0.0,0.0,0,3,6,0
TEST-01028,CMC,2025-11-06 01:00:00,8.84,10.5,0.0,85.0,10.5,0.0,0.0,0.0,1,3,6,0
TEST-00167,CMC,2025-11-06 02:00:00,9.39,9.8,0.0,91.0,11.0,0.0,0.0,0.0,2,3,6,0
TEST-01450,CMC,2025-11-06 03:00:00,11.53,12.0,0.1,89.0,11.9,1.0,0.0,0.0,3,3,6,0
TEST-01623,CMC,2025-11-06 04:00:00,14.75,12.1,0.05,81.5,9.95,1.0,0.0,0.0,4,3,6,0
TEST-01691,CMC,2025-11-06 05:00:00,27.13,12.2,0.0,74.0,8.0,0.0,0.0,0.0,5,3,6,0
TEST-02774,CMC,2025-11-06 06:00:00,59.41,13.0,0.0,82.0,12.5,0.0,0.0,0.0,6,3,6,0
TEST-02549,CMC,2025-11-06 07:00:00,92.14,14.3,0.0,71.0,13.1,0.0,0.0,0.0,7,3,6,0
TEST-01935,CMC,2025-11-06 08:00:00,56.93,17.7,0.0,69.0,15.0,0.0,0.0,0.0,8,3,6,0
TEST-02779,CMC,2025-11-06 09:00:00,38.29,18.8,0.0,65.0,7.3,0.0,0.0,0.0,9,3,6,0
TEST-00703,CMC,2025-11-06 10:00:00,28.93,19.3,0.0,69.0,6.9,0.0,0.0,0.0,10,3,6,0
TEST-01343,CMC,2025-11-06 11:00:00,28.17,19.4,0.0,57.0,8.3,0.0,0.0,0.0,11,3,6,0
TEST-01320,CMC,2025-11-06 12:00:00,29.26,20.4,0.0,52.0,17.3,0.0,0.0,0.0,12,3,6,0
TEST-02447,CMC,2025-11-06 13:00:00,27.79,23.2,0.0,58.0,7.7,0.0,0.0,0.0,13,3,6,0
TEST-03455,CMC,2025-11-06 14:00:00,30.66,25.1,0.0,51.0,6.2,0.0,0.0,0.0,14,3,6,0
TEST-00048,CMC,2025-11-06 15:00:00,31.93,27.0,0.0,58.0,7.5,0.0,0.0,0.0,15,3,6,0
TEST-02840,CMC,2025-11-06 16:00:00,36.51,25.7,0.0,49.0,12.2,0.0,0.0,0.0,16,3,6,0
TEST-03858,CMC,2025-11-06 17:00:00,44.68,22.1,0.0,65.0,8.6,0.0,0.0,0.0,17,3,6,0
TEST-00050,CMC,2025-11-06 18:00:00,55.04,21.1,0.0,59.0,16.7,0.0,0.0,0.0,18,3,6,0
TEST-00258,CMC,2025-11-06 19:00:00,64.6,20.6,0.0,64.0,9.3,0.0,0.0,0.0,19,3,6,0
TEST-03097,CMC,2025-11-06 20:00:00,60.75,19.2,0.0,66.0,14.1,0.0,0.0,0.0,20,3,6,0
TEST-03454,CMC,2025-11-06 21:00:00,44.26,15.9,0.0,65.0,7.8,0.0,0.0,0.0,21,3,6,0
TEST-00921,CMC,2025-11-06 22:00:00,30.72,16.5,0.0,76.0,8.2,0.0,0.0,0.0,22,3,6,0
TEST-02696,CMC,2025-11-06 23:00:00,16.74,15.8,0.0,76.0,12.3,0.0,0.0,0.0,23,3,6,0
TEST-02923,CMC,2025-11-07 00:00:00,11.36,12.4,0.0,86.0,4.7,0.0,0.0,0.0,0,4,7,0
TEST-03702,CMC,2025-11-07 01:00:00,10.47,11.8,0.0,85.0,11.0,0.0,0.0,0.0,1,4,7,0
TEST-00113,CMC,2025-11-07 02:00:00,10.0,11.9,0.0,92.0,6.4,0.0,0.0,0.0,2,4,7,0
TEST-02793,CMC,2025-11-07 03:00:00,10.57,10.7,0.0,87.0,11.2,0.0,0.0,0.0,3,4,7,0
TEST-00245,CMC,2025-11-07 04:00:00,15.88,10.1,0.0,84.0,6.8,0.0,0.0,0.0,4,4,7,0
TEST-00470,CMC,2025-11-07 05:00:00,31.98,13.5,0.0,77.0,13.1,0.0,0.0,0.0,5,4,7,0
TEST-01394,CMC,2025-11-07 06:00:00,63.21,14.0,0.0,75.0,8.5,0.0,0.0,0.0,6,4,7,0
TEST-02946,CMC,2025-11-07 07:00:00,116.72,13.9,0.0,87.0,13.4,0.0,0.0,0.0,7,4,7,0
TEST-03367,CMC,2025-11-07 08:00:00,68.56,15.3,1.2,74.0,12.2,1.0,0.0,0.0,8,4,7,0
TEST-01738,CMC,2025-11-07 09:00:00,38.9,19.4,0.0,66.5,8.5,0.0,0.0,0.0,9,4,7,0
TEST-02678,CMC,2025-11-07 10:00:00,29.61,19.4,0.0,59.0,4.9,0.0,0.0,0.0,10,4,7,0
TEST-01857,CMC,2025-11-07 11:00:00,28.96,20.3,0.0,71.0,9.9,0.0,0.0,0.0,11,4,7,0
TEST-01801,CMC,2025-11-07 12:00:00,31.09,21.5,0.0,57.0,11.8,0.0,0.0,0.0,12,4,7,0
TEST-02835,CMC,2025-11-07 13:00:00,33.97,23.1,0.0,50.0,18.1,0.0,0.0,0.0,13,4,7,0
TEST-00136,CMC,2025-11-07 14:00:00,50.64,23.2,0.0,44.0,13.3,0.0,0.0,0.0,14,4,7,0
TEST-00053,CMC,2025-11-07 15:00:00,29.97,24.9,0.0,58.0,7.4,0.0,0.0,0.0,15,4,7,0
TEST-00789,CMC,2025-11-07 16:00:00,32.81,25.7,0.0,52.0,11.2,0.0,0.0,0.0,16,4,7,0
TEST-02107,CMC,2025-11-07 17:00:00,47.39,23.4,0.0,64.0,14.9,0.0,0.0,0.0,17,4,7,0
TEST-01216,CMC,2025-11-07 18:00:00,63.1,22.1,0.0,65.0,13.0,0.0,0.0,0.0,18,4,7,0
TEST-00701,CMC,2025-11-07 19:00:00,67.66,20.2,0.0,67.0,11.6,0.0,0.0,0.0,19,4,7,0
TEST-02310,CMC,2025-11-07 20:00:00,69.67,21.5,0.0,63.0,26.2,0.0,0.0,0.0,20,4,7,0
TEST-01912,CMC,2025-11-07 21:00:00,46.15,17.0,0.0,69.0,7.2,0.0,0.0,0.0,21,4,7,0
TEST-00738,CMC,2025-11-07 22:00:00,28.79,16.0,0.0,81.0,19.3,0.0,0.0,0.0,22,4,7,0
TEST-02707,CMC,2025-11-07 23:00:00,19.18,12.8,0.0,77.0,10.2,0.0,0.0,0.0,23,4,7,0
TEST-04030,CMC,2025-11-08 00:00:00,11.22,12.9,0.0,79.0,10.5,0.0,0.0,0.0,0,5,8,1
TEST-01677,CMC,2025-11-08 01:00:00,8.36,12.3,0.0,84.0,15.4,0.0,0.0,0.0,1,5,8,1
TEST-00227,CMC,2025-11-08 02:00:00,6.86,11.6,0.0,83.0,5.4,0.0,0.0,0.0,2,5,8,1
TEST-01252,CMC,2025-11-08 03:00:00,6.84,10.5,0.0,95.0,13.8,0.0,0.0,0.0,3,5,8,1
TEST-03680,CMC,2025-11-08 04:00:00,8.68,9.8,0.0,84.0,7.3,0.0,0.0,0.0,4,5,8,1
TEST-01712,CMC,2025-11-08 05:00:00,10.3,11.1,0.0,85.0,18.7,0.0,0.0,0.0,5,5,8,1
TEST-00043,CMC,2025-11-08 06:00:00,14.24,12.5,0.0,77.0,19.2,0.0,0.0,0.0,6,5,8,1
TEST-02995,CMC,2025-11-08 07:00:00,24.12,13.3,0.0,71.0,9.1,0.0,0.0,0.0,7,5,8,1
TEST-00884,CMC,2025-11-08 08:00:00,27.89,14.5,0.0,73.0,7.0,0.0,0.0,0.0,8,5,8,1
TEST-01897,CMC,2025-11-08 09:00:00,35.35,19.1,0.0,63.0,13.4,0.0,0.0,0.0,9,5,8,1
TEST-02963,CMC,2025-11-08 10:00:00,45.43,19.3,0.0,66.0,6.4,0.0,0.0,0.0,10,5,8,1
TEST-00210,CMC,2025-11-08 11:00:00,45.0,20.9,0.0,60.0,3.8,0.0,0.0,0.0,11,5,8,1
TEST-00618,CMC,2025-11-08 12:00:00,49.8,22.7,0.0,65.0,20.3,0.0,0.0,0.0,12,5,8,1
TEST-02629,CMC,2025-11-08 13:00:00,50.01,24.0,0.0,58.0,6.3,0.0,0.0,0.0,13,5,8,1
TEST-03078,CMC,2025-11-08 14:00:00,48.46,23.1,0.0,61.0,12.4,0.0,0.0,0.0,14,5,8,1
TEST-01998,CMC,2025-11-08 15:00:00,49.56,23.0,0.0,60.0,5.8,0.0,0.0,0.0,15,5,8,1
TEST-01977,CMC,2025-11-08 16:00:00,48.16,23.4,0.0,59.0,8.4,0.0,0.0,0.0,16,5,8,1
TEST-01305,CMC,2025-11-08 17:00:00,49.95,23.2,0.0,56.0,7.7,0.0,0.0,0.0,17,5,8,1
TEST-00909,CMC,2025-11-08 18:00:00,53.04,22.9,0.0,56.0,15.4,0.0,0.0,0.0,18,5,8,1
TEST-03708,CMC,2025-11-08 19:00:00,53.82,21.35,0.0,63.0,14.0,0.0,0.0,0.0,19,5,8,1
TEST-03065,CMC,2025-11-08 20:00:00,60.58,19.8,0.0,70.0,12.6,0.0,0.0,0.0,20,5,8,1
TEST-01503,CMC,2025-11-08 21:00:00,40.36,17.7,0.0,73.0,8.6,0.0,0.0,0.0,21,5,8,1
TEST-01103,CMC,2025-11-08 22:00:00,25.88,15.2,0.0,75.0,9.0,0.0,0.0,0.0,22,5,8,1
TEST-02981,CMC,2025-11-08 23:00:00,15.24,14.2,0.0,81.0,3.8,0.0,0.0,0.0,23,5,8,1
TEST-01751,CMC,2025-11-09 00:00:00,7.31,11.3,0.0,83.0,11.4,0.0,0.0,0.0,0,6,9,1
TEST-01870,CMC,2025-11-09 01:00:00,6.98,9.3,0.0,89.0,8.3,0.0,0.0,0.0,1,6,9,1
TEST-03978,CMC,2025-11-09 02:00:00,5.63,9.1,0.0,91.0,13.7,0.0,0.0,0.0,2,6,9,1
TEST-02230,CMC,2025-11-09 03:00:00,4.88,9.3,0.0,92.0,12.9,0.0,0.0,0.0,3,6,9,1
TEST-02962,CMC,2025-11-09 04:00:00,6.7,9.3,0.0,88.0,9.5,0.0,0.0,0.0,4,6,9,1
TEST-03365,CMC,2025-11-09 05:00:00,9.51,9.5,0.0,97.0,17.2,0.0,0.0,0.0,5,6,9,1
TEST-03205,CMC,2025-11-09 06:00:00,12.65,10.85,0.0,86.5,10.45,0.0,0.0,0.0,6,6,9,1
TEST-03079,CMC,2025-11-09 07:00:00,18.12,12.2,0.0,76.0,3.7,0.0,0.0,0.0,7,6,9,1
TEST-00739,CMC,2025-11-09 08:00:00,27.61,15.2,0.0,77.0,6.7,0.0,0.0,0.0,8,6,9,1
TEST-02746,CMC,2025-11-09 09:00:00,33.97,16.1,0.0,78.0,12.7,0.0,0.0,0.0,9,6,9,1
TEST-00370,CMC,2025-11-09 10:00:00,44.78,18.3,0.0,63.0,11.6,0.0,0.0,0.0,10,6,9,1
TEST-02083,CMC,2025-11-09 11:00:00,48.21,19.9,0.0,64.0,12.1,0.0,0.0,0.0,11,6,9,1
TEST-01114,CMC,2025-11-09 12:00:00,49.26,19.0,0.0,63.0,12.1,0.0,0.0,0.0,12,6,9,1
TEST-02325,CMC,2025-11-09 13:00:00,51.59,21.4,0.0,53.0,10.2,0.0,0.0,0.0,13,6,9,1
TEST-00071,CMC,2025-11-09 14:00:00,50.05,23.0,0.0,56.0,8.6,0.0,0.0,0.0,14,6,9,1
TEST-01498,CMC,2025-11-09 15:00:00,45.88,23.9,0.0,61.0,12.4,0.0,0.0,0.0,15,6,9,1
TEST-02392,CMC,2025-11-09 16:00:00,48.95,20.6,0.0,62.0,8.2,0.0,0.0,0.0,16,6,9,1
TEST-02616,CMC,2025-11-09 17:00:00,47.03,20.8,0.0,59.0,22.5,0.0,0.0,0.0,17,6,9,1
TEST-02481,CMC,2025-11-09 18:00:00,52.13,21.2,0.0,70.0,11.9,0.0,0.0,0.0,18,6,9,1
TEST-01986,CMC,2025-11-09 19:00:00,54.52,20.4,0.0,64.0,10.6,0.0,0.0,0.0,19,6,9,1
TEST-03356,CMC,2025-11-09 20:00:00,53.18,15.6,0.0,73.0,7.2,0.0,0.0,0.0,20,6,9,1
TEST-03801,CMC,2025-11-09 21:00:00,36.88,17.4,0.0,79.0,13.2,0.0,0.0,0.0,21,6,9,1
TEST-03270,CMC,2025-11-09 22:00:00,22.74,15.9,0.0,82.0,12.5,0.0,0.0,0.0,22,6,9,1
TEST-03579,CMC,2025-11-09 23:00:00,12.91,14.7,0.0,85.0,15.0,0.0,0.0,0.0,23,6,9,1
TEST-02818,CMC,2025-11-10 00:00:00,6.86,10.3,0.0,90.0,11.9,0.0,0.0,0.0,0,0,10,0
TEST-01231,CMC,2025-11-10 01:00:00,8.95,7.8,2.1,94.0,7.5,1.0,0.0,0.0,1,0,10,0
TEST-02834,CMC,2025-11-10 02:00:00,5.41,8.8,0.0,90.0,13.7,0.0,0.0,0.0,2,0,10,0
TEST-00417,CMC,2025-11-10 03:00:00,5.56,8.8,0.0,93.0,7.0,0.0,0.0,0.0,3,0,10,0
TEST-03826,CMC,2025-11-10 04:00:00,8.34,8.3,0.0,96.0,13.5,0.0,0.0,0.0,4,0,10,0
TEST-03215,CMC,2025-11-10 05:00:00,20.05,9.7,0.0,79.0,10.1,0.0,0.0,0.0,5,0,10,0
TEST-02254,CMC,2025-11-10 06:00:00,50.44,8.0,0.0,91.0,3.1,0.0,0.0,0.0,6,0,10,0
TEST-00156,CMC,2025-11-10 07:00:00,86.28,12.0,0.0,90.0,10.3,0.0,0.0,0.0,7,0,10,0
TEST-02337,CMC,2025-11-10 08:00:00,62.8,11.9,0.0,84.0,6.6,0.0,0.0,0.0,8,0,10,0
TEST-03327,CMC,2025-11-10 09:00:00,33.4,15.4,0.0,80.0,14.4,0.0,0.0,0.0,9,0,10,0
TEST-03760,CMC,2025-11-10 10:00:00,26.87,16.1,0.0,76.0,8.3,0.0,0.0,0.0,10,0,10,0
TEST-02050,CMC,2025-11-10 11:00:00,25.89,17.9,0.0,73.0,9.3,0.0,0.0,0.0,11,0,10,0
TEST-01318,CMC,2025-11-10 12:00:00,24.83,20.8,0.0,61.0,14.6,0.0,0.0,0.0,12,0,10,0
TEST-01364,CMC,2025-11-10 13:00:00,24.07,21.0,0.0,58.0,5.7,0.0,0.0,0.0,13,0,10,0
TEST-01354,CMC,2025-11-10 14:00:00,22.9,19.7,0.0,65.0,12.9,0.0,0.0,0.0,14,0,10,0
TEST-01251,CMC,2025-11-10 15:00:00,23.13,21.9,0.0,63.0,17.5,0.0,0.0,0.0,15,0,10,0
TEST-00933,CMC,2025-11-10 16:00:00,29.46,21.4,0.0,57.0,11.8,0.0,0.0,0.0,16,0,10,0
TEST-03614,CMC,2025-11-10 17:00:00,42.47,20.3,0.0,60.0,6.1,0.0,0.0,0.0,17,0,10,0
TEST-03521,CMC,2025-11-10 18:00:00,53.28,19.6,0.0,60.0,7.3,0.0,0.0,0.0,18,0,10,0
TEST-03756,CMC,2025-11-10 19:00:00,63.44,17.2,0.0,71.0,26.7,0.0,0.0,0.0,19,0,10,0
TEST-01890,CMC,2025-11-10 20:00:00,58.11,17.9,0.0,73.0,13.0,0.0,0.0,0.0,20,0,10,0
TEST-01731,CMC,2025-11-10 21:00:00,40.66,14.7,0.0,74.0,6.8,0.0,0.0,0.0,21,0,10,0
TEST-01158,CMC,2025-11-10 22:00:00,29.99,13.8,0.0,64.0,12.1,0.0,0.0,0.0,22,0,10,0
TEST-01993,CMC,2025-11-10 23:00:00,14.64,12.7,0.0,86.0,7.2,0.0,0.0,0.0,23,0,10,0
TEST-03835,CMC,2025-11-11 00:00:00,5.98,9.1,0.0,88.0,8.6,0.0,0.0,0.0,0,1,11,0
TEST-03141,CMC,2025-11-11 01:00:00,5.33,8.3,0.0,82.0,11.6,0.0,0.0,0.0,1,1,11,0
TEST-00927,CMC,2025-11-11 02:00:00,4.53,8.5,0.0,96.0,8.6,0.0,0.0,0.0,2,1,11,0
TEST-02407,CMC,2025-11-11 03:00:00,6.4,6.7,0.0,95.0,15.1,0.0,0.0,0.0,3,1,11,0
TEST-02294,CMC,2025-11-11 04:00:00,11.29,6.9,0.0,93.0,9.0,0.0,0.0,0.0,4,1,11,0
TEST-02668,CMC,2025-11-11 05:00:00,22.74,8.4,0.0,86.0,11.2,0.0,0.0,0.0,5,1,11,0
TEST-00217,CMC,2025-11-11 06:00:00,50.14,9.4,0.0,89.0,5.8,0.0,0.0,0.0,6,1,11,0
TEST-03165,CMC,2025-11-11 07:00:00,93.14,9.8,0.0,91.0,5.9,0.0,0.0,0.0,7,1,11,0
TEST-03169,CMC,2025-11-11 08:00:00,67.6,14.0,0.0,86.0,7.8,0.0,0.0,0.0,8,1,11,0
TEST-03149,CMC,2025-11-11 09:00:00,36.84,15.2,0.0,82.0,6.5,0.0,0.0,0.0,9,1,11,0
TEST-03623,CMC,2025-11-11 10:00:00,24.68,16.4,0.0,72.0,12.1,0.0,0.0,0.0,10,1,11,0
TEST-03303,CMC,2025-11-11 11:00:00,26.47,17.4,0.0,66.0,11.7,0.0,0.0,0.0,11,1,11,0
TEST-00577,CMC,2025-11-11 12:00:00,24.74,20.1,0.0,71.0,15.1,0.0,0.0,0.0,12,1,11,0
TEST-02901,CMC,2025-11-11 13:00:00,32.51,19.8,0.0,77.0,9.4,0.0,0.0,0.0,13,1,11,0
TEST-02117,CMC,2025-11-11 14:00:00,25.36,19.6,0.0,60.0,10.7,0.0,0.0,0.0,14,1,11,0
TEST-01960,CMC,2025-11-11 15:00:00,23.88,22.6,0.0,58.0,12.4,0.0,0.0,0.0,15,1,11,0
TEST-02164,CMC,2025-11-11 16:00:00,33.31,20.6,0.0,65.0,8.9,0.0,0.0,0.0,16,1,11,0
TEST-01569,CMC,2025-11-11 17:00:00,45.51,20.4,0.0,62.0,8.3,0.0,0.0,0.0,17,1,11,0
TEST-00659,CMC,2025-11-11 18:00:00,54.08,17.1,0.0,59.0,11.2,0.0,0.0,0.0,18,1,11,0
TEST-02136,CMC,2025-11-11 19:00:00,66.11,17.2,0.2,67.0,9.7,1.0,0.0,0.0,19,1,11,0
TEST-02634,CMC,2025-11-11 20:00:00,61.94,17.3,0.0,82.0,7.2,0.0,0.0,0.0,20,1,11,0
TEST-01593,CMC,2025-11-11 21:00:00,47.01,13.7,0.0,85.0,11.7,0.0,0.0,0.0,21,1,11,0
TEST-03661,CMC,2025-11-11 22:00:00,24.9,12.6,0.0,86.0,4.0,0.0,0.0,0.0,22,1,11,0
TEST-01280,CMC,2025-11-11 23:00:00,15.45,12.6,0.0,80.0,9.2,0.0,0.0,0.0,23,1,11,0
TEST-03622,CMC,2025-11-12 00:00:00,5.42,10.2,0.0,83.0,10.5,0.0,0.0,0.0,0,2,12,0
TEST-03317,CMC,2025-11-12 01:00:00,4.61,10.3,0.0,83.0,11.7,0.0,0.0,0.0,1,2,12,0
TEST-00206,CMC,2025-11-12 02:00:00,4.52,9.2,0.0,94.0,11.6,0.0,0.0,0.0,2,2,12,0
TEST-02652,CMC,2025-11-12 03:00:00,4.39,7.7,0.0,95.0,6.2,0.0,0.0,0.0,3,2,12,0
TEST-01145,CMC,2025-11-12 04:00:00,8.15,8.1,0.0,97.0,10.8,0.0,0.0,0.0,4,2,12,0
TEST-03272,CMC,2025-11-12 05:00:00,19.94,7.4,0.0,95.0,4.4,0.0,0.0,0.0,5,2,12,0
TEST-00652,CMC,2025-11-12 06:00:00,49.62,11.2,0.0,88.0,9.0,0.0,0.0,0.0,6,2,12,0
TEST-01735,CMC,2025-11-12 07:00:00,83.52,10.5,0.0,79.0,18.7,0.0,0.0,0.0,7,2,12,0
TEST-00485,CMC,2025-11-12 08:00:00,59.1,12.7,0.0,85.0,11.2,0.0,0.0,0.0,8,2,12,0
TEST-03239,CMC,2025-11-12 09:00:00,39.59,13.1,2.6,82.0,10.4,1.0,0.0,0.0,9,2,12,0
TEST-00852,CMC,2025-11-12 10:00:00,23.97,16.7,0.0,71.0,12.3,0.0,0.0,0.0,10,2,12,0
TEST-01509,CMC,2025-11-12 11:00:00,27.73,18.4,0.2,67.0,5.5,1.0,0.0,0.0,11,2,12,0
TEST-02978,CMC,2025-11-12 12:00:00,26.21,18.0,0.0,62.0,13.0,0.0,0.0,0.0,12,2,12,0
TEST-01559,CMC,2025-11-12 13:00:00,24.58,21.7,0.0,60.0,6.5,0.0,0.0,0.0,13,2,12,0
TEST-03703,CMC,2025-11-12 14:00:00,25.05,21.6,0.0,75.0,12.5,0.0,0.0,0.0,14,2,12,0
TEST-02900,CMC,2025-11-12 15:00:00,23.88,21.4,0.1,71.0,10.6,1.0,0.0,0.0,15,2,12,0
TEST-02951,CMC,2025-11-12 16:00:00,27.69,21.9,0.0,59.0,5.2,0.0,0.0,0.0,16,2,12,0
TEST-03309,CMC,2025-11-12 17:00:00,41.88,18.9,0.0,66.0,14.0,0.0,0.0,0.0,17,2,12,0
TEST-00104,CMC,2025-11-12 18:00:00,54.04,17.4,0.0,68.0,6.8,0.0,0.0,0.0,18,2,12,0
TEST-01654,CMC,2025-11-12 19:00:00,57.22,16.5,0.0,61.0,10.2,0.0,0.0,0.0,19,2,12,0
TEST-03802,CMC,2025-11-12 20:00:00,58.57,16.7,0.0,64.0,8.7,0.0,0.0,0.0,20,2,12,0
TEST-03287,CMC,2025-11-12 21:00:00,38.77,16.1,0.0,74.0,13.8,0.0,0.0,0.0,21,2,12,0
TEST-03869,CMC,2025-11-12 22:00:00,32.4,13.2,1.2,71.0,14.1,1.0,0.0,0.0,22,2,12,0
TEST-02664,CMC,2025-11-12 23:00:00,10.09,10.6,0.0,90.0,21.8,0.0,0.0,0.0,23,2,12,0
TEST-00313,CMC,2025-11-13 00:00:00,8.04,10.5,0.8,88.5,8.8,1.0,0.0,0.0,0,3,13,0
TEST-01365,CMC,2025-11-13 01:00:00,5.22,11.2,0.0,87.0,14.0,0.0,0.0,0.0,1,3,13,0
TEST-03088,CMC,2025-11-13 02:00:00,4.84,9.0,0.0,99.0,14.4,0.0,0.0,0.0,2,3,13,0
TEST-02718,CMC,2025-11-13 03:00:00,4.84,8.9,0.0,86.0,12.7,0.0,0.0,0.0,3,3,13,0
TEST-00396,CMC,2025-11-13 04:00:00,8.87,7.9,1.2,96.0,5.7,1.0,0.0,0.0,4,3,13,0
TEST-02267,CMC,2025-11-13 05:00:00,24.46,9.1,0.0,91.0,8.1,0.0,0.0,0.0,5,3,13,0
TEST-01675,CMC,2025-11-13 06:00:00,46.65,9.1,0.0,99.0,5.5,0.0,0.0,0.0,6,3,13,0
TEST-02615,CMC,2025-11-13 07:00:00,68.89,13.4,0.0,85.0,4.7,0.0,0.0,0.0,7,3,13,0
TEST-02949,CMC,2025-11-13 08:00:00,57.08,15.0,0.0,77.0,14.1,0.0,0.0,0.0,8,3,13,0
TEST-02477,CMC,2025-11-13 09:00:00,34.61,15.1,0.0,73.0,4.6,0.0,0.0,0.0,9,3,13,0
TEST-00171,CMC,2025-11-13 10:00:00,29.02,18.3,0.0,62.0,8.9,0.0,0.0,0.0,10,3,13,0
TEST-00419,CMC,2025-11-13 11:00:00,24.94,17.4,0.0,72.0,7.7,0.0,0.0,0.0,11,3,13,0
TEST-02020,CMC,2025-11-13 12:00:00,26.07,18.2,0.0,64.0,13.1,0.0,0.0,0.0,12,3,13,0
TEST-03837,CMC,2025-11-13 13:00:00,30.09,19.0,0.8,86.0,14.7,1.0,0.0,0.0,13,3,13,0
TEST-00873,CMC,2025-11-13 14:00:00,30.2,19.0,3.6,75.0,4.4,1.0,0.0,0.0,14,3,13,0
TEST-00564,CMC,2025-11-13 15:00:00,38.3,21.2,25.7,84.0,9.8,1.0,0.0,0.0,15,3,13,0
TEST-00678,CMC,2025-11-13 16:00:00,48.36,19.3,3.0,85.0,9.6,1.0,0.0,0.0,16,3,13,0
TEST-01557,CMC,2025-11-13 17:00:00,66.88,19.3,3.6,82.0,15.5,1.0,0.0,0.0,17,3,13,0
TEST-03714,CMC,2025-11-13 18:00:00,74.64,19.5,3.6,82.0,9.1,1.0,0.0,0.0,18,3,13,0
TEST-00292,CMC,2025-11-13 19:00:00,68.38,20.5,0.3,68.0,12.0,1.0,0.0,0.0,19,3,13,0
TEST-00213,CMC,2025-11-13 20:00:00,54.73,16.6,0.0,62.0,16.8,0.0,0.0,0.0,20,3,13,0
TEST-02238,CMC,2025-11-13 21:00:00,40.32,15.2,0.0,81.0,15.7,0.0,0.0,0.0,21,3,13,0
TEST-02185,CMC,2025-11-13 22:00:00,22.15,14.9,0.0,87.0,24.1,0.0,0.0,0.0,22,3,13,0
TEST-00778,CMC,2025-11-13 23:00:00,18.66,11.9,1.0,91.0,6.9,1.0,0.0,0.0,23,3,13,0
TEST-02057,CMC,2025-11-14 00:00:00,4.93,12.3,0.0,82.0,8.6,0.0,0.0,0.0,0,4,14,0
TEST-03877,CMC,2025-11-14 01:00:00,4.95,10.9,0.0,90.0,13.8,0.0,0.0,0.0,1,4,14,0
TEST-01532,CMC,2025-11-14 02:00:00,3.83,9.8,0.0,97.0,3.6,0.0,0.0,0.0,2,4,14,0
TEST-00923,CMC,2025-11-14 03:00:00,4.79,8.9,0.0,82.0,11.6,0.0,0.0,0.0,3,4,14,0
TEST-01668,CMC,2025-11-14 04:00:00,7.61,9.3,0.0,92.0,15.9,0.0,0.0,0.0,4,4,14,0
TEST-03692,CMC,2025-11-14 05:00:00,21.19,8.8,0.0,90.0,15.5,0.0,0.0,0.0,5,4,14,0
TEST-03121,CMC,2025-11-14 06:00:00,46.65,12.0,0.0,77.0,12.1,0.0,0.0,0.0,6,4,14,0
TEST-03768,CMC,2025-11-14 07:00:00,69.04,13.5,0.0,89.0,3.7,0.0,0.0,0.0,7,4,14,0
TEST-02810,CMC,2025-11-14 08:00:00,60.59,14.9,0.0,78.0,22.1,0.0,0.0,0.0,8,4,14,0
TEST-03170,CMC,2025-11-14 09:00:00,34.13,16.7,0.0,73.0,13.2,0.0,0.0,0.0,9,4,14,0
TEST-02829,CMC,2025-11-14 10:00:00,24.8,18.15,0.0,69.5,13.7,0.0,0.0,0.0,10,4,14,0
TEST-01253,CMC,2025-11-14 11:00:00,25.61,19.6,0.0,66.0,14.2,0.0,0.0,0.0,11,4,14,0
TEST-01844,CMC,2025-11-14 12:00:00,26.27,21.2,0.0,60.5,7.9,0.0,0.0,0.0,12,4,14,0
TEST-01026,CMC,2025-11-14 13:00:00,30.73,21.5,0.0,55.0,16.1,0.0,0.0,0.0,13,4,14,0
TEST-00274,CMC,2025-11-14 14:00:00,26.31,22.8,0.0,62.0,15.1,0.0,0.0,0.0,14,4,14,0
TEST-03434,CMC,2025-11-14 15:00:00,24.72,21.7,0.0,61.0,18.0,0.0,0.0,0.0,15,4,14,0
TEST-02641,CMC,2025-11-14 16:00:00,32.17,22.5,0.0,66.0,18.3,0.0,0.0,0.0,16,4,14,0
TEST-02987,CMC,2025-11-14 17:00:00,47.97,22.4,0.0,66.0,6.5,0.0,0.0,0.0,17,4,14,0
TEST-00629,CMC,2025-11-14 18:00:00,59.42,20.4,0.0,61.0,10.6,0.0,0.0,0.0,18,4,14,0
TEST-01927,CMC,2025-11-14 19:00:00,80.56,20.1,0.0,68.0,8.1,0.0,0.0,0.0,19,4,14,0
TEST-03086,CMC,2025-11-14 20:00:00,63.3,17.6,0.0,71.0,6.0,0.0,0.0,0.0,20,4,14,0
TEST-00269,CMC,2025-11-14 21:00:00,41.92,16.1,0.0,84.0,4.4,0.0,0.0,0.0,21,4,14,0
TEST-00177,CMC,2025-11-14 22:00:00,26.99,14.9,0.0,78.0,3.7,0.0,0.0,0.0,22,4,14,0
TEST-01150,CMC,2025-11-14 23:00:00,13.6,11.5,0.0,86.0,8.4,0.0,0.0,0.0,23,4,14,0
TEST-03249,GERJI,2025-11-01 00:00:00,8.03,14.2,0.0,85.0,5.7,0.0,0.0,0.0,0,5,1,1
TEST-00367,GERJI,2025-11-01 01:00:00,4.88,10.9,0.0,88.0,9.8,0.0,0.0,0.0,1,5,1,1
TEST-01750,GERJI,2025-11-01 02:00:00,5.81,11.2,0.0,83.0,9.4,0.0,0.0,0.0,2,5,1,1
TEST-02792,GERJI,2025-11-01 03:00:00,4.7,10.4,0.0,78.0,9.8,0.0,0.0,0.0,3,5,1,1
TEST-03515,GERJI,2025-11-01 04:00:00,6.29,11.5,0.0,83.0,13.4,0.0,0.0,0.0,4,5,1,1
TEST-00899,GERJI,2025-11-01 05:00:00,11.48,12.2,0.0,87.0,7.0,0.0,0.0,0.0,5,5,1,1
TEST-01465,GERJI,2025-11-01 06:00:00,15.23,13.2,0.0,84.0,7.8,0.0,0.0,0.0,6,5,1,1
TEST-00915,GERJI,2025-11-01 07:00:00,20.91,15.1,0.0,67.0,13.3,0.0,0.0,0.0,7,5,1,1
TEST-01701,GERJI,2025-11-01 08:00:00,28.48,16.1,0.0,79.0,8.0,0.0,0.0,0.0,8,5,1,1
TEST-00202,GERJI,2025-11-01 09:00:00,39.18,17.8,0.0,69.0,7.8,0.0,0.0,0.0,9,5,1,1
TEST-02069,GERJI,2025-11-01 10:00:00,43.06,19.3,0.0,67.0,7.2,0.0,0.0,0.0,10,5,1,1
TEST-03090,GERJI,2025-11-01 11:00:00,44.52,21.1,0.0,59.0,14.6,0.0,0.0,0.0,11,5,1,1
TEST-02088,GERJI,2025-11-01 12:00:00,46.4,22.9,0.0,56.0,6.1,0.0,0.0,0.0,12,5,1,1
TEST-02092,GERJI,2025-11-01 13:00:00,47.44,21.8,0.0,48.0,17.9,0.0,0.0,0.0,13,5,1,1
TEST-01842,GERJI,2025-11-01 14:00:00,45.06,25.5,0.0,54.0,8.3,0.0,0.0,0.0,14,5,1,1
TEST-01245,GERJI,2025-11-01 15:00:00,46.3,23.9,0.0,56.0,6.4,0.0,0.0,0.0,15,5,1,1
TEST-01467,GERJI,2025-11-01 16:00:00,43.27,24.2,0.0,51.0,4.1,0.0,0.0,0.0,16,5,1,1
TEST-00418,GERJI,2025-11-01 17:00:00,45.07,22.8,0.0,60.0,7.1,0.0,0.0,0.0,17,5,1,1
TEST-02925,GERJI,2025-11-01 18:00:00,49.28,22.4,0.0,65.0,9.3,0.0,0.0,0.0,18,5,1,1
TEST-00408,GERJI,2025-11-01 19:00:00,53.7,22.8,0.0,56.0,21.6,0.0,0.0,0.0,19,5,1,1
TEST-02811,GERJI,2025-11-01 20:00:00,49.17,20.1,0.0,64.0,10.9,0.0,0.0,0.0,20,5,1,1
TEST-00387,GERJI,2025-11-01 21:00:00,34.74,17.0,0.0,65.0,12.9,0.0,0.0,0.0,21,5,1,1
TEST-00734,GERJI,2025-11-01 22:00:00,23.0,15.4,0.0,73.0,11.0,0.0,0.0,0.0,22,5,1,1
TEST-02866,GERJI,2025-11-01 23:00:00,12.9,14.6,0.0,80.0,14.1,0.0,0.0,0.0,23,5,1,1
TEST-01558,GERJI,2025-11-02 00:00:00,6.92,13.1,0.0,84.0,14.9,0.0,0.0,0.0,0,6,2,1
TEST-00708,GERJI,2025-11-02 01:00:00,6.15,11.0,0.0,84.0,3.8,0.0,0.0,0.0,1,6,2,1
TEST-03795,GERJI,2025-11-02 02:00:00,5.92,10.7,0.0,82.0,16.2,0.0,0.0,0.0,2,6,2,1
TEST-03374,GERJI,2025-11-02 03:00:00,5.38,11.0,0.0,81.0,11.9,0.0,0.0,0.0,3,6,2,1
TEST-02638,GERJI,2025-11-02 04:00:00,6.2,11.7,0.0,94.0,10.4,0.0,0.0,0.0,4,6,2,1
TEST-02280,GERJI,2025-11-02 05:00:00,12.31,11.9,0.0,82.0,16.0,0.0,0.0,0.0,5,6,2,1
TEST-02313,GERJI,2025-11-02 06:00:00,14.73,12.9,0.0,73.0,12.7,0.0,0.0,0.0,6,6,2,1
TEST-00959,GERJI,2025-11-02 07:00:00,22.43,16.0,0.0,83.0,9.1,0.0,0.0,0.0,7,6,2,1
TEST-00070,GERJI,2025-11-02 08:00:00,26.95,16.1,0.0,74.0,17.1,0.0,0.0,0.0,8,6,2,1
TEST-01588,GERJI,2025-11-02 09:00:00,40.78,18.5,0.2,67.0,11.2,1.0,0.0,0.0,9,6,2,1
TEST-00807,GERJI,2025-11-02 10:00:00,43.01,20.1,0.0,65.0,13.7,0.0,0.0,0.0,10,6,2,1
TEST-01492,GERJI,2025-11-02 11:00:00,46.26,21.5,0.0,60.0,15.3,0.0,0.0,0.0,11,6,2,1
TEST-03591,GERJI,2025-11-02 12:00:00,49.21,23.5,0.3,53.0,5.6,1.0,0.0,0.0,12,6,2,1
TEST-02177,GERJI,2025-11-02 13:00:00,48.86,24.2,0.15,57.5,5.25,1.0,0.0,0.0,13,6,2,1
TEST-00764,GERJI,2025-11-02 14:00:00,46.71,24.9,0.0,62.0,4.9,0.0,0.0,0.0,14,6,2,1
TEST-02711,GERJI,2025-11-02 15:00:00,48.41,24.3,0.6,69.0,15.0,1.0,0.0,0.0,15,6,2,1
TEST-01523,GERJI,2025-11-02 16:00:00,45.76,24.9,0.0,56.0,6.9,0.0,0.0,0.0,16,6,2,1
TEST-03444,GERJI,2025-11-02 17:00:00,80.24,22.8,13.0,65.0,4.1,1.0,0.0,0.0,17,6,2,1
TEST-03383,GERJI,2025-11-02 18:00:00,58.26,23.7,0.0,57.0,12.0,0.0,0.0,0.0,18,6,2,1
TEST-03765,GERJI,2025-11-02 19:00:00,62.95,21.0,0.0,60.0,8.6,0.0,0.0,0.0,19,6,2,1
TEST-01243,GERJI,2025-11-02 20:00:00,49.2,18.9,0.0,62.0,20.8,0.0,0.0,0.0,20,6,2,1
TEST-02877,GERJI,2025-11-02 21:00:00,37.06,18.3,0.0,64.0,6.8,0.0,0.0,0.0,21,6,2,1
TEST-02351,GERJI,2025-11-02 22:00:00,22.28,15.6,0.0,72.0,13.5,0.0,0.0,0.0,22,6,2,1
TEST-00697,GERJI,2025-11-02 23:00:00,12.0,15.7,0.0,75.0,8.9,0.0,0.0,0.0,23,6,2,1
TEST-02064,GERJI,2025-11-03 00:00:00,7.77,13.8,0.0,80.0,15.5,0.0,0.0,0.0,0,0,3,0
TEST-00338,GERJI,2025-11-03 01:00:00,5.27,11.9,0.0,86.0,7.5,0.0,0.0,0.0,1,0,3,0
TEST-00619,GERJI,2025-11-03 02:00:00,6.38,12.9,0.0,78.0,7.0,0.0,0.0,0.0,2,0,3,0
TEST-01246,GERJI,2025-11-03 03:00:00,5.29,14.3,0.0,85.0,14.8,0.0,0.0,0.0,3,0,3,0
TEST-03127,GERJI,2025-11-03 04:00:00,7.42,12.4,0.0,84.0,7.4,0.0,0.0,0.0,4,0,3,0
TEST-01618,GERJI,2025-11-03 05:00:00,21.25,12.8,0.0,84.0,7.8,0.0,0.0,0.0,5,0,3,0
TEST-02363,GERJI,2025-11-03 06:00:00,48.32,14.2,0.0,82.0,13.7,0.0,0.0,0.0,6,0,3,0
TEST-01258,GERJI,2025-11-03 07:00:00,74.44,15.2,0.0,65.0,10.3,0.0,0.0,0.0,7,0,3,0
TEST-01916,GERJI,2025-11-03 08:00:00,53.29,16.0,0.0,69.0,10.7,0.0,0.0,0.0,8,0,3,0
TEST-02093,GERJI,2025-11-03 09:00:00,30.34,19.9,0.0,71.0,12.8,0.0,0.0,0.0,9,0,3,0
TEST-03202,GERJI,2025-11-03 10:00:00,23.03,18.0,0.0,64.0,17.1,0.0,0.0,0.0,10,0,3,0
TEST-01133,GERJI,2025-11-03 11:00:00,22.81,19.9,0.0,67.0,12.1,0.0,0.0,0.0,11,0,3,0
TEST-01600,GERJI,2025-11-03 12:00:00,23.26,22.8,0.0,58.0,7.2,0.0,0.0,0.0,12,0,3,0
TEST-02712,GERJI,2025-11-03 13:00:00,23.83,24.8,0.0,54.0,12.6,0.0,0.0,0.0,13,0,3,0
TEST-02558,GERJI,2025-11-03 14:00:00,22.16,24.8,0.0,46.0,13.3,0.0,0.0,0.0,14,0,3,0
TEST-02990,GERJI,2025-11-03 15:00:00,20.38,25.6,0.0,41.0,11.9,0.0,0.0,0.0,15,0,3,0
TEST-00530,GERJI,2025-11-03 16:00:00,24.16,25.3,0.0,51.0,15.5,0.0,0.0,0.0,16,0,3,0
TEST-01250,GERJI,2025-11-03 17:00:00,37.73,24.0,0.0,55.0,11.0,0.0,0.0,0.0,17,0,3,0
TEST-01020,GERJI,2025-11-03 18:00:00,48.4,24.4,0.0,61.0,8.3,0.0,0.0,0.0,18,0,3,0
TEST-00468,GERJI,2025-11-03 19:00:00,52.04,21.6,0.0,63.0,7.9,0.0,0.0,0.0,19,0,3,0
TEST-03396,GERJI,2025-11-03 20:00:00,58.2,19.8,0.0,60.0,7.7,0.0,0.0,0.0,20,0,3,0
TEST-03460,GERJI,2025-11-03 21:00:00,41.29,19.9,0.0,61.0,6.6,0.0,0.0,0.0,21,0,3,0
TEST-00853,GERJI,2025-11-03 22:00:00,26.31,18.3,0.0,66.0,10.8,0.0,0.0,0.0,22,0,3,0
TEST-01292,GERJI,2025-11-03 23:00:00,14.2,13.7,0.0,87.0,5.8,0.0,0.0,0.0,23,0,3,0
TEST-00584,GERJI,2025-11-04 00:00:00,7.37,12.9,0.0,72.0,13.9,0.0,0.0,0.0,0,1,4,0
TEST-00669,GERJI,2025-11-04 01:00:00,7.83,13.2,0.0,69.0,9.0,0.0,0.0,0.0,1,1,4,0
TEST-01468,GERJI,2025-11-04 02:00:00,4.73,11.8,0.0,78.0,10.9,0.0,0.0,0.0,2,1,4,0
TEST-01021,GERJI,2025-11-04 03:00:00,2.12,11.5,0.0,89.0,15.9,0.0,0.0,0.0,3,1,4,0
TEST-01698,GERJI,2025-11-04 04:00:00,8.49,11.2,0.3,85.0,7.5,1.0,0.0,0.0,4,1,4,0
TEST-00433,GERJI,2025-11-04 05:00:00,22.61,13.2,0.0,86.0,8.4,0.0,0.0,0.0,5,1,4,0
TEST-00229,GERJI,2025-11-04 06:00:00,50.25,14.0,0.0,81.0,10.9,0.0,0.0,0.0,6,1,4,0
TEST-00490,GERJI,2025-11-04 07:00:00,77.7,14.7,0.0,81.0,13.7,0.0,0.0,0.0,7,1,4,0
TEST-00876,GERJI,2025-11-04 08:00:00,54.62,16.9,0.0,71.0,16.3,0.0,0.0,0.0,8,1,4,0
TEST-01269,GERJI,2025-11-04 09:00:00,30.76,18.5,0.0,64.0,13.7,0.0,0.0,0.0,9,1,4,0
TEST-03417,GERJI,2025-11-04 10:00:00,28.21,21.5,0.0,68.0,8.7,0.0,0.0,0.0,10,1,4,0
TEST-02413,GERJI,2025-11-04 11:00:00,24.22,22.0,0.0,61.0,6.6,0.0,0.0,0.0,11,1,4,0
TEST-00810,GERJI,2025-11-04 12:00:00,23.09,23.7,0.0,63.0,12.5,0.0,0.0,0.0,12,1,4,0
TEST-03077,GERJI,2025-11-04 13:00:00,29.09,23.6,0.3,54.0,14.0,1.0,0.0,0.0,13,1,4,0
TEST-01804,GERJI,2025-11-04 14:00:00,23.24,26.3,0.0,45.0,6.6,0.0,0.0,0.0,14,1,4,0
TEST-02205,GERJI,2025-11-04 15:00:00,21.68,25.2,0.0,51.0,9.0,0.0,0.0,0.0,15,1,4,0
TEST-02601,GERJI,2025-11-04 16:00:00,45.87,25.5,0.3,42.0,8.6,1.0,0.0,0.0,16,1,4,0
TEST-03849,GERJI,2025-11-04 17:00:00,37.77,24.1,0.0,54.0,12.8,0.0,0.0,0.0,17,1,4,0
TEST-00554,GERJI,2025-11-04 18:00:00,61.25,22.9,0.0,45.0,12.4,0.0,0.0,0.0,18,1,4,0
TEST-02660,GERJI,2025-11-04 19:00:00,51.06,23.6,0.0,57.0,20.6,0.0,0.0,0.0,19,1,4,0
TEST-01353,GERJI,2025-11-04 20:00:00,57.58,21.1,0.0,69.0,7.7,0.0,0.0,0.0,20,1,4,0
TEST-02973,GERJI,2025-11-04 21:00:00,37.64,18.6,0.0,70.0,15.3,0.0,0.0,0.0,21,1,4,0
TEST-00837,GERJI,2025-11-04 22:00:00,24.63,17.5,0.0,69.0,10.0,0.0,0.0,0.0,22,1,4,0
TEST-00181,GERJI,2025-11-04 23:00:00,14.7,16.9,0.0,70.0,6.0,0.0,0.0,0.0,23,1,4,0
TEST-00238,GERJI,2025-11-05 00:00:00,7.07,13.8,0.0,80.0,9.9,0.0,0.0,0.0,0,2,5,0
TEST-00415,GERJI,2025-11-05 01:00:00,4.92,12.6,0.0,78.0,5.0,0.0,0.0,0.0,1,2,5,0
TEST-03916,GERJI,2025-11-05 02:00:00,8.89,11.2,0.0,77.0,25.5,0.0,0.0,0.0,2,2,5,0
TEST-00717,GERJI,2025-11-05 03:00:00,5.65,12.3,0.0,83.0,12.9,0.0,0.0,0.0,3,2,5,0
TEST-02694,GERJI,2025-11-05 04:00:00,15.89,12.9,0.0,80.0,8.5,0.0,0.0,0.0,4,2,5,0
TEST-00101,GERJI,2025-11-05 05:00:00,21.09,13.0,0.0,86.0,13.5,0.0,0.0,0.0,5,2,5,0
TEST-03681,GERJI,2025-11-05 06:00:00,48.4,13.9,0.0,75.0,9.9,0.0,0.0,0.0,6,2,5,0
TEST-03026,GERJI,2025-11-05 07:00:00,70.75,15.7,0.0,86.0,7.4,0.0,0.0,0.0,7,2,5,0
TEST-01595,GERJI,2025-11-05 08:00:00,51.52,18.0,0.0,72.0,7.8,0.0,0.0,0.0,8,2,5,0
TEST-01135,GERJI,2025-11-05 09:00:00,30.45,19.3,0.0,61.0,12.6,0.0,0.0,0.0,9,2,5,0
TEST-01134,GERJI,2025-11-05 10:00:00,21.83,20.7,0.0,61.0,11.2,0.0,0.0,0.0,10,2,5,0
TEST-01633,GERJI,2025-11-05 11:00:00,21.99,21.1,0.0,65.0,8.2,0.0,0.0,0.0,11,2,5,0
TEST-01193,GERJI,2025-11-05 12:00:00,24.22,23.8,0.0,58.0,15.0,0.0,0.0,0.0,12,2,5,0
TEST-02942,GERJI,2025-11-05 13:00:00,23.13,22.9,0.0,56.0,7.5,0.0,0.0,0.0,13,2,5,0
TEST-03721,GERJI,2025-11-05 14:00:00,21.32,25.2,0.0,53.0,8.3,0.0,0.0,0.0,14,2,5,0
TEST-03949,GERJI,2025-11-05 15:00:00,24.11,24.1,0.0,45.0,20.0,0.0,0.0,0.0,15,2,5,0
TEST-03931,GERJI,2025-11-05 16:00:00,26.37,25.4,0.0,56.0,5.1,0.0,0.0,0.0,16,2,5,0
TEST-00833,GERJI,2025-11-05 17:00:00,38.45,24.9,0.0,49.0,8.3,0.0,0.0,0.0,17,2,5,0
TEST-01425,GERJI,2025-11-05 18:00:00,46.99,23.5,0.0,63.0,11.8,0.0,0.0,0.0,18,2,5,0
TEST-03331,GERJI,2025-11-05 19:00:00,52.09,20.8,0.0,55.0,12.0,0.0,0.0,0.0,19,2,5,0
TEST-00846,GERJI,2025-11-05 20:00:00,51.49,17.9,0.0,54.0,10.9,0.0,0.0,0.0,20,2,5,0
TEST-03175,GERJI,2025-11-05 21:00:00,36.13,17.1,0.0,70.0,7.0,0.0,0.0,0.0,21,2,5,0
TEST-00476,GERJI,2025-11-05 22:00:00,25.1,16.1,0.0,65.0,10.1,0.0,0.0,0.0,22,2,5,0
TEST-01878,GERJI,2025-11-05 23:00:00,19.08,14.7,0.0,70.0,8.1,0.0,0.0,0.0,23,2,5,0
TEST-01315,GERJI,2025-11-06 00:00:00,3.28,10.6,0.0,85.0,11.6,0.0,0.0,0.0,0,3,6,0
TEST-03727,GERJI,2025-11-06 01:00:00,1.97,10.5,0.0,85.0,10.5,0.0,0.0,0.0,1,3,6,0
TEST-01097,GERJI,2025-11-06 02:00:00,2.82,9.8,0.0,91.0,11.0,0.0,0.0,0.0,2,3,6,0
TEST-02907,GERJI,2025-11-06 03:00:00,3.17,12.0,0.1,89.0,11.9,1.0,0.0,0.0,3,3,6,0
TEST-00255,GERJI,2025-11-06 04:00:00,9.39,12.1,0.05,81.5,9.95,1.0,0.0,0.0,4,3,6,0
TEST-02858,GERJI,2025-11-06 05:00:00,21.09,12.2,0.0,74.0,8.0,0.0,0.0,0.0,5,3,6,0
TEST-01403,GERJI,2025-11-06 06:00:00,48.7,13.0,0.0,82.0,12.5,0.0,0.0,0.0,6,3,6,0
TEST-01702,GERJI,2025-11-06 07:00:00,72.18,14.3,0.0,71.0,13.1,0.0,0.0,0.0,7,3,6,0
TEST-03986,GERJI,2025-11-06 08:00:00,51.82,17.7,0.0,69.0,15.0,0.0,0.0,0.0,8,3,6,0
TEST-03878,GERJI,2025-11-06 09:00:00,30.6,18.8,0.0,65.0,7.3,0.0,0.0,0.0,9,3,6,0
TEST-01976,GERJI,2025-11-06 10:00:00,24.2,19.3,0.0,69.0,6.9,0.0,0.0,0.0,10,3,6,0
TEST-03259,GERJI,2025-11-06 11:00:00,21.65,19.4,0.0,57.0,8.3,0.0,0.0,0.0,11,3,6,0
TEST-03484,GERJI,2025-11-06 12:00:00,22.13,20.4,0.0,52.0,17.3,0.0,0.0,0.0,12,3,6,0
TEST-00392,GERJI,2025-11-06 13:00:00,22.97,23.2,0.0,58.0,7.7,0.0,0.0,0.0,13,3,6,0
TEST-00298,GERJI,2025-11-06 14:00:00,21.27,25.1,0.0,51.0,6.2,0.0,0.0,0.0,14,3,6,0
TEST-03503,GERJI,2025-11-06 15:00:00,20.1,27.0,0.0,58.0,7.5,0.0,0.0,0.0,15,3,6,0
TEST-00755,GERJI,2025-11-06 16:00:00,26.3,25.7,0.0,49.0,12.2,0.0,0.0,0.0,16,3,6,0
TEST-03302,GERJI,2025-11-06 17:00:00,42.39,22.1,0.0,65.0,8.6,0.0,0.0,0.0,17,3,6,0
TEST-03813,GERJI,2025-11-06 18:00:00,47.84,21.1,0.0,59.0,16.7,0.0,0.0,0.0,18,3,6,0
TEST-02998,GERJI,2025-11-06 19:00:00,51.28,20.6,0.0,64.0,9.3,0.0,0.0,0.0,19,3,6,0
TEST-02459,GERJI,2025-11-06 20:00:00,50.85,19.2,0.0,66.0,14.1,0.0,0.0,0.0,20,3,6,0
TEST-00728,GERJI,2025-11-06 21:00:00,35.67,15.9,0.0,65.0,7.8,0.0,0.0,0.0,21,3,6,0
TEST-01987,GERJI,2025-11-06 22:00:00,25.25,16.5,0.0,76.0,8.2,0.0,0.0,0.0,22,3,6,0
TEST-01482,GERJI,2025-11-06 23:00:00,12.98,15.8,0.0,76.0,12.3,0.0,0.0,0.0,23,3,6,0
TEST-03228,GERJI,2025-11-07 00:00:00,5.13,12.4,0.0,86.0,4.7,0.0,0.0,0.0,0,4,7,0
TEST-01180,GERJI,2025-11-07 01:00:00,2.75,11.8,0.0,85.0,11.0,0.0,0.0,0.0,1,4,7,0
TEST-00368,GERJI,2025-11-07 02:00:00,3.06,11.9,0.0,92.0,6.4,0.0,0.0,0.0,2,4,7,0
TEST-03544,GERJI,2025-11-07 03:00:00,2.35,10.7,0.0,87.0,11.2,0.0,0.0,0.0,3,4,7,0
TEST-01822,GERJI,2025-11-07 04:00:00,7.52,10.1,0.0,84.0,6.8,0.0,0.0,0.0,4,4,7,0
TEST-02348,GERJI,2025-11-07 05:00:00,23.43,13.5,0.0,77.0,13.1,0.0,0.0,0.0,5,4,7,0
TEST-02305,GERJI,2025-11-07 06:00:00,51.93,14.0,0.0,75.0,8.5,0.0,0.0,0.0,6,4,7,0
TEST-03032,GERJI,2025-11-07 07:00:00,74.77,13.9,0.0,87.0,13.4,0.0,0.0,0.0,7,4,7,0
TEST-02014,GERJI,2025-11-07 08:00:00,54.43,15.3,1.2,74.0,12.2,1.0,0.0,0.0,8,4,7,0
TEST-01504,GERJI,2025-11-07 09:00:00,36.15,19.4,0.0,66.5,8.5,0.0,0.0,0.0,9,4,7,0
TEST-02302,GERJI,2025-11-07 10:00:00,25.31,19.4,0.0,59.0,4.9,0.0,0.0,0.0,10,4,7,0
TEST-03436,GERJI,2025-11-07 11:00:00,22.49,20.3,0.0,71.0,9.9,0.0,0.0,0.0,11,4,7,0
TEST-01140,GERJI,2025-11-07 12:00:00,25.37,21.5,0.0,57.0,11.8,0.0,0.0,0.0,12,4,7,0
TEST-03126,GERJI,2025-11-07 13:00:00,25.88,23.1,0.0,50.0,18.1,0.0,0.0,0.0,13,4,7,0
TEST-02575,GERJI,2025-11-07 14:00:00,28.54,23.2,0.0,44.0,13.3,0.0,0.0,0.0,14,4,7,0
TEST-02684,GERJI,2025-11-07 15:00:00,22.13,24.9,0.0,58.0,7.4,0.0,0.0,0.0,15,4,7,0
TEST-00033,GERJI,2025-11-07 16:00:00,23.77,25.7,0.0,52.0,11.2,0.0,0.0,0.0,16,4,7,0
TEST-02158,GERJI,2025-11-07 17:00:00,38.95,23.4,0.0,64.0,14.9,0.0,0.0,0.0,17,4,7,0
TEST-02081,GERJI,2025-11-07 18:00:00,52.04,22.1,0.0,65.0,13.0,0.0,0.0,0.0,18,4,7,0
TEST-03260,GERJI,2025-11-07 19:00:00,55.37,20.2,0.0,67.0,11.6,0.0,0.0,0.0,19,4,7,0
TEST-02851,GERJI,2025-11-07 20:00:00,57.55,21.5,0.0,63.0,26.2,0.0,0.0,0.0,20,4,7,0
TEST-02399,GERJI,2025-11-07 21:00:00,37.96,17.0,0.0,69.0,7.2,0.0,0.0,0.0,21,4,7,0
TEST-00291,GERJI,2025-11-07 22:00:00,25.18,16.0,0.0,81.0,19.3,0.0,0.0,0.0,22,4,7,0
TEST-01662,GERJI,2025-11-07 23:00:00,13.58,12.8,0.0,77.0,10.2,0.0,0.0,0.0,23,4,7,0
TEST-02044,GERJI,2025-11-08 00:00:00,8.99,12.9,0.0,79.0,10.5,0.0,0.0,0.0,0,5,8,1
TEST-03076,GERJI,2025-11-08 01:00:00,7.6,12.3,0.0,84.0,15.4,0.0,0.0,0.0,1,5,8,1
TEST-01417,GERJI,2025-11-08 02:00:00,6.09,11.6,0.0,83.0,5.4,0.0,0.0,0.0,2,5,8,1
TEST-02571,GERJI,2025-11-08 03:00:00,5.49,10.5,0.0,95.0,13.8,0.0,0.0,0.0,3,5,8,1
TEST-02717,GERJI,2025-11-08 04:00:00,6.29,9.8,0.0,84.0,7.3,0.0,0.0,0.0,4,5,8,1
TEST-03123,GERJI,2025-11-08 05:00:00,9.65,11.1,0.0,85.0,18.7,0.0,0.0,0.0,5,5,8,1
TEST-02129,GERJI,2025-11-08 06:00:00,12.33,12.5,0.0,77.0,19.2,0.0,0.0,0.0,6,5,8,1
TEST-00774,GERJI,2025-11-08 07:00:00,16.64,13.3,0.0,71.0,9.1,0.0,0.0,0.0,7,5,8,1
TEST-02304,GERJI,2025-11-08 08:00:00,24.55,14.5,0.0,73.0,7.0,0.0,0.0,0.0,8,5,8,1
TEST-03698,GERJI,2025-11-08 09:00:00,37.16,19.1,0.0,63.0,13.4,0.0,0.0,0.0,9,5,8,1
TEST-00015,GERJI,2025-11-08 10:00:00,43.31,19.3,0.0,66.0,6.4,0.0,0.0,0.0,10,5,8,1
TEST-02655,GERJI,2025-11-08 11:00:00,43.34,20.9,0.0,60.0,3.8,0.0,0.0,0.0,11,5,8,1
TEST-00632,GERJI,2025-11-08 12:00:00,47.14,22.7,0.0,65.0,20.3,0.0,0.0,0.0,12,5,8,1
TEST-03297,GERJI,2025-11-08 13:00:00,46.04,24.0,0.0,58.0,6.3,0.0,0.0,0.0,13,5,8,1
TEST-01609,GERJI,2025-11-08 14:00:00,44.61,23.1,0.0,61.0,12.4,0.0,0.0,0.0,14,5,8,1
TEST-03114,GERJI,2025-11-08 15:00:00,45.37,23.0,0.0,60.0,5.8,0.0,0.0,0.0,15,5,8,1
TEST-02495,GERJI,2025-11-08 16:00:00,45.49,23.4,0.0,59.0,8.4,0.0,0.0,0.0,16,5,8,1
TEST-03972,GERJI,2025-11-08 17:00:00,44.62,23.2,0.0,56.0,7.7,0.0,0.0,0.0,17,5,8,1
TEST-03041,GERJI,2025-11-08 18:00:00,49.03,22.9,0.0,56.0,15.4,0.0,0.0,0.0,18,5,8,1
TEST-01553,GERJI,2025-11-08 19:00:00,47.67,21.35,0.0,63.0,14.0,0.0,0.0,0.0,19,5,8,1
TEST-02487,GERJI,2025-11-08 20:00:00,48.87,19.8,0.0,70.0,12.6,0.0,0.0,0.0,20,5,8,1
TEST-01331,GERJI,2025-11-08 21:00:00,40.49,17.7,0.0,73.0,8.6,0.0,0.0,0.0,21,5,8,1
TEST-02422,GERJI,2025-11-08 22:00:00,22.02,15.2,0.0,75.0,9.0,0.0,0.0,0.0,22,5,8,1
TEST-00430,GERJI,2025-11-08 23:00:00,14.39,14.2,0.0,81.0,3.8,0.0,0.0,0.0,23,5,8,1
TEST-01554,GERJI,2025-11-09 00:00:00,7.42,11.3,0.0,83.0,11.4,0.0,0.0,0.0,0,6,9,1
TEST-03674,GERJI,2025-11-09 01:00:00,7.54,9.3,0.0,89.0,8.3,0.0,0.0,0.0,1,6,9,1
TEST-00788,GERJI,2025-11-09 02:00:00,6.06,9.1,0.0,91.0,13.7,0.0,0.0,0.0,2,6,9,1
TEST-00426,GERJI,2025-11-09 03:00:00,5.31,9.3,0.0,92.0,12.9,0.0,0.0,0.0,3,6,9,1
TEST-01330,GERJI,2025-11-09 04:00:00,6.42,9.3,0.0,88.0,9.5,0.0,0.0,0.0,4,6,9,1
TEST-00186,GERJI,2025-11-09 05:00:00,9.35,9.5,0.0,97.0,17.2,0.0,0.0,0.0,5,6,9,1
TEST-01130,GERJI,2025-11-09 06:00:00,11.66,10.85,0.0,86.5,10.45,0.0,0.0,0.0,6,6,9,1
TEST-03823,GERJI,2025-11-09 07:00:00,18.01,12.2,0.0,76.0,3.7,0.0,0.0,0.0,7,6,9,1
TEST-01472,GERJI,2025-11-09 08:00:00,26.29,15.2,0.0,77.0,6.7,0.0,0.0,0.0,8,6,9,1
TEST-03930,GERJI,2025-11-09 09:00:00,37.5,16.1,0.0,78.0,12.7,0.0,0.0,0.0,9,6,9,1
TEST-02905,GERJI,2025-11-09 10:00:00,43.43,18.3,0.0,63.0,11.6,0.0,0.0,0.0,10,6,9,1
TEST-01415,GERJI,2025-11-09 11:00:00,45.45,19.9,0.0,64.0,12.1,0.0,0.0,0.0,11,6,9,1
TEST-03128,GERJI,2025-11-09 12:00:00,46.67,19.0,0.0,63.0,12.1,0.0,0.0,0.0,12,6,9,1
TEST-02226,GERJI,2025-11-09 13:00:00,50.34,21.4,0.0,53.0,10.2,0.0,0.0,0.0,13,6,9,1
TEST-03184,GERJI,2025-11-09 14:00:00,51.75,23.0,0.0,56.0,8.6,0.0,0.0,0.0,14,6,9,1
TEST-03350,GERJI,2025-11-09 15:00:00,45.25,23.9,0.0,61.0,12.4,0.0,0.0,0.0,15,6,9,1
TEST-00534,GERJI,2025-11-09 16:00:00,43.7,20.6,0.0,62.0,8.2,0.0,0.0,0.0,16,6,9,1
TEST-02959,GERJI,2025-11-09 17:00:00,44.78,20.8,0.0,59.0,22.5,0.0,0.0,0.0,17,6,9,1
TEST-03255,GERJI,2025-11-09 18:00:00,48.23,21.2,0.0,70.0,11.9,0.0,0.0,0.0,18,6,9,1
TEST-01400,GERJI,2025-11-09 19:00:00,48.4,20.4,0.0,64.0,10.6,0.0,0.0,0.0,19,6,9,1
TEST-00175,GERJI,2025-11-09 20:00:00,46.77,15.6,0.0,73.0,7.2,0.0,0.0,0.0,20,6,9,1
TEST-00137,GERJI,2025-11-09 21:00:00,34.94,17.4,0.0,79.0,13.2,0.0,0.0,0.0,21,6,9,1
TEST-02958,GERJI,2025-11-09 22:00:00,21.42,15.9,0.0,82.0,12.5,0.0,0.0,0.0,22,6,9,1
TEST-03538,GERJI,2025-11-09 23:00:00,12.42,14.7,0.0,85.0,15.0,0.0,0.0,0.0,23,6,9,1
TEST-00428,GERJI,2025-11-10 00:00:00,6.38,10.3,0.0,90.0,11.9,0.0,0.0,0.0,0,0,10,0
TEST-03104,GERJI,2025-11-10 01:00:00,9.64,7.8,2.1,94.0,7.5,1.0,0.0,0.0,1,0,10,0
TEST-02201,GERJI,2025-11-10 02:00:00,7.52,8.8,0.0,90.0,13.7,0.0,0.0,0.0,2,0,10,0
TEST-01241,GERJI,2025-11-10 03:00:00,5.42,8.8,0.0,93.0,7.0,0.0,0.0,0.0,3,0,10,0
TEST-01295,GERJI,2025-11-10 04:00:00,8.51,8.3,0.0,96.0,13.5,0.0,0.0,0.0,4,0,10,0
TEST-01037,GERJI,2025-11-10 05:00:00,19.4,9.7,0.0,79.0,10.1,0.0,0.0,0.0,5,0,10,0
TEST-03717,GERJI,2025-11-10 06:00:00,48.86,8.0,0.0,91.0,3.1,0.0,0.0,0.0,6,0,10,0
TEST-03491,GERJI,2025-11-10 07:00:00,65.44,12.0,0.0,90.0,10.3,0.0,0.0,0.0,7,0,10,0
TEST-02285,GERJI,2025-11-10 08:00:00,49.13,11.9,0.0,84.0,6.6,0.0,0.0,0.0,8,0,10,0
TEST-00092,GERJI,2025-11-10 09:00:00,30.06,15.4,0.0,80.0,14.4,0.0,0.0,0.0,9,0,10,0
TEST-03173,GERJI,2025-11-10 10:00:00,22.46,16.1,0.0,76.0,8.3,0.0,0.0,0.0,10,0,10,0
TEST-00744,GERJI,2025-11-10 11:00:00,22.35,17.9,0.0,73.0,9.3,0.0,0.0,0.0,11,0,10,0
TEST-00533,GERJI,2025-11-10 12:00:00,23.06,20.8,0.0,61.0,14.6,0.0,0.0,0.0,12,0,10,0
TEST-01763,GERJI,2025-11-10 13:00:00,23.47,21.0,0.0,58.0,5.7,0.0,0.0,0.0,13,0,10,0
TEST-02767,GERJI,2025-11-10 14:00:00,20.62,19.7,0.0,65.0,12.9,0.0,0.0,0.0,14,0,10,0
TEST-01019,GERJI,2025-11-10 15:00:00,22.18,21.9,0.0,63.0,17.5,0.0,0.0,0.0,15,0,10,0
TEST-00682,GERJI,2025-11-10 16:00:00,25.06,21.4,0.0,57.0,11.8,0.0,0.0,0.0,16,0,10,0
TEST-01703,GERJI,2025-11-10 17:00:00,37.16,20.3,0.0,60.0,6.1,0.0,0.0,0.0,17,0,10,0
TEST-03195,GERJI,2025-11-10 18:00:00,48.18,19.6,0.0,60.0,7.3,0.0,0.0,0.0,18,0,10,0
TEST-01401,GERJI,2025-11-10 19:00:00,53.71,17.2,0.0,71.0,26.7,0.0,0.0,0.0,19,0,10,0
TEST-03559,GERJI,2025-11-10 20:00:00,50.01,17.9,0.0,73.0,13.0,0.0,0.0,0.0,20,0,10,0
TEST-03860,GERJI,2025-11-10 21:00:00,36.54,14.7,0.0,74.0,6.8,0.0,0.0,0.0,21,0,10,0
TEST-03564,GERJI,2025-11-10 22:00:00,23.31,13.8,0.0,64.0,12.1,0.0,0.0,0.0,22,0,10,0
TEST-00497,GERJI,2025-11-10 23:00:00,12.09,12.7,0.0,86.0,7.2,0.0,0.0,0.0,23,0,10,0
TEST-01141,GERJI,2025-11-11 00:00:00,9.59,9.1,0.0,88.0,8.6,0.0,0.0,0.0,0,1,11,0
TEST-03778,GERJI,2025-11-11 01:00:00,5.33,8.3,0.0,82.0,11.6,0.0,0.0,0.0,1,1,11,0
TEST-00995,GERJI,2025-11-11 02:00:00,8.41,8.5,0.0,96.0,8.6,0.0,0.0,0.0,2,1,11,0
TEST-02359,GERJI,2025-11-11 03:00:00,4.8,6.7,0.0,95.0,15.1,0.0,0.0,0.0,3,1,11,0
TEST-00064,GERJI,2025-11-11 04:00:00,10.17,6.9,0.0,93.0,9.0,0.0,0.0,0.0,4,1,11,0
TEST-03781,GERJI,2025-11-11 05:00:00,21.88,8.4,0.0,86.0,11.2,0.0,0.0,0.0,5,1,11,0
TEST-03672,GERJI,2025-11-11 06:00:00,48.55,9.4,0.0,89.0,5.8,0.0,0.0,0.0,6,1,11,0
TEST-02000,GERJI,2025-11-11 07:00:00,64.82,9.8,0.0,91.0,5.9,0.0,0.0,0.0,7,1,11,0
TEST-02997,GERJI,2025-11-11 08:00:00,50.71,14.0,0.0,86.0,7.8,0.0,0.0,0.0,8,1,11,0
TEST-00977,GERJI,2025-11-11 09:00:00,32.6,15.2,0.0,82.0,6.5,0.0,0.0,0.0,9,1,11,0
TEST-01808,GERJI,2025-11-11 10:00:00,21.86,16.4,0.0,72.0,12.1,0.0,0.0,0.0,10,1,11,0
TEST-01704,GERJI,2025-11-11 11:00:00,23.62,17.4,0.0,66.0,11.7,0.0,0.0,0.0,11,1,11,0
TEST-02979,GERJI,2025-11-11 12:00:00,23.36,20.1,0.0,71.0,15.1,0.0,0.0,0.0,12,1,11,0
TEST-02757,GERJI,2025-11-11 13:00:00,24.75,19.8,0.0,77.0,9.4,0.0,0.0,0.0,13,1,11,0
TEST-03928,GERJI,2025-11-11 14:00:00,21.53,19.6,0.0,60.0,10.7,0.0,0.0,0.0,14,1,11,0
TEST-03947,GERJI,2025-11-11 15:00:00,21.36,22.6,0.0,58.0,12.4,0.0,0.0,0.0,15,1,11,0
TEST-02421,GERJI,2025-11-11 16:00:00,24.88,20.6,0.0,65.0,8.9,0.0,0.0,0.0,16,1,11,0
TEST-02729,GERJI,2025-11-11 17:00:00,37.23,20.4,0.0,62.0,8.3,0.0,0.0,0.0,17,1,11,0
TEST-00359,GERJI,2025-11-11 18:00:00,47.76,17.1,0.0,59.0,11.2,0.0,0.0,0.0,18,1,11,0
TEST-03183,GERJI,2025-11-11 19:00:00,59.13,17.2,0.2,67.0,9.7,1.0,0.0,0.0,19,1,11,0
TEST-02817,GERJI,2025-11-11 20:00:00,53.7,17.3,0.0,82.0,7.2,0.0,0.0,0.0,20,1,11,0
TEST-01475,GERJI,2025-11-11 21:00:00,37.63,13.7,0.0,85.0,11.7,0.0,0.0,0.0,21,1,11,0
TEST-03332,GERJI,2025-11-11 22:00:00,21.96,12.6,0.0,86.0,4.0,0.0,0.0,0.0,22,1,11,0
TEST-03062,GERJI,2025-11-11 23:00:00,13.78,12.6,0.0,80.0,9.2,0.0,0.0,0.0,23,1,11,0
TEST-01626,GERJI,2025-11-12 00:00:00,5.19,10.2,0.0,83.0,10.5,0.0,0.0,0.0,0,2,12,0
TEST-03569,GERJI,2025-11-12 01:00:00,4.76,10.3,0.0,83.0,11.7,0.0,0.0,0.0,1,2,12,0
TEST-00142,GERJI,2025-11-12 02:00:00,5.22,9.2,0.0,94.0,11.6,0.0,0.0,0.0,2,2,12,0
TEST-01814,GERJI,2025-11-12 03:00:00,4.79,7.7,0.0,95.0,6.2,0.0,0.0,0.0,3,2,12,0
TEST-00148,GERJI,2025-11-12 04:00:00,8.74,8.1,0.0,97.0,10.8,0.0,0.0,0.0,4,2,12,0
TEST-03586,GERJI,2025-11-12 05:00:00,22.4,7.4,0.0,95.0,4.4,0.0,0.0,0.0,5,2,12,0
TEST-01319,GERJI,2025-11-12 06:00:00,45.96,11.2,0.0,88.0,9.0,0.0,0.0,0.0,6,2,12,0
TEST-03188,GERJI,2025-11-12 07:00:00,62.75,10.5,0.0,79.0,18.7,0.0,0.0,0.0,7,2,12,0
TEST-00114,GERJI,2025-11-12 08:00:00,49.16,12.7,0.0,85.0,11.2,0.0,0.0,0.0,8,2,12,0
TEST-03752,GERJI,2025-11-12 09:00:00,38.94,13.1,2.6,82.0,10.4,1.0,0.0,0.0,9,2,12,0
TEST-00250,GERJI,2025-11-12 10:00:00,22.43,16.7,0.0,71.0,12.3,0.0,0.0,0.0,10,2,12,0
TEST-03040,GERJI,2025-11-12 11:00:00,28.41,18.4,0.2,67.0,5.5,1.0,0.0,0.0,11,2,12,0
TEST-03370,GERJI,2025-11-12 12:00:00,23.62,18.0,0.0,62.0,13.0,0.0,0.0,0.0,12,2,12,0
TEST-01257,GERJI,2025-11-12 13:00:00,23.71,21.7,0.0,60.0,6.5,0.0,0.0,0.0,13,2,12,0
TEST-00083,GERJI,2025-11-12 14:00:00,21.67,21.6,0.0,75.0,12.5,0.0,0.0,0.0,14,2,12,0
TEST-03583,GERJI,2025-11-12 15:00:00,21.37,21.4,0.1,71.0,10.6,1.0,0.0,0.0,15,2,12,0
TEST-02257,GERJI,2025-11-12 16:00:00,25.33,21.9,0.0,59.0,5.2,0.0,0.0,0.0,16,2,12,0
TEST-00870,GERJI,2025-11-12 17:00:00,37.84,18.9,0.0,66.0,14.0,0.0,0.0,0.0,17,2,12,0
TEST-01226,GERJI,2025-11-12 18:00:00,49.24,17.4,0.0,68.0,6.8,0.0,0.0,0.0,18,2,12,0
TEST-00845,GERJI,2025-11-12 19:00:00,52.6,16.5,0.0,61.0,10.2,0.0,0.0,0.0,19,2,12,0
TEST-01952,GERJI,2025-11-12 20:00:00,57.5,16.7,0.0,64.0,8.7,0.0,0.0,0.0,20,2,12,0
TEST-03859,GERJI,2025-11-12 21:00:00,36.01,16.1,0.0,74.0,13.8,0.0,0.0,0.0,21,2,12,0
TEST-04008,GERJI,2025-11-12 22:00:00,34.43,13.2,1.2,71.0,14.1,1.0,0.0,0.0,22,2,12,0
TEST-00296,GERJI,2025-11-12 23:00:00,14.11,10.6,0.0,90.0,21.8,0.0,0.0,0.0,23,2,12,0
TEST-02125,GERJI,2025-11-13 00:00:00,11.03,10.5,0.8,88.5,8.8,1.0,0.0,0.0,0,3,13,0
TEST-02206,GERJI,2025-11-13 01:00:00,5.35,11.2,0.0,87.0,14.0,0.0,0.0,0.0,1,3,13,0
TEST-03068,GERJI,2025-11-13 02:00:00,5.0,9.0,0.0,99.0,14.4,0.0,0.0,0.0,2,3,13,0
TEST-03382,GERJI,2025-11-13 03:00:00,4.77,8.9,0.0,86.0,12.7,0.0,0.0,0.0,3,3,13,0
TEST-01734,GERJI,2025-11-13 04:00:00,9.49,7.9,1.2,96.0,5.7,1.0,0.0,0.0,4,3,13,0
TEST-02434,GERJI,2025-11-13 05:00:00,24.47,9.1,0.0,91.0,8.1,0.0,0.0,0.0,5,3,13,0
TEST-00935,GERJI,2025-11-13 06:00:00,49.39,9.1,0.0,99.0,5.5,0.0,0.0,0.0,6,3,13,0
TEST-02188,GERJI,2025-11-13 07:00:00,60.49,13.4,0.0,85.0,4.7,0.0,0.0,0.0,7,3,13,0
TEST-02470,GERJI,2025-11-13 08:00:00,53.45,15.0,0.0,77.0,14.1,0.0,0.0,0.0,8,3,13,0
TEST-00074,GERJI,2025-11-13 09:00:00,32.4,15.1,0.0,73.0,4.6,0.0,0.0,0.0,9,3,13,0
TEST-01517,GERJI,2025-11-13 10:00:00,24.01,18.3,0.0,62.0,8.9,0.0,0.0,0.0,10,3,13,0
TEST-00117,GERJI,2025-11-13 11:00:00,22.0,17.4,0.0,72.0,7.7,0.0,0.0,0.0,11,3,13,0
TEST-00922,GERJI,2025-11-13 12:00:00,23.65,18.2,0.0,64.0,13.1,0.0,0.0,0.0,12,3,13,0
TEST-04014,GERJI,2025-11-13 13:00:00,29.23,19.0,0.8,86.0,14.7,1.0,0.0,0.0,13,3,13,0
TEST-00904,GERJI,2025-11-13 14:00:00,38.14,19.0,3.6,75.0,4.4,1.0,0.0,0.0,14,3,13,0
TEST-00939,GERJI,2025-11-13 15:00:00,47.38,21.2,25.7,84.0,9.8,1.0,0.0,0.0,15,3,13,0
TEST-03504,GERJI,2025-11-13 16:00:00,54.37,19.3,3.0,85.0,9.6,1.0,0.0,0.0,16,3,13,0
TEST-03743,GERJI,2025-11-13 17:00:00,78.26,19.3,3.6,82.0,15.5,1.0,0.0,0.0,17,3,13,0
TEST-03482,GERJI,2025-11-13 18:00:00,93.86,19.5,3.6,82.0,9.1,1.0,0.0,0.0,18,3,13,0
TEST-03792,GERJI,2025-11-13 19:00:00,64.6,20.5,0.3,68.0,12.0,1.0,0.0,0.0,19,3,13,0
TEST-02193,GERJI,2025-11-13 20:00:00,51.6,16.6,0.0,62.0,16.8,0.0,0.0,0.0,20,3,13,0
TEST-02503,GERJI,2025-11-13 21:00:00,36.87,15.2,0.0,81.0,15.7,0.0,0.0,0.0,21,3,13,0
TEST-03198,GERJI,2025-11-13 22:00:00,25.26,14.9,0.0,87.0,24.1,0.0,0.0,0.0,22,3,13,0
TEST-02103,GERJI,2025-11-13 23:00:00,24.05,11.9,1.0,91.0,6.9,1.0,0.0,0.0,23,3,13,0
TEST-03415,GERJI,2025-11-14 00:00:00,9.41,12.3,0.0,82.0,8.6,0.0,0.0,0.0,0,4,14,0
TEST-03204,GERJI,2025-11-14 01:00:00,5.7,10.9,0.0,90.0,13.8,0.0,0.0,0.0,1,4,14,0
TEST-01882,GERJI,2025-11-14 02:00:00,5.32,9.8,0.0,97.0,3.6,0.0,0.0,0.0,2,4,14,0
TEST-01797,GERJI,2025-11-14 03:00:00,4.6,8.9,0.0,82.0,11.6,0.0,0.0,0.0,3,4,14,0
TEST-00337,GERJI,2025-11-14 04:00:00,8.56,9.3,0.0,92.0,15.9,0.0,0.0,0.0,4,4,14,0
TEST-01383,GERJI,2025-11-14 05:00:00,22.94,8.8,0.0,90.0,15.5,0.0,0.0,0.0,5,4,14,0
TEST-03807,GERJI,2025-11-14 06:00:00,47.36,12.0,0.0,77.0,12.1,0.0,0.0,0.0,6,4,14,0
TEST-03005,GERJI,2025-11-14 07:00:00,62.64,13.5,0.0,89.0,3.7,0.0,0.0,0.0,7,4,14,0
TEST-00395,GERJI,2025-11-14 08:00:00,52.03,14.9,0.0,78.0,22.1,0.0,0.0,0.0,8,4,14,0
TEST-00911,GERJI,2025-11-14 09:00:00,29.92,16.7,0.0,73.0,13.2,0.0,0.0,0.0,9,4,14,0
TEST-01815,GERJI,2025-11-14 10:00:00,22.89,18.15,0.0,69.5,13.7,0.0,0.0,0.0,10,4,14,0
TEST-02726,GERJI,2025-11-14 11:00:00,23.94,19.6,0.0,66.0,14.2,0.0,0.0,0.0,11,4,14,0
TEST-00216,GERJI,2025-11-14 12:00:00,24.27,21.2,0.0,60.5,7.9,0.0,0.0,0.0,12,4,14,0
TEST-03308,GERJI,2025-11-14 13:00:00,26.97,21.5,0.0,55.0,16.1,0.0,0.0,0.0,13,4,14,0
TEST-00691,GERJI,2025-11-14 14:00:00,23.91,22.8,0.0,62.0,15.1,0.0,0.0,0.0,14,4,14,0
TEST-01186,GERJI,2025-11-14 15:00:00,22.44,21.7,0.0,61.0,18.0,0.0,0.0,0.0,15,4,14,0
TEST-03581,GERJI,2025-11-14 16:00:00,26.95,22.5,0.0,66.0,18.3,0.0,0.0,0.0,16,4,14,0
TEST-03023,GERJI,2025-11-14 17:00:00,41.57,22.4,0.0,66.0,6.5,0.0,0.0,0.0,17,4,14,0
TEST-02464,GERJI,2025-11-14 18:00:00,52.87,20.4,0.0,61.0,10.6,0.0,0.0,0.0,18,4,14,0
TEST-00246,GERJI,2025-11-14 19:00:00,66.29,20.1,0.0,68.0,8.1,0.0,0.0,0.0,19,4,14,0
TEST-03268,GERJI,2025-11-14 20:00:00,56.38,17.6,0.0,71.0,6.0,0.0,0.0,0.0,20,4,14,0
TEST-02722,GERJI,2025-11-14 21:00:00,37.77,16.1,0.0,84.0,4.4,0.0,0.0,0.0,21,4,14,0
TEST-02632,GERJI,2025-11-14 22:00:00,26.37,14.9,0.0,78.0,3.7,0.0,0.0,0.0,22,4,14,0
TEST-01095,GERJI,2025-11-14 23:00:00,12.2,11.5,0.0,86.0,8.4,0.0,0.0,0.0,23,4,14,0
TEST-01327,KAZANCHIS,2025-11-01 00:00:00,6.81,14.2,0.0,85.0,5.7,0.0,1.0,0.0,0,5,1,1
TEST-02334,KAZANCHIS,2025-11-01 01:00:00,11.69,10.9,0.0,88.0,9.8,0.0,1.0,17716.0,1,5,1,1
TEST-03412,KAZANCHIS,2025-11-01 02:00:00,6.28,11.2,0.0,83.0,9.4,0.0,1.0,0.0,2,5,1,1
TEST-02609,KAZANCHIS,2025-11-01 03:00:00,5.89,10.4,0.0,78.0,9.8,0.0,1.0,0.0,3,5,1,1
TEST-01533,KAZANCHIS,2025-11-01 04:00:00,8.71,11.5,0.0,83.0,13.4,0.0,0.0,0.0,4,5,1,1
TEST-00007,KAZANCHIS,2025-11-01 05:00:00,12.28,12.2,0.0,87.0,7.0,0.0,1.0,15207.0,5,5,1,1
TEST-01847,KAZANCHIS,2025-11-01 06:00:00,13.24,13.2,0.0,84.0,7.8,0.0,1.0,17716.0,6,5,1,1
TEST-01792,KAZANCHIS,2025-11-01 07:00:00,18.14,15.1,0.0,67.0,13.3,0.0,0.0,0.0,7,5,1,1
TEST-00336,KAZANCHIS,2025-11-01 08:00:00,26.47,16.1,0.0,79.0,8.0,0.0,1.0,15207.0,8,5,1,1
TEST-01340,KAZANCHIS,2025-11-01 09:00:00,24.59,17.8,0.0,69.0,7.8,0.0,1.0,0.0,9,5,1,1
TEST-00237,KAZANCHIS,2025-11-01 10:00:00,34.48,19.3,0.0,67.0,7.2,0.0,1.0,15207.0,10,5,1,1
TEST-01500,KAZANCHIS,2025-11-01 11:00:00,31.4,21.1,0.0,59.0,14.6,0.0,0.0,0.0,11,5,1,1
TEST-02012,KAZANCHIS,2025-11-01 12:00:00,44.01,22.9,0.0,56.0,6.1,0.0,1.0,17716.0,12,5,1,1
TEST-00105,KAZANCHIS,2025-11-01 13:00:00,42.87,21.8,0.0,48.0,17.9,0.0,1.0,15207.0,13,5,1,1
TEST-02585,KAZANCHIS,2025-11-01 14:00:00,37.91,25.5,0.0,54.0,8.3,0.0,1.0,0.0,14,5,1,1
TEST-01064,KAZANCHIS,2025-11-01 15:00:00,37.83,23.9,0.0,56.0,6.4,0.0,1.0,0.0,15,5,1,1
TEST-03848,KAZANCHIS,2025-11-01 16:00:00,38.27,24.2,0.0,51.0,4.1,0.0,0.0,0.0,16,5,1,1
TEST-03844,KAZANCHIS,2025-11-01 17:00:00,41.79,22.8,0.0,60.0,7.1,0.0,0.0,0.0,17,5,1,1
TEST-03099,KAZANCHIS,2025-11-01 18:00:00,48.3,22.4,0.0,65.0,9.3,0.0,1.0,0.0,18,5,1,1
TEST-03689,KAZANCHIS,2025-11-01 19:00:00,46.06,22.8,0.0,56.0,21.6,0.0,0.0,0.0,19,5,1,1
TEST-02060,KAZANCHIS,2025-11-01 20:00:00,55.09,20.1,0.0,64.0,10.9,0.0,1.0,17716.0,20,5,1,1
TEST-02778,KAZANCHIS,2025-11-01 21:00:00,30.94,17.0,0.0,65.0,12.9,0.0,1.0,0.0,21,5,1,1
TEST-03037,KAZANCHIS,2025-11-01 22:00:00,17.78,15.4,0.0,73.0,11.0,0.0,1.0,0.0,22,5,1,1
TEST-02610,KAZANCHIS,2025-11-01 23:00:00,16.06,14.6,0.0,80.0,14.1,0.0,1.0,0.0,23,5,1,1
TEST-03403,KAZANCHIS,2025-11-02 00:00:00,5.06,13.1,0.0,84.0,14.9,0.0,1.0,0.0,0,6,2,1
TEST-02699,KAZANCHIS,2025-11-02 01:00:00,7.52,11.0,0.0,84.0,3.8,0.0,1.0,0.0,1,6,2,1
TEST-03855,KAZANCHIS,2025-11-02 02:00:00,6.21,10.7,0.0,82.0,16.2,0.0,0.0,0.0,2,6,2,1
TEST-03166,KAZANCHIS,2025-11-02 03:00:00,4.86,11.0,0.0,81.0,11.9,0.0,1.0,0.0,3,6,2,1
TEST-03221,KAZANCHIS,2025-11-02 04:00:00,4.86,11.7,0.0,94.0,10.4,0.0,1.0,0.0,4,6,2,1
TEST-02821,KAZANCHIS,2025-11-02 05:00:00,7.96,11.9,0.0,82.0,16.0,0.0,1.0,0.0,5,6,2,1
TEST-02738,KAZANCHIS,2025-11-02 06:00:00,11.12,12.9,0.0,73.0,12.7,0.0,1.0,0.0,6,6,2,1
TEST-02141,KAZANCHIS,2025-11-02 07:00:00,22.59,16.0,0.0,83.0,9.1,0.0,1.0,17716.0,7,6,2,1
TEST-01363,KAZANCHIS,2025-11-02 08:00:00,18.54,16.1,0.0,74.0,17.1,0.0,1.0,0.0,8,6,2,1
TEST-02820,KAZANCHIS,2025-11-02 09:00:00,25.85,18.5,0.2,67.0,11.2,1.0,1.0,0.0,9,6,2,1
TEST-02143,KAZANCHIS,2025-11-02 10:00:00,34.9,20.1,0.0,65.0,13.7,0.0,1.0,17716.0,10,6,2,1
TEST-00260,KAZANCHIS,2025-11-02 11:00:00,33.68,21.5,0.0,60.0,15.3,0.0,1.0,15207.0,11,6,2,1
TEST-02090,KAZANCHIS,2025-11-02 12:00:00,42.55,23.5,0.3,53.0,5.6,1.0,1.0,17716.0,12,6,2,1
TEST-03739,KAZANCHIS,2025-11-02 13:00:00,51.12,24.2,0.15,57.5,5.25,1.0,0.0,15207.0,13,6,2,1
TEST-02918,KAZANCHIS,2025-11-02 14:00:00,47.27,24.9,0.0,62.0,4.9,0.0,1.0,15207.0,14,6,2,1
TEST-02199,KAZANCHIS,2025-11-02 15:00:00,57.14,24.3,0.6,69.0,15.0,1.0,1.0,17716.0,15,6,2,1
TEST-03502,KAZANCHIS,2025-11-02 16:00:00,38.35,24.9,0.0,56.0,6.9,0.0,1.0,15207.0,16,6,2,1
TEST-00384,KAZANCHIS,2025-11-02 17:00:00,94.96,22.8,13.0,65.0,4.1,1.0,1.0,15207.0,17,6,2,1
TEST-03011,KAZANCHIS,2025-11-02 18:00:00,79.77,23.7,0.0,57.0,12.0,0.0,1.0,15207.0,18,6,2,1
TEST-01109,KAZANCHIS,2025-11-02 19:00:00,60.11,21.0,0.0,60.0,8.6,0.0,1.0,15207.0,19,6,2,1
TEST-03973,KAZANCHIS,2025-11-02 20:00:00,36.02,18.9,0.0,62.0,20.8,0.0,0.0,0.0,20,6,2,1
TEST-03424,KAZANCHIS,2025-11-02 21:00:00,31.21,18.3,0.0,64.0,6.8,0.0,0.0,0.0,21,6,2,1
TEST-01995,KAZANCHIS,2025-11-02 22:00:00,30.15,15.6,0.0,72.0,13.5,0.0,1.0,17716.0,22,6,2,1
TEST-03398,KAZANCHIS,2025-11-02 23:00:00,11.01,15.7,0.0,75.0,8.9,0.0,1.0,0.0,23,6,2,1
TEST-03635,KAZANCHIS,2025-11-03 00:00:00,8.8,13.8,0.0,80.0,15.5,0.0,0.0,0.0,0,0,3,0
TEST-00896,KAZANCHIS,2025-11-03 01:00:00,4.4,11.9,0.0,86.0,7.5,0.0,1.0,0.0,1,0,3,0
TEST-00351,KAZANCHIS,2025-11-03 02:00:00,14.81,12.9,0.0,78.0,7.0,0.0,1.0,15207.0,2,0,3,0
TEST-00842,KAZANCHIS,2025-11-03 03:00:00,7.76,14.3,0.0,85.0,14.8,0.0,1.0,0.0,3,0,3,0
TEST-03841,KAZANCHIS,2025-11-03 04:00:00,4.65,12.4,0.0,84.0,7.4,0.0,0.0,0.0,4,0,3,0
TEST-00413,KAZANCHIS,2025-11-03 05:00:00,17.84,12.8,0.0,84.0,7.8,0.0,1.0,15207.0,5,0,3,0
TEST-03870,KAZANCHIS,2025-11-03 06:00:00,28.11,14.2,0.0,82.0,13.7,0.0,0.0,0.0,6,0,3,0
TEST-02306,KAZANCHIS,2025-11-03 07:00:00,73.94,15.2,0.0,65.0,10.3,0.0,1.0,17716.0,7,0,3,0
TEST-02303,KAZANCHIS,2025-11-03 08:00:00,99.04,16.0,0.0,69.0,10.7,0.0,1.0,17716.0,8,0,3,0
TEST-00197,KAZANCHIS,2025-11-03 09:00:00,70.82,19.9,0.0,71.0,12.8,0.0,1.0,15207.0,9,0,3,0
TEST-01522,KAZANCHIS,2025-11-03 10:00:00,29.11,18.0,0.0,64.0,17.1,0.0,0.0,0.0,10,0,3,0
TEST-02439,KAZANCHIS,2025-11-03 11:00:00,39.14,19.9,0.0,67.0,12.1,0.0,1.0,17799.0,11,0,3,0
TEST-00435,KAZANCHIS,2025-11-03 12:00:00,48.58,22.8,0.0,58.0,7.2,0.0,1.0,32000.0,12,0,3,0
TEST-00626,KAZANCHIS,2025-11-03 13:00:00,60.65,24.8,0.0,54.0,12.6,0.0,1.0,32000.0,13,0,3,0
TEST-00926,KAZANCHIS,2025-11-03 14:00:00,64.82,24.8,0.0,46.0,13.3,0.0,1.0,0.0,14,0,3,0
TEST-00051,KAZANCHIS,2025-11-03 15:00:00,54.6,25.6,0.0,41.0,11.9,0.0,1.0,15207.0,15,0,3,0
TEST-01624,KAZANCHIS,2025-11-03 16:00:00,68.93,25.3,0.0,51.0,15.5,0.0,0.0,0.0,16,0,3,0
TEST-02948,KAZANCHIS,2025-11-03 17:00:00,168.33,24.0,0.0,55.0,11.0,0.0,1.0,32000.0,17,0,3,0
TEST-01413,KAZANCHIS,2025-11-03 18:00:00,178.58,24.4,0.0,61.0,8.3,0.0,1.0,32000.0,18,0,3,0
TEST-00075,KAZANCHIS,2025-11-03 19:00:00,130.77,21.6,0.0,63.0,7.9,0.0,1.0,32000.0,19,0,3,0
TEST-00004,KAZANCHIS,2025-11-03 20:00:00,103.03,19.8,0.0,60.0,7.7,0.0,1.0,32000.0,20,0,3,0
TEST-01876,KAZANCHIS,2025-11-03 21:00:00,58.05,19.9,0.0,61.0,6.6,0.0,1.0,32000.0,21,0,3,0
TEST-00244,KAZANCHIS,2025-11-03 22:00:00,46.17,18.3,0.0,66.0,10.8,0.0,1.0,32000.0,22,0,3,0
TEST-02032,KAZANCHIS,2025-11-03 23:00:00,23.4,13.7,0.0,87.0,5.8,0.0,1.0,32000.0,23,0,3,0
TEST-03395,KAZANCHIS,2025-11-04 00:00:00,5.54,12.9,0.0,72.0,13.9,0.0,1.0,0.0,0,1,4,0
TEST-00511,KAZANCHIS,2025-11-04 01:00:00,14.85,13.2,0.0,69.0,9.0,0.0,1.0,32000.0,1,1,4,0
TEST-01341,KAZANCHIS,2025-11-04 02:00:00,4.62,11.8,0.0,78.0,10.9,0.0,1.0,0.0,2,1,4,0
TEST-03112,KAZANCHIS,2025-11-04 03:00:00,3.36,11.5,0.0,89.0,15.9,0.0,1.0,0.0,3,1,4,0
TEST-01900,KAZANCHIS,2025-11-04 04:00:00,12.06,11.2,0.3,85.0,7.5,1.0,1.0,17716.0,4,1,4,0
TEST-03007,KAZANCHIS,2025-11-04 05:00:00,7.51,13.2,0.0,86.0,8.4,0.0,1.0,0.0,5,1,4,0
TEST-03080,KAZANCHIS,2025-11-04 06:00:00,26.61,14.0,0.0,81.0,10.9,0.0,1.0,0.0,6,1,4,0
TEST-00524,KAZANCHIS,2025-11-04 07:00:00,79.29,14.7,0.0,81.0,13.7,0.0,1.0,32000.0,7,1,4,0
TEST-01949,KAZANCHIS,2025-11-04 08:00:00,95.83,16.9,0.0,71.0,16.3,0.0,1.0,17716.0,8,1,4,0
TEST-01181,KAZANCHIS,2025-11-04 09:00:00,56.6,18.5,0.0,64.0,13.7,0.0,1.0,0.0,9,1,4,0
TEST-00612,KAZANCHIS,2025-11-04 10:00:00,36.46,21.5,0.0,68.0,8.7,0.0,1.0,32000.0,10,1,4,0
TEST-01396,KAZANCHIS,2025-11-04 11:00:00,28.05,22.0,0.0,61.0,6.6,0.0,1.0,0.0,11,1,4,0
TEST-00716,KAZANCHIS,2025-11-04 12:00:00,59.8,23.7,0.0,63.0,12.5,0.0,1.0,32000.0,12,1,4,0
TEST-02005,KAZANCHIS,2025-11-04 13:00:00,73.02,23.6,0.3,54.0,14.0,1.0,1.0,17716.0,13,1,4,0
TEST-02146,KAZANCHIS,2025-11-04 14:00:00,59.7,26.3,0.0,45.0,6.6,0.0,1.0,17716.0,14,1,4,0
TEST-02237,KAZANCHIS,2025-11-04 15:00:00,54.31,25.2,0.0,51.0,9.0,0.0,1.0,17716.0,15,1,4,0
TEST-02478,KAZANCHIS,2025-11-04 16:00:00,90.94,25.5,0.3,42.0,8.6,1.0,1.0,17799.0,16,1,4,0
TEST-00096,KAZANCHIS,2025-11-04 17:00:00,113.1,24.1,0.0,54.0,12.8,0.0,1.0,15207.0,17,1,4,0
TEST-03147,KAZANCHIS,2025-11-04 18:00:00,121.02,22.9,0.0,45.0,12.4,0.0,1.0,0.0,18,1,4,0
TEST-03700,KAZANCHIS,2025-11-04 19:00:00,91.91,23.6,0.0,57.0,20.6,0.0,0.0,0.0,19,1,4,0
TEST-00251,KAZANCHIS,2025-11-04 20:00:00,83.21,21.1,0.0,69.0,7.7,0.0,1.0,15207.0,20,1,4,0
TEST-03038,KAZANCHIS,2025-11-04 21:00:00,35.43,18.6,0.0,70.0,15.3,0.0,1.0,0.0,21,1,4,0
TEST-02182,KAZANCHIS,2025-11-04 22:00:00,33.92,17.5,0.0,69.0,10.0,0.0,1.0,17716.0,22,1,4,0
TEST-01169,KAZANCHIS,2025-11-04 23:00:00,11.67,16.9,0.0,70.0,6.0,0.0,1.0,0.0,23,1,4,0
TEST-00663,KAZANCHIS,2025-11-05 00:00:00,14.6,13.8,0.0,80.0,9.9,0.0,1.0,32000.0,0,2,5,0
TEST-03478,KAZANCHIS,2025-11-05 01:00:00,5.78,12.6,0.0,78.0,5.0,0.0,0.0,0.0,1,2,5,0
TEST-03306,KAZANCHIS,2025-11-05 02:00:00,6.73,11.2,0.0,77.0,25.5,0.0,1.0,0.0,2,2,5,0
TEST-02546,KAZANCHIS,2025-11-05 03:00:00,4.12,12.3,0.0,83.0,12.9,0.0,1.0,0.0,3,2,5,0
TEST-01561,KAZANCHIS,2025-11-05 04:00:00,6.43,12.9,0.0,80.0,8.5,0.0,0.0,0.0,4,2,5,0
TEST-03710,KAZANCHIS,2025-11-05 05:00:00,8.17,13.0,0.0,86.0,13.5,0.0,0.0,0.0,5,2,5,0
TEST-03558,KAZANCHIS,2025-11-05 06:00:00,29.63,13.9,0.0,75.0,9.9,0.0,0.0,0.0,6,2,5,0
TEST-00457,KAZANCHIS,2025-11-05 07:00:00,62.25,15.7,0.0,86.0,7.4,0.0,1.0,32000.0,7,2,5,0
TEST-00531,KAZANCHIS,2025-11-05 08:00:00,85.97,18.0,0.0,72.0,7.8,0.0,1.0,32000.0,8,2,5,0
TEST-01515,KAZANCHIS,2025-11-05 09:00:00,59.81,19.3,0.0,61.0,12.6,0.0,0.0,0.0,9,2,5,0
TEST-02349,KAZANCHIS,2025-11-05 10:00:00,38.8,20.7,0.0,61.0,11.2,0.0,1.0,17716.0,10,2,5,0
TEST-02704,KAZANCHIS,2025-11-05 11:00:00,25.65,21.1,0.0,65.0,8.2,0.0,1.0,0.0,11,2,5,0
TEST-00434,KAZANCHIS,2025-11-05 12:00:00,50.87,23.8,0.0,58.0,15.0,0.0,1.0,32000.0,12,2,5,0
TEST-02991,KAZANCHIS,2025-11-05 13:00:00,54.37,22.9,0.0,56.0,7.5,0.0,1.0,0.0,13,2,5,0
TEST-03827,KAZANCHIS,2025-11-05 14:00:00,50.26,25.2,0.0,53.0,8.3,0.0,0.0,0.0,14,2,5,0
TEST-02523,KAZANCHIS,2025-11-05 15:00:00,56.43,24.1,0.0,45.0,20.0,0.0,1.0,17799.0,15,2,5,0
TEST-01351,KAZANCHIS,2025-11-05 16:00:00,71.09,25.4,0.0,56.0,5.1,0.0,1.0,0.0,16,2,5,0
TEST-00461,KAZANCHIS,2025-11-05 17:00:00,116.43,24.9,0.0,49.0,8.3,0.0,1.0,32000.0,17,2,5,0
TEST-03418,KAZANCHIS,2025-11-05 18:00:00,106.62,23.5,0.0,63.0,11.8,0.0,0.0,0.0,18,2,5,0
TEST-03442,KAZANCHIS,2025-11-05 19:00:00,88.6,20.8,0.0,55.0,12.0,0.0,0.0,0.0,19,2,5,0
TEST-02977,KAZANCHIS,2025-11-05 20:00:00,59.5,17.9,0.0,54.0,10.9,0.0,1.0,0.0,20,2,5,0
TEST-00631,KAZANCHIS,2025-11-05 21:00:00,44.2,17.1,0.0,70.0,7.0,0.0,1.0,32000.0,21,2,5,0
TEST-00265,KAZANCHIS,2025-11-05 22:00:00,30.2,16.1,0.0,65.0,10.1,0.0,1.0,15207.0,22,2,5,0
TEST-01485,KAZANCHIS,2025-11-05 23:00:00,15.76,14.7,0.0,70.0,8.1,0.0,0.0,0.0,23,2,5,0
TEST-01727,KAZANCHIS,2025-11-06 00:00:00,3.54,10.6,0.0,85.0,11.6,0.0,0.0,0.0,0,3,6,0
TEST-03408,KAZANCHIS,2025-11-06 01:00:00,2.33,10.5,0.0,85.0,10.5,0.0,1.0,0.0,1,3,6,0
TEST-00800,KAZANCHIS,2025-11-06 02:00:00,19.11,9.8,0.0,91.0,11.0,0.0,1.0,32000.0,2,3,6,0
TEST-02662,KAZANCHIS,2025-11-06 03:00:00,2.59,12.0,0.1,89.0,11.9,1.0,1.0,0.0,3,3,6,0
TEST-02651,KAZANCHIS,2025-11-06 04:00:00,3.93,12.1,0.05,81.5,9.95,1.0,1.0,0.0,4,3,6,0
TEST-01659,KAZANCHIS,2025-11-06 05:00:00,8.43,12.2,0.0,74.0,8.0,0.0,0.0,0.0,5,3,6,0
TEST-00256,KAZANCHIS,2025-11-06 06:00:00,35.39,13.0,0.0,82.0,12.5,0.0,1.0,15207.0,6,3,6,0
TEST-02109,KAZANCHIS,2025-11-06 07:00:00,76.22,14.3,0.0,71.0,13.1,0.0,1.0,17716.0,7,3,6,0
TEST-03950,KAZANCHIS,2025-11-06 08:00:00,78.18,17.7,0.0,69.0,15.0,0.0,0.0,0.0,8,3,6,0
TEST-03318,KAZANCHIS,2025-11-06 09:00:00,59.43,18.8,0.0,65.0,7.3,0.0,1.0,0.0,9,3,6,0
TEST-02172,KAZANCHIS,2025-11-06 10:00:00,39.25,19.3,0.0,69.0,6.9,0.0,1.0,17716.0,10,3,6,0
TEST-00519,KAZANCHIS,2025-11-06 11:00:00,32.85,19.4,0.0,57.0,8.3,0.0,1.0,32000.0,11,3,6,0
TEST-02871,KAZANCHIS,2025-11-06 12:00:00,41.95,20.4,0.0,52.0,17.3,0.0,1.0,0.0,12,3,6,0
TEST-02928,KAZANCHIS,2025-11-06 13:00:00,54.88,23.2,0.0,58.0,7.7,0.0,1.0,0.0,13,3,6,0
TEST-03226,KAZANCHIS,2025-11-06 14:00:00,54.97,25.1,0.0,51.0,6.2,0.0,1.0,0.0,14,3,6,0
TEST-00711,KAZANCHIS,2025-11-06 15:00:00,51.88,27.0,0.0,58.0,7.5,0.0,1.0,32000.0,15,3,6,0
TEST-04026,KAZANCHIS,2025-11-06 16:00:00,69.87,25.7,0.0,49.0,12.2,0.0,0.0,0.0,16,3,6,0
TEST-00660,KAZANCHIS,2025-11-06 17:00:00,110.21,22.1,0.0,65.0,8.6,0.0,1.0,32000.0,17,3,6,0
TEST-03563,KAZANCHIS,2025-11-06 18:00:00,103.99,21.1,0.0,59.0,16.7,0.0,0.0,0.0,18,3,6,0
TEST-00686,KAZANCHIS,2025-11-06 19:00:00,101.35,20.6,0.0,64.0,9.3,0.0,1.0,32000.0,19,3,6,0
TEST-03361,KAZANCHIS,2025-11-06 20:00:00,59.59,19.2,0.0,66.0,14.1,0.0,1.0,0.0,20,3,6,0
TEST-00545,KAZANCHIS,2025-11-06 21:00:00,40.05,15.9,0.0,65.0,7.8,0.0,1.0,32000.0,21,3,6,0
TEST-02216,KAZANCHIS,2025-11-06 22:00:00,31.26,16.5,0.0,76.0,8.2,0.0,1.0,17716.0,22,3,6,0
TEST-00544,KAZANCHIS,2025-11-06 23:00:00,27.37,15.8,0.0,76.0,12.3,0.0,1.0,32000.0,23,3,6,0
TEST-00421,KAZANCHIS,2025-11-07 00:00:00,13.29,12.4,0.0,86.0,4.7,0.0,0.0,15207.0,0,4,7,0
TEST-01596,KAZANCHIS,2025-11-07 01:00:00,3.71,11.8,0.0,85.0,11.0,0.0,0.0,0.0,1,4,7,0
TEST-02312,KAZANCHIS,2025-11-07 02:00:00,9.53,11.9,0.0,92.0,6.4,0.0,1.0,17716.0,2,4,7,0
TEST-02352,KAZANCHIS,2025-11-07 03:00:00,12.24,10.7,0.0,87.0,11.2,0.0,1.0,17716.0,3,4,7,0
TEST-01008,KAZANCHIS,2025-11-07 04:00:00,3.46,10.1,0.0,84.0,6.8,0.0,1.0,0.0,4,4,7,0
TEST-03968,KAZANCHIS,2025-11-07 05:00:00,13.1,13.5,0.0,77.0,13.1,0.0,0.0,0.0,5,4,7,0
TEST-00624,KAZANCHIS,2025-11-07 06:00:00,37.28,14.0,0.0,75.0,8.5,0.0,1.0,32000.0,6,4,7,0
TEST-02992,KAZANCHIS,2025-11-07 07:00:00,66.71,13.9,0.0,87.0,13.4,0.0,1.0,0.0,7,4,7,0
TEST-02006,KAZANCHIS,2025-11-07 08:00:00,91.18,15.3,1.2,74.0,12.2,1.0,1.0,17716.0,8,4,7,0
TEST-01437,KAZANCHIS,2025-11-07 09:00:00,62.25,19.4,0.0,66.5,8.5,0.0,1.0,0.0,9,4,7,0
TEST-01634,KAZANCHIS,2025-11-07 10:00:00,30.42,19.4,0.0,59.0,4.9,0.0,0.0,0.0,10,4,7,0
TEST-02332,KAZANCHIS,2025-11-07 11:00:00,37.94,20.3,0.0,71.0,9.9,0.0,1.0,17716.0,11,4,7,0
TEST-02192,KAZANCHIS,2025-11-07 12:00:00,49.49,21.5,0.0,57.0,11.8,0.0,1.0,17716.0,12,4,7,0
TEST-01700,KAZANCHIS,2025-11-07 13:00:00,59.23,23.1,0.0,50.0,18.1,0.0,0.0,0.0,13,4,7,0
TEST-01247,KAZANCHIS,2025-11-07 14:00:00,61.57,23.2,0.0,44.0,13.3,0.0,1.0,0.0,14,4,7,0
TEST-03464,KAZANCHIS,2025-11-07 15:00:00,49.93,24.9,0.0,58.0,7.4,0.0,0.0,0.0,15,4,7,0
TEST-02777,KAZANCHIS,2025-11-07 16:00:00,65.78,25.7,0.0,52.0,11.2,0.0,1.0,0.0,16,4,7,0
TEST-02784,KAZANCHIS,2025-11-07 17:00:00,105.2,23.4,0.0,64.0,14.9,0.0,1.0,0.0,17,4,7,0
TEST-00323,KAZANCHIS,2025-11-07 18:00:00,128.85,22.1,0.0,65.0,13.0,0.0,1.0,15207.0,18,4,7,0
TEST-02864,KAZANCHIS,2025-11-07 19:00:00,99.15,20.2,0.0,67.0,11.6,0.0,1.0,0.0,19,4,7,0
TEST-01759,KAZANCHIS,2025-11-07 20:00:00,69.97,21.5,0.0,63.0,26.2,0.0,0.0,0.0,20,4,7,0
TEST-02623,KAZANCHIS,2025-11-07 21:00:00,38.05,17.0,0.0,69.0,7.2,0.0,1.0,0.0,21,4,7,0
TEST-02815,KAZANCHIS,2025-11-07 22:00:00,21.93,16.0,0.0,81.0,19.3,0.0,0.0,0.0,22,4,7,0
TEST-03645,KAZANCHIS,2025-11-07 23:00:00,10.45,12.8,0.0,77.0,10.2,0.0,0.0,0.0,23,4,7,0
TEST-02573,KAZANCHIS,2025-11-08 00:00:00,7.66,12.9,0.0,79.0,10.5,0.0,1.0,0.0,0,5,8,1
TEST-01549,KAZANCHIS,2025-11-08 01:00:00,6.72,12.3,0.0,84.0,15.4,0.0,0.0,0.0,1,5,8,1
TEST-03487,KAZANCHIS,2025-11-08 02:00:00,6.74,11.6,0.0,83.0,5.4,0.0,0.0,0.0,2,5,8,1
TEST-03377,KAZANCHIS,2025-11-08 03:00:00,10.0,10.5,0.0,95.0,13.8,0.0,1.0,0.0,3,5,8,1
TEST-03167,KAZANCHIS,2025-11-08 04:00:00,7.51,9.8,0.0,84.0,7.3,0.0,1.0,0.0,4,5,8,1
TEST-00080,KAZANCHIS,2025-11-08 05:00:00,11.44,11.1,0.0,85.0,18.7,0.0,1.0,15207.0,5,5,8,1
TEST-00308,KAZANCHIS,2025-11-08 06:00:00,9.96,12.5,0.0,77.0,19.2,0.0,1.0,15207.0,6,5,8,1
TEST-02972,KAZANCHIS,2025-11-08 07:00:00,15.52,13.3,0.0,71.0,9.1,0.0,1.0,0.0,7,5,8,1
TEST-02475,KAZANCHIS,2025-11-08 08:00:00,27.65,14.5,0.0,73.0,7.0,0.0,1.0,17799.0,8,5,8,1
TEST-03906,KAZANCHIS,2025-11-08 09:00:00,23.79,19.1,0.0,63.0,13.4,0.0,0.0,0.0,9,5,8,1
TEST-01575,KAZANCHIS,2025-11-08 10:00:00,25.98,19.3,0.0,66.0,6.4,0.0,0.0,0.0,10,5,8,1
TEST-00598,KAZANCHIS,2025-11-08 11:00:00,30.99,20.9,0.0,60.0,3.8,0.0,1.0,32000.0,11,5,8,1
TEST-02321,KAZANCHIS,2025-11-08 12:00:00,39.78,22.7,0.0,65.0,20.3,0.0,1.0,17716.0,12,5,8,1
TEST-00263,KAZANCHIS,2025-11-08 13:00:00,43.9,24.0,0.0,58.0,6.3,0.0,1.0,15207.0,13,5,8,1
TEST-02702,KAZANCHIS,2025-11-08 14:00:00,34.12,23.1,0.0,61.0,12.4,0.0,1.0,0.0,14,5,8,1
TEST-02582,KAZANCHIS,2025-11-08 15:00:00,32.65,23.0,0.0,60.0,5.8,0.0,1.0,0.0,15,5,8,1
TEST-01768,KAZANCHIS,2025-11-08 16:00:00,37.3,23.4,0.0,59.0,8.4,0.0,0.0,0.0,16,5,8,1
TEST-02033,KAZANCHIS,2025-11-08 17:00:00,54.39,23.2,0.0,56.0,7.7,0.0,1.0,17716.0,17,5,8,1
TEST-01435,KAZANCHIS,2025-11-08 18:00:00,47.41,22.9,0.0,56.0,15.4,0.0,1.0,0.0,18,5,8,1
TEST-02039,KAZANCHIS,2025-11-08 19:00:00,55.07,21.35,0.0,63.0,14.0,0.0,1.0,17716.0,19,5,8,1
TEST-00352,KAZANCHIS,2025-11-08 20:00:00,60.05,19.8,0.0,70.0,12.6,0.0,1.0,15207.0,20,5,8,1
TEST-03218,KAZANCHIS,2025-11-08 21:00:00,35.01,17.7,0.0,73.0,8.6,0.0,1.0,0.0,21,5,8,1
TEST-00526,KAZANCHIS,2025-11-08 22:00:00,31.03,15.2,0.0,75.0,9.0,0.0,1.0,32000.0,22,5,8,1
TEST-02885,KAZANCHIS,2025-11-08 23:00:00,12.29,14.2,0.0,81.0,3.8,0.0,1.0,0.0,23,5,8,1
TEST-01566,KAZANCHIS,2025-11-09 00:00:00,7.59,11.3,0.0,83.0,11.4,0.0,0.0,0.0,0,6,9,1
TEST-00146,KAZANCHIS,2025-11-09 01:00:00,15.14,9.3,0.0,89.0,8.3,0.0,1.0,15207.0,1,6,9,1
TEST-00773,KAZANCHIS,2025-11-09 02:00:00,14.75,9.1,0.0,91.0,13.7,0.0,1.0,32000.0,2,6,9,1
TEST-02445,KAZANCHIS,2025-11-09 03:00:00,13.29,9.3,0.0,92.0,12.9,0.0,1.0,17799.0,3,6,9,1
TEST-01099,KAZANCHIS,2025-11-09 04:00:00,15.81,9.3,0.0,88.0,9.5,0.0,1.0,17716.0,4,6,9,1
TEST-01800,KAZANCHIS,2025-11-09 05:00:00,9.54,9.5,0.0,97.0,17.2,0.0,1.0,17716.0,5,6,9,1
TEST-01612,KAZANCHIS,2025-11-09 06:00:00,20.25,10.85,0.0,86.5,10.45,0.0,1.0,17716.0,6,6,9,1
TEST-03883,KAZANCHIS,2025-11-09 07:00:00,24.88,12.2,0.0,76.0,3.7,0.0,1.0,17716.0,7,6,9,1
TEST-04000,KAZANCHIS,2025-11-09 08:00:00,28.14,15.2,0.0,77.0,6.7,0.0,1.0,17716.0,8,6,9,1
TEST-00840,KAZANCHIS,2025-11-09 09:00:00,32.6,16.1,0.0,78.0,12.7,0.0,1.0,17716.0,9,6,9,1
TEST-01577,KAZANCHIS,2025-11-09 10:00:00,33.73,18.3,0.0,63.0,11.6,0.0,1.0,17716.0,10,6,9,1
TEST-00176,KAZANCHIS,2025-11-09 11:00:00,36.73,19.9,0.0,64.0,12.1,0.0,1.0,17716.0,11,6,9,1
TEST-01710,KAZANCHIS,2025-11-09 12:00:00,40.85,19.0,0.0,63.0,12.1,0.0,0.0,17716.0,12,6,9,1
TEST-00009,KAZANCHIS,2025-11-09 13:00:00,49.56,21.4,0.0,53.0,10.2,0.0,1.0,17799.0,13,6,9,1
TEST-01302,KAZANCHIS,2025-11-09 14:00:00,44.65,23.0,0.0,56.0,8.6,0.0,1.0,17799.0,14,6,9,1
TEST-01006,KAZANCHIS,2025-11-09 15:00:00,38.97,23.9,0.0,61.0,12.4,0.0,1.0,17799.0,15,6,9,1
TEST-00108,KAZANCHIS,2025-11-09 16:00:00,41.37,20.6,0.0,62.0,8.2,0.0,1.0,17799.0,16,6,9,1
TEST-02154,KAZANCHIS,2025-11-09 17:00:00,62.47,20.8,0.0,59.0,22.5,0.0,1.0,17799.0,17,6,9,1
TEST-03131,KAZANCHIS,2025-11-09 18:00:00,111.51,21.2,0.0,70.0,11.9,0.0,1.0,17799.0,18,6,9,1
TEST-00656,KAZANCHIS,2025-11-09 19:00:00,69.81,20.4,0.0,64.0,10.6,0.0,1.0,32000.0,19,6,9,1
TEST-01154,KAZANCHIS,2025-11-09 20:00:00,42.33,15.6,0.0,73.0,7.2,0.0,1.0,0.0,20,6,9,1
TEST-00061,KAZANCHIS,2025-11-09 21:00:00,44.48,17.4,0.0,79.0,13.2,0.0,1.0,15207.0,21,6,9,1
TEST-02492,KAZANCHIS,2025-11-09 22:00:00,31.8,15.9,0.0,82.0,12.5,0.0,1.0,17799.0,22,6,9,1
TEST-01473,KAZANCHIS,2025-11-09 23:00:00,10.64,14.7,0.0,85.0,15.0,0.0,0.0,0.0,23,6,9,1
TEST-03220,KAZANCHIS,2025-11-10 00:00:00,7.46,10.3,0.0,90.0,11.9,0.0,1.0,0.0,0,0,10,0
TEST-00902,KAZANCHIS,2025-11-10 01:00:00,11.42,7.8,2.1,94.0,7.5,1.0,1.0,0.0,1,0,10,0
TEST-02340,KAZANCHIS,2025-11-10 02:00:00,14.31,8.8,0.0,90.0,13.7,0.0,1.0,17716.0,2,0,10,0
TEST-01564,KAZANCHIS,2025-11-10 03:00:00,6.68,8.8,0.0,93.0,7.0,0.0,0.0,0.0,3,0,10,0
TEST-01309,KAZANCHIS,2025-11-10 04:00:00,7.39,8.3,0.0,96.0,13.5,0.0,1.0,0.0,4,0,10,0
TEST-03886,KAZANCHIS,2025-11-10 05:00:00,8.81,9.7,0.0,79.0,10.1,0.0,0.0,0.0,5,0,10,0
TEST-03511,KAZANCHIS,2025-11-10 06:00:00,27.43,8.0,0.0,91.0,3.1,0.0,0.0,0.0,6,0,10,0
TEST-04031,KAZANCHIS,2025-11-10 07:00:00,65.03,12.0,0.0,90.0,10.3,0.0,0.0,0.0,7,0,10,0
TEST-02644,KAZANCHIS,2025-11-10 08:00:00,77.68,11.9,0.0,84.0,6.6,0.0,1.0,0.0,8,0,10,0
TEST-00161,KAZANCHIS,2025-11-10 09:00:00,71.98,15.4,0.0,80.0,14.4,0.0,1.0,15207.0,9,0,10,0
TEST-02857,KAZANCHIS,2025-11-10 10:00:00,32.33,16.1,0.0,76.0,8.3,0.0,1.0,0.0,10,0,10,0
TEST-00247,KAZANCHIS,2025-11-10 11:00:00,36.63,17.9,0.0,73.0,9.3,0.0,1.0,15207.0,11,0,10,0
TEST-02713,KAZANCHIS,2025-11-10 12:00:00,48.25,20.8,0.0,61.0,14.6,0.0,1.0,0.0,12,0,10,0
TEST-01576,KAZANCHIS,2025-11-10 13:00:00,54.85,21.0,0.0,58.0,5.7,0.0,0.0,0.0,13,0,10,0
TEST-02749,KAZANCHIS,2025-11-10 14:00:00,48.93,19.7,0.0,65.0,12.9,0.0,1.0,0.0,14,0,10,0
TEST-02461,KAZANCHIS,2025-11-10 15:00:00,50.28,21.9,0.0,63.0,17.5,0.0,1.0,17799.0,15,0,10,0
TEST-00180,KAZANCHIS,2025-11-10 16:00:00,72.41,21.4,0.0,57.0,11.8,0.0,1.0,15207.0,16,0,10,0
TEST-01676,KAZANCHIS,2025-11-10 17:00:00,122.27,20.3,0.0,60.0,6.1,0.0,0.0,0.0,17,0,10,0
TEST-00943,KAZANCHIS,2025-11-10 18:00:00,128.49,19.6,0.0,60.0,7.3,0.0,1.0,0.0,18,0,10,0
TEST-03075,KAZANCHIS,2025-11-10 19:00:00,156.37,17.2,0.0,71.0,26.7,0.0,1.0,0.0,19,0,10,0
TEST-03929,KAZANCHIS,2025-11-10 20:00:00,95.04,17.9,0.0,73.0,13.0,0.0,1.0,0.0,20,0,10,0
TEST-03386,KAZANCHIS,2025-11-10 21:00:00,46.89,14.7,0.0,74.0,6.8,0.0,1.0,0.0,21,0,10,0
TEST-02692,KAZANCHIS,2025-11-10 22:00:00,31.89,13.8,0.0,64.0,12.1,0.0,1.0,0.0,22,0,10,0
TEST-01220,KAZANCHIS,2025-11-10 23:00:00,15.19,12.7,0.0,86.0,7.2,0.0,1.0,0.0,23,0,10,0
TEST-01392,KAZANCHIS,2025-11-11 00:00:00,6.89,9.1,0.0,88.0,8.6,0.0,1.0,0.0,0,1,11,0
TEST-03413,KAZANCHIS,2025-11-11 01:00:00,8.1,8.3,0.0,82.0,11.6,0.0,0.0,0.0,1,1,11,0
TEST-03694,KAZANCHIS,2025-11-11 02:00:00,6.0,8.5,0.0,96.0,8.6,0.0,0.0,0.0,2,1,11,0
TEST-03911,KAZANCHIS,2025-11-11 03:00:00,6.39,6.7,0.0,95.0,15.1,0.0,0.0,0.0,3,1,11,0
TEST-02181,KAZANCHIS,2025-11-11 04:00:00,12.43,6.9,0.0,93.0,9.0,0.0,1.0,17716.0,4,1,11,0
TEST-01728,KAZANCHIS,2025-11-11 05:00:00,9.73,8.4,0.0,86.0,11.2,0.0,0.0,0.0,5,1,11,0
TEST-02522,KAZANCHIS,2025-11-11 06:00:00,36.42,9.4,0.0,89.0,5.8,0.0,1.0,17799.0,6,1,11,0
TEST-02743,KAZANCHIS,2025-11-11 07:00:00,74.27,9.8,0.0,91.0,5.9,0.0,1.0,0.0,7,1,11,0
TEST-00844,KAZANCHIS,2025-11-11 08:00:00,77.78,14.0,0.0,86.0,7.8,0.0,1.0,0.0,8,1,11,0
TEST-01470,KAZANCHIS,2025-11-11 09:00:00,63.54,15.2,0.0,82.0,6.5,0.0,1.0,0.0,9,1,11,0
TEST-01732,KAZANCHIS,2025-11-11 10:00:00,30.57,16.4,0.0,72.0,12.1,0.0,0.0,0.0,10,1,11,0
TEST-00824,KAZANCHIS,2025-11-11 11:00:00,27.69,17.4,0.0,66.0,11.7,0.0,1.0,0.0,11,1,11,0
TEST-01369,KAZANCHIS,2025-11-11 12:00:00,44.64,20.1,0.0,71.0,15.1,0.0,1.0,0.0,12,1,11,0
TEST-00885,KAZANCHIS,2025-11-11 13:00:00,59.22,19.8,0.0,77.0,9.4,0.0,1.0,0.0,13,1,11,0
TEST-02597,KAZANCHIS,2025-11-11 14:00:00,53.54,19.6,0.0,60.0,10.7,0.0,1.0,0.0,14,1,11,0
TEST-02234,KAZANCHIS,2025-11-11 15:00:00,53.51,22.6,0.0,58.0,12.4,0.0,1.0,17716.0,15,1,11,0
TEST-01107,KAZANCHIS,2025-11-11 16:00:00,63.25,20.6,0.0,65.0,8.9,0.0,1.0,0.0,16,1,11,0
TEST-02828,KAZANCHIS,2025-11-11 17:00:00,100.58,20.4,0.0,62.0,8.3,0.0,1.0,0.0,17,1,11,0
TEST-01915,KAZANCHIS,2025-11-11 18:00:00,116.52,17.1,0.0,59.0,11.2,0.0,1.0,17716.0,18,1,11,0
TEST-00986,KAZANCHIS,2025-11-11 19:00:00,95.81,17.2,0.2,67.0,9.7,1.0,1.0,0.0,19,1,11,0
TEST-01151,KAZANCHIS,2025-11-11 20:00:00,61.33,17.3,0.0,82.0,7.2,0.0,1.0,0.0,20,1,11,0
TEST-03568,KAZANCHIS,2025-11-11 21:00:00,36.84,13.7,0.0,85.0,11.7,0.0,0.0,0.0,21,1,11,0
TEST-01362,KAZANCHIS,2025-11-11 22:00:00,18.98,12.6,0.0,86.0,4.0,0.0,1.0,0.0,22,1,11,0
TEST-00030,KAZANCHIS,2025-11-11 23:00:00,15.33,12.6,0.0,80.0,9.2,0.0,1.0,15207.0,23,1,11,0
TEST-02586,KAZANCHIS,2025-11-12 00:00:00,5.75,10.2,0.0,83.0,10.5,0.0,1.0,0.0,0,2,12,0
TEST-00223,KAZANCHIS,2025-11-12 01:00:00,14.94,10.3,0.0,83.0,11.7,0.0,1.0,15207.0,1,2,12,0
TEST-00696,KAZANCHIS,2025-11-12 02:00:00,14.51,9.2,0.0,94.0,11.6,0.0,1.0,32000.0,2,2,12,0
TEST-01342,KAZANCHIS,2025-11-12 03:00:00,7.2,7.7,0.0,95.0,6.2,0.0,1.0,0.0,3,2,12,0
TEST-01222,KAZANCHIS,2025-11-12 04:00:00,3.97,8.1,0.0,97.0,10.8,0.0,1.0,0.0,4,2,12,0
TEST-03668,KAZANCHIS,2025-11-12 05:00:00,9.57,7.4,0.0,95.0,4.4,0.0,0.0,0.0,5,2,12,0
TEST-02983,KAZANCHIS,2025-11-12 06:00:00,26.39,11.2,0.0,88.0,9.0,0.0,1.0,0.0,6,2,12,0
TEST-01173,KAZANCHIS,2025-11-12 07:00:00,76.93,10.5,0.0,79.0,18.7,0.0,1.0,0.0,7,2,12,0
TEST-01531,KAZANCHIS,2025-11-12 08:00:00,76.04,12.7,0.0,85.0,11.2,0.0,0.0,0.0,8,2,12,0
TEST-03575,KAZANCHIS,2025-11-12 09:00:00,67.26,13.1,2.6,82.0,10.4,1.0,0.0,0.0,9,2,12,0
TEST-01855,KAZANCHIS,2025-11-12 10:00:00,35.22,16.7,0.0,71.0,12.3,0.0,1.0,17716.0,10,2,12,0
TEST-02675,KAZANCHIS,2025-11-12 11:00:00,33.72,18.4,0.2,67.0,5.5,1.0,1.0,0.0,11,2,12,0
TEST-02803,KAZANCHIS,2025-11-12 12:00:00,41.44,18.0,0.0,62.0,13.0,0.0,1.0,0.0,12,2,12,0
TEST-03420,KAZANCHIS,2025-11-12 13:00:00,55.04,21.7,0.0,60.0,6.5,0.0,0.0,0.0,13,2,12,0
TEST-03307,KAZANCHIS,2025-11-12 14:00:00,52.64,21.6,0.0,75.0,12.5,0.0,1.0,0.0,14,2,12,0
TEST-03832,KAZANCHIS,2025-11-12 15:00:00,49.93,21.4,0.1,71.0,10.6,1.0,0.0,0.0,15,2,12,0
TEST-03180,KAZANCHIS,2025-11-12 16:00:00,69.14,21.9,0.0,59.0,5.2,0.0,1.0,0.0,16,2,12,0
TEST-03485,KAZANCHIS,2025-11-12 17:00:00,97.84,18.9,0.0,66.0,14.0,0.0,0.0,0.0,17,2,12,0
TEST-00835,KAZANCHIS,2025-11-12 18:00:00,106.56,17.4,0.0,68.0,6.8,0.0,0.0,0.0,18,2,12,0
TEST-02364,KAZANCHIS,2025-11-12 19:00:00,98.75,16.5,0.0,61.0,10.2,0.0,1.0,17716.0,19,2,12,0
TEST-02966,KAZANCHIS,2025-11-12 20:00:00,60.55,16.7,0.0,64.0,8.7,0.0,1.0,0.0,20,2,12,0
TEST-00515,KAZANCHIS,2025-11-12 21:00:00,57.83,16.1,0.0,74.0,13.8,0.0,1.0,32000.0,21,2,12,0
TEST-01346,KAZANCHIS,2025-11-12 22:00:00,26.65,13.2,1.2,71.0,14.1,1.0,1.0,0.0,22,2,12,0
TEST-02265,KAZANCHIS,2025-11-12 23:00:00,17.42,10.6,0.0,90.0,21.8,0.0,1.0,17716.0,23,2,12,0
TEST-00376,KAZANCHIS,2025-11-13 00:00:00,17.48,10.5,0.8,88.5,8.8,1.0,1.0,15207.0,0,3,13,0
TEST-01432,KAZANCHIS,2025-11-13 01:00:00,10.25,11.2,0.0,87.0,14.0,0.0,1.0,0.0,1,3,13,0
TEST-02015,KAZANCHIS,2025-11-13 02:00:00,14.51,9.0,0.0,99.0,14.4,0.0,1.0,17716.0,2,3,13,0
TEST-00347,KAZANCHIS,2025-11-13 03:00:00,12.8,8.9,0.0,86.0,12.7,0.0,1.0,15207.0,3,3,13,0
TEST-01286,KAZANCHIS,2025-11-13 04:00:00,8.18,7.9,1.2,96.0,5.7,1.0,1.0,0.0,4,3,13,0
TEST-02530,KAZANCHIS,2025-11-13 05:00:00,10.42,9.1,0.0,91.0,8.1,0.0,1.0,0.0,5,3,13,0
TEST-00328,KAZANCHIS,2025-11-13 06:00:00,32.63,9.1,0.0,99.0,5.5,0.0,1.0,15207.0,6,3,13,0
TEST-02441,KAZANCHIS,2025-11-13 07:00:00,70.49,13.4,0.0,85.0,4.7,0.0,1.0,17799.0,7,3,13,0
TEST-02346,KAZANCHIS,2025-11-13 08:00:00,99.87,15.0,0.0,77.0,14.1,0.0,1.0,17716.0,8,3,13,0
TEST-03934,KAZANCHIS,2025-11-13 09:00:00,62.76,15.1,0.0,73.0,4.6,0.0,0.0,0.0,9,3,13,0
TEST-03580,KAZANCHIS,2025-11-13 10:00:00,32.2,18.3,0.0,62.0,8.9,0.0,0.0,0.0,10,3,13,0
TEST-01805,KAZANCHIS,2025-11-13 11:00:00,36.49,17.4,0.0,72.0,7.7,0.0,1.0,17716.0,11,3,13,0
TEST-01740,KAZANCHIS,2025-11-13 12:00:00,43.72,18.2,0.0,64.0,13.1,0.0,0.0,0.0,12,3,13,0
TEST-03876,KAZANCHIS,2025-11-13 13:00:00,61.42,19.0,0.8,86.0,14.7,1.0,0.0,0.0,13,3,13,0
TEST-03960,KAZANCHIS,2025-11-13 14:00:00,62.92,19.0,3.6,75.0,4.4,1.0,0.0,0.0,14,3,13,0
TEST-01787,KAZANCHIS,2025-11-13 15:00:00,74.78,21.2,25.7,84.0,9.8,1.0,0.0,0.0,15,3,13,0
TEST-00812,KAZANCHIS,2025-11-13 16:00:00,111.86,19.3,3.0,85.0,9.6,1.0,1.0,32000.0,16,3,13,0
TEST-01263,KAZANCHIS,2025-11-13 17:00:00,137.18,19.3,3.6,82.0,15.5,1.0,1.0,0.0,17,3,13,0
TEST-00283,KAZANCHIS,2025-11-13 18:00:00,153.55,19.5,3.6,82.0,9.1,1.0,1.0,15207.0,18,3,13,0
TEST-03816,KAZANCHIS,2025-11-13 19:00:00,94.62,20.5,0.3,68.0,12.0,1.0,0.0,0.0,19,3,13,0
TEST-01088,KAZANCHIS,2025-11-13 20:00:00,60.08,16.6,0.0,62.0,16.8,0.0,1.0,0.0,20,3,13,0
TEST-00150,KAZANCHIS,2025-11-13 21:00:00,45.18,15.2,0.0,81.0,15.7,0.0,1.0,15207.0,21,3,13,0
TEST-03567,KAZANCHIS,2025-11-13 22:00:00,22.53,14.9,0.0,87.0,24.1,0.0,0.0,0.0,22,3,13,0
TEST-02301,KAZANCHIS,2025-11-13 23:00:00,24.4,11.9,1.0,91.0,6.9,1.0,1.0,17716.0,23,3,13,0
TEST-02058,KAZANCHIS,2025-11-14 00:00:00,11.35,12.3,0.0,82.0,8.6,0.0,1.0,17716.0,0,4,14,0
TEST-00236,KAZANCHIS,2025-11-14 01:00:00,15.67,10.9,0.0,90.0,13.8,0.0,1.0,15207.0,1,4,14,0
TEST-03598,KAZANCHIS,2025-11-14 02:00:00,6.54,9.8,0.0,97.0,3.6,0.0,0.0,0.0,2,4,14,0
TEST-01578,KAZANCHIS,2025-11-14 03:00:00,6.69,8.9,0.0,82.0,11.6,0.0,0.0,0.0,3,4,14,0
TEST-02543,KAZANCHIS,2025-11-14 04:00:00,8.15,9.3,0.0,92.0,15.9,0.0,1.0,0.0,4,4,14,0
TEST-02783,KAZANCHIS,2025-11-14 05:00:00,10.73,8.8,0.0,90.0,15.5,0.0,1.0,0.0,5,4,14,0
TEST-02242,KAZANCHIS,2025-11-14 06:00:00,35.47,12.0,0.0,77.0,12.1,0.0,1.0,17716.0,6,4,14,0
TEST-01636,KAZANCHIS,2025-11-14 07:00:00,62.67,13.5,0.0,89.0,3.7,0.0,0.0,0.0,7,4,14,0
TEST-01146,KAZANCHIS,2025-11-14 08:00:00,84.83,14.9,0.0,78.0,22.1,0.0,1.0,0.0,8,4,14,0
TEST-03631,KAZANCHIS,2025-11-14 09:00:00,62.09,16.7,0.0,73.0,13.2,0.0,0.0,0.0,9,4,14,0
TEST-03301,KAZANCHIS,2025-11-14 10:00:00,28.99,18.15,0.0,69.5,13.7,0.0,1.0,0.0,10,4,14,0
TEST-01291,KAZANCHIS,2025-11-14 11:00:00,27.8,19.6,0.0,66.0,14.2,0.0,1.0,0.0,11,4,14,0
TEST-02968,KAZANCHIS,2025-11-14 12:00:00,45.18,21.2,0.0,60.5,7.9,0.0,1.0,0.0,12,4,14,0
TEST-00667,KAZANCHIS,2025-11-14 13:00:00,53.79,21.5,0.0,55.0,16.1,0.0,1.0,32000.0,13,4,14,0
TEST-03741,KAZANCHIS,2025-11-14 14:00:00,52.35,22.8,0.0,62.0,15.1,0.0,0.0,0.0,14,4,14,0
TEST-02642,KAZANCHIS,2025-11-14 15:00:00,48.39,21.7,0.0,61.0,18.0,0.0,1.0,0.0,15,4,14,0
TEST-02240,KAZANCHIS,2025-11-14 16:00:00,73.15,22.5,0.0,66.0,18.3,0.0,1.0,17716.0,16,4,14,0
TEST-01902,KAZANCHIS,2025-11-14 17:00:00,120.24,22.4,0.0,66.0,6.5,0.0,1.0,17716.0,17,4,14,0
TEST-03336,KAZANCHIS,2025-11-14 18:00:00,113.87,20.4,0.0,61.0,10.6,0.0,1.0,0.0,18,4,14,0
TEST-01410,KAZANCHIS,2025-11-14 19:00:00,105.0,20.1,0.0,68.0,8.1,0.0,1.0,0.0,19,4,14,0
TEST-02424,KAZANCHIS,2025-11-14 20:00:00,74.91,17.6,0.0,71.0,6.0,0.0,0.0,17716.0,20,4,14,0
TEST-03236,KAZANCHIS,2025-11-14 21:00:00,35.4,16.1,0.0,84.0,4.4,0.0,1.0,0.0,21,4,14,0
TEST-01278,KAZANCHIS,2025-11-14 22:00:00,22.68,14.9,0.0,78.0,3.7,0.0,1.0,0.0,22,4,14,0
TEST-00042,KAZANCHIS,2025-11-14 23:00:00,17.45,11.5,0.0,86.0,8.4,0.0,1.0,15207.0,23,4,14,0
TEST-01187,KOLFE,2025-11-01 00:00:00,5.29,14.2,0.0,85.0,5.7,0.0,0.0,0.0,0,5,1,1
TEST-01268,KOLFE,2025-11-01 01:00:00,2.45,10.9,0.0,88.0,9.8,0.0,0.0,0.0,1,5,1,1
TEST-02048,KOLFE,2025-11-01 02:00:00,4.19,11.2,0.0,83.0,9.4,0.0,0.0,0.0,2,5,1,1
TEST-00158,KOLFE,2025-11-01 03:00:00,4.48,10.4,0.0,78.0,9.8,0.0,0.0,0.0,3,5,1,1
TEST-02241,KOLFE,2025-11-01 04:00:00,5.05,11.5,0.0,83.0,13.4,0.0,0.0,0.0,4,5,1,1
TEST-00381,KOLFE,2025-11-01 05:00:00,8.99,12.2,0.0,87.0,7.0,0.0,0.0,0.0,5,5,1,1
TEST-03492,KOLFE,2025-11-01 06:00:00,10.81,13.2,0.0,84.0,7.8,0.0,0.0,0.0,6,5,1,1
TEST-03599,KOLFE,2025-11-01 07:00:00,16.94,15.1,0.0,67.0,13.3,0.0,0.0,0.0,7,5,1,1
TEST-01813,KOLFE,2025-11-01 08:00:00,24.05,16.1,0.0,79.0,8.0,0.0,0.0,0.0,8,5,1,1
TEST-02626,KOLFE,2025-11-01 09:00:00,37.24,17.8,0.0,69.0,7.8,0.0,0.0,0.0,9,5,1,1
TEST-01301,KOLFE,2025-11-01 10:00:00,40.16,19.3,0.0,67.0,7.2,0.0,0.0,0.0,10,5,1,1
TEST-03310,KOLFE,2025-11-01 11:00:00,40.36,21.1,0.0,59.0,14.6,0.0,0.0,0.0,11,5,1,1
TEST-01836,KOLFE,2025-11-01 12:00:00,41.98,22.9,0.0,56.0,6.1,0.0,0.0,0.0,12,5,1,1
TEST-02106,KOLFE,2025-11-01 13:00:00,44.21,21.8,0.0,48.0,17.9,0.0,0.0,0.0,13,5,1,1
TEST-01894,KOLFE,2025-11-01 14:00:00,41.21,25.5,0.0,54.0,8.3,0.0,0.0,0.0,14,5,1,1
TEST-02512,KOLFE,2025-11-01 15:00:00,41.69,23.9,0.0,56.0,6.4,0.0,0.0,0.0,15,5,1,1
TEST-03244,KOLFE,2025-11-01 16:00:00,47.04,24.2,0.0,51.0,4.1,0.0,0.0,0.0,16,5,1,1
TEST-02889,KOLFE,2025-11-01 17:00:00,41.78,22.8,0.0,60.0,7.1,0.0,0.0,0.0,17,5,1,1
TEST-01035,KOLFE,2025-11-01 18:00:00,47.23,22.4,0.0,65.0,9.3,0.0,0.0,0.0,18,5,1,1
TEST-00821,KOLFE,2025-11-01 19:00:00,46.19,22.8,0.0,56.0,21.6,0.0,0.0,0.0,19,5,1,1
TEST-04003,KOLFE,2025-11-01 20:00:00,41.88,20.1,0.0,64.0,10.9,0.0,0.0,0.0,20,5,1,1
TEST-01055,KOLFE,2025-11-01 21:00:00,33.2,17.0,0.0,65.0,12.9,0.0,0.0,0.0,21,5,1,1
TEST-00517,KOLFE,2025-11-01 22:00:00,21.97,15.4,0.0,73.0,11.0,0.0,0.0,0.0,22,5,1,1
TEST-02161,KOLFE,2025-11-01 23:00:00,12.13,14.6,0.0,80.0,14.1,0.0,0.0,0.0,23,5,1,1
TEST-02031,KOLFE,2025-11-02 00:00:00,5.25,13.1,0.0,84.0,14.9,0.0,0.0,0.0,0,6,2,1
TEST-02735,KOLFE,2025-11-02 01:00:00,2.38,11.0,0.0,84.0,3.8,0.0,0.0,0.0,1,6,2,1
TEST-01602,KOLFE,2025-11-02 02:00:00,5.74,10.7,0.0,82.0,16.2,0.0,0.0,0.0,2,6,2,1
TEST-01491,KOLFE,2025-11-02 03:00:00,3.9,11.0,0.0,81.0,11.9,0.0,0.0,0.0,3,6,2,1
TEST-00024,KOLFE,2025-11-02 04:00:00,5.97,11.7,0.0,94.0,10.4,0.0,0.0,0.0,4,6,2,1
TEST-02047,KOLFE,2025-11-02 05:00:00,12.36,11.9,0.0,82.0,16.0,0.0,0.0,0.0,5,6,2,1
TEST-03846,KOLFE,2025-11-02 06:00:00,10.68,12.9,0.0,73.0,12.7,0.0,0.0,0.0,6,6,2,1
TEST-02517,KOLFE,2025-11-02 07:00:00,17.33,16.0,0.0,83.0,9.1,0.0,0.0,0.0,7,6,2,1
TEST-03831,KOLFE,2025-11-02 08:00:00,23.84,16.1,0.0,74.0,17.1,0.0,0.0,0.0,8,6,2,1
TEST-01923,KOLFE,2025-11-02 09:00:00,38.88,18.5,0.2,67.0,11.2,1.0,0.0,0.0,9,6,2,1
TEST-00349,KOLFE,2025-11-02 10:00:00,38.36,20.1,0.0,65.0,13.7,0.0,0.0,0.0,10,6,2,1
TEST-00228,KOLFE,2025-11-02 11:00:00,40.24,21.5,0.0,60.0,15.3,0.0,0.0,0.0,11,6,2,1
TEST-00318,KOLFE,2025-11-02 12:00:00,45.73,23.5,0.3,53.0,5.6,1.0,0.0,0.0,12,6,2,1
TEST-01645,KOLFE,2025-11-02 13:00:00,46.35,24.2,0.15,57.5,5.25,1.0,0.0,0.0,13,6,2,1
TEST-01838,KOLFE,2025-11-02 14:00:00,43.58,24.9,0.0,62.0,4.9,0.0,0.0,0.0,14,6,2,1
TEST-00979,KOLFE,2025-11-02 15:00:00,43.58,24.3,0.6,69.0,15.0,1.0,0.0,0.0,15,6,2,1
TEST-01692,KOLFE,2025-11-02 16:00:00,41.69,24.9,0.0,56.0,6.9,0.0,0.0,0.0,16,6,2,1
TEST-01335,KOLFE,2025-11-02 17:00:00,66.19,22.8,13.0,65.0,4.1,1.0,0.0,0.0,17,6,2,1
TEST-02324,KOLFE,2025-11-02 18:00:00,47.65,23.7,0.0,57.0,12.0,0.0,0.0,0.0,18,6,2,1
TEST-00856,KOLFE,2025-11-02 19:00:00,45.87,21.0,0.0,60.0,8.6,0.0,0.0,0.0,19,6,2,1
TEST-01631,KOLFE,2025-11-02 20:00:00,40.41,18.9,0.0,62.0,20.8,0.0,0.0,0.0,20,6,2,1
TEST-00060,KOLFE,2025-11-02 21:00:00,31.21,18.3,0.0,64.0,6.8,0.0,0.0,0.0,21,6,2,1
TEST-02566,KOLFE,2025-11-02 22:00:00,20.2,15.6,0.0,72.0,13.5,0.0,0.0,0.0,22,6,2,1
TEST-03132,KOLFE,2025-11-02 23:00:00,11.27,15.7,0.0,75.0,8.9,0.0,0.0,0.0,23,6,2,1
TEST-01859,KOLFE,2025-11-03 00:00:00,6.26,13.8,0.0,80.0,15.5,0.0,0.0,0.0,0,0,3,0
TEST-02023,KOLFE,2025-11-03 01:00:00,4.14,11.9,0.0,86.0,7.5,0.0,0.0,0.0,1,0,3,0
TEST-00794,KOLFE,2025-11-03 02:00:00,6.37,12.9,0.0,78.0,7.0,0.0,0.0,0.0,2,0,3,0
TEST-00806,KOLFE,2025-11-03 03:00:00,4.74,14.3,0.0,85.0,14.8,0.0,0.0,0.0,3,0,3,0
TEST-01745,KOLFE,2025-11-03 04:00:00,5.88,12.4,0.0,84.0,7.4,0.0,0.0,0.0,4,0,3,0
TEST-03280,KOLFE,2025-11-03 05:00:00,18.6,12.8,0.0,84.0,7.8,0.0,0.0,0.0,5,0,3,0
TEST-03629,KOLFE,2025-11-03 06:00:00,43.53,14.2,0.0,82.0,13.7,0.0,0.0,0.0,6,0,3,0
TEST-00692,KOLFE,2025-11-03 07:00:00,73.41,15.2,0.0,65.0,10.3,0.0,0.0,0.0,7,0,3,0
TEST-03697,KOLFE,2025-11-03 08:00:00,51.88,16.0,0.0,69.0,10.7,0.0,0.0,0.0,8,0,3,0
TEST-03014,KOLFE,2025-11-03 09:00:00,27.38,19.9,0.0,71.0,12.8,0.0,0.0,0.0,9,0,3,0
TEST-02066,KOLFE,2025-11-03 10:00:00,21.76,18.0,0.0,64.0,17.1,0.0,0.0,0.0,10,0,3,0
TEST-01963,KOLFE,2025-11-03 11:00:00,20.81,19.9,0.0,67.0,12.1,0.0,0.0,0.0,11,0,3,0
TEST-04024,KOLFE,2025-11-03 12:00:00,20.96,22.8,0.0,58.0,7.2,0.0,0.0,0.0,12,0,3,0
TEST-02021,KOLFE,2025-11-03 13:00:00,21.71,24.8,0.0,54.0,12.6,0.0,0.0,0.0,13,0,3,0
TEST-00154,KOLFE,2025-11-03 14:00:00,15.98,24.8,0.0,46.0,13.3,0.0,0.0,0.0,14,0,3,0
TEST-03545,KOLFE,2025-11-03 15:00:00,20.17,25.6,0.0,41.0,11.9,0.0,0.0,0.0,15,0,3,0
TEST-03685,KOLFE,2025-11-03 16:00:00,25.43,25.3,0.0,51.0,15.5,0.0,0.0,0.0,16,0,3,0
TEST-03866,KOLFE,2025-11-03 17:00:00,37.78,24.0,0.0,55.0,11.0,0.0,0.0,0.0,17,0,3,0
TEST-03902,KOLFE,2025-11-03 18:00:00,46.84,24.4,0.0,61.0,8.3,0.0,0.0,0.0,18,0,3,0
TEST-03578,KOLFE,2025-11-03 19:00:00,48.17,21.6,0.0,63.0,7.9,0.0,0.0,0.0,19,0,3,0
TEST-02536,KOLFE,2025-11-03 20:00:00,47.54,19.8,0.0,60.0,7.7,0.0,0.0,0.0,20,0,3,0
TEST-02703,KOLFE,2025-11-03 21:00:00,35.44,19.9,0.0,61.0,6.6,0.0,0.0,0.0,21,0,3,0
TEST-01455,KOLFE,2025-11-03 22:00:00,24.82,18.3,0.0,66.0,10.8,0.0,0.0,0.0,22,0,3,0
TEST-01260,KOLFE,2025-11-03 23:00:00,11.69,13.7,0.0,87.0,5.8,0.0,0.0,0.0,23,0,3,0
TEST-02654,KOLFE,2025-11-04 00:00:00,6.98,12.9,0.0,72.0,13.9,0.0,0.0,0.0,0,1,4,0
TEST-03003,KOLFE,2025-11-04 01:00:00,6.54,13.2,0.0,69.0,9.0,0.0,0.0,0.0,1,1,4,0
TEST-01061,KOLFE,2025-11-04 02:00:00,5.35,11.8,0.0,78.0,10.9,0.0,0.0,0.0,2,1,4,0
TEST-00689,KOLFE,2025-11-04 03:00:00,2.11,11.5,0.0,89.0,15.9,0.0,0.0,0.0,3,1,4,0
TEST-01024,KOLFE,2025-11-04 04:00:00,5.07,11.2,0.3,85.0,7.5,1.0,0.0,0.0,4,1,4,0
TEST-00062,KOLFE,2025-11-04 05:00:00,19.33,13.2,0.0,86.0,8.4,0.0,0.0,0.0,5,1,4,0
TEST-03486,KOLFE,2025-11-04 06:00:00,44.68,14.0,0.0,81.0,10.9,0.0,0.0,0.0,6,1,4,0
TEST-03510,KOLFE,2025-11-04 07:00:00,73.08,14.7,0.0,81.0,13.7,0.0,0.0,0.0,7,1,4,0
TEST-01359,KOLFE,2025-11-04 08:00:00,53.51,16.9,0.0,71.0,16.3,0.0,0.0,0.0,8,1,4,0
TEST-01390,KOLFE,2025-11-04 09:00:00,26.64,18.5,0.0,64.0,13.7,0.0,0.0,0.0,9,1,4,0
TEST-03531,KOLFE,2025-11-04 10:00:00,18.6,21.5,0.0,68.0,8.7,0.0,0.0,0.0,10,1,4,0
TEST-01379,KOLFE,2025-11-04 11:00:00,21.35,22.0,0.0,61.0,6.6,0.0,0.0,0.0,11,1,4,0
TEST-01629,KOLFE,2025-11-04 12:00:00,20.89,23.7,0.0,63.0,12.5,0.0,0.0,0.0,12,1,4,0
TEST-01979,KOLFE,2025-11-04 13:00:00,25.42,23.6,0.3,54.0,14.0,1.0,0.0,0.0,13,1,4,0
TEST-03233,KOLFE,2025-11-04 14:00:00,22.86,26.3,0.0,45.0,6.6,0.0,0.0,0.0,14,1,4,0
TEST-01471,KOLFE,2025-11-04 15:00:00,22.57,25.2,0.0,51.0,9.0,0.0,0.0,0.0,15,1,4,0
TEST-02328,KOLFE,2025-11-04 16:00:00,26.43,25.5,0.3,42.0,8.6,1.0,0.0,0.0,16,1,4,0
TEST-00219,KOLFE,2025-11-04 17:00:00,36.95,24.1,0.0,54.0,12.8,0.0,0.0,0.0,17,1,4,0
TEST-03609,KOLFE,2025-11-04 18:00:00,51.15,22.9,0.0,45.0,12.4,0.0,0.0,0.0,18,1,4,0
TEST-03462,KOLFE,2025-11-04 19:00:00,46.47,23.6,0.0,57.0,20.6,0.0,0.0,0.0,19,1,4,0
TEST-00253,KOLFE,2025-11-04 20:00:00,47.12,21.1,0.0,69.0,7.7,0.0,0.0,0.0,20,1,4,0
TEST-01389,KOLFE,2025-11-04 21:00:00,35.12,18.6,0.0,70.0,15.3,0.0,0.0,0.0,21,1,4,0
TEST-02826,KOLFE,2025-11-04 22:00:00,24.62,17.5,0.0,69.0,10.0,0.0,0.0,0.0,22,1,4,0
TEST-03341,KOLFE,2025-11-04 23:00:00,12.82,16.9,0.0,70.0,6.0,0.0,0.0,0.0,23,1,4,0
TEST-00751,KOLFE,2025-11-05 00:00:00,6.2,13.8,0.0,80.0,9.9,0.0,0.0,0.0,0,2,5,0
TEST-01484,KOLFE,2025-11-05 01:00:00,5.15,12.6,0.0,78.0,5.0,0.0,0.0,0.0,1,2,5,0
TEST-02335,KOLFE,2025-11-05 02:00:00,5.88,11.2,0.0,77.0,25.5,0.0,0.0,0.0,2,2,5,0
TEST-03096,KOLFE,2025-11-05 03:00:00,4.77,12.3,0.0,83.0,12.9,0.0,0.0,0.0,3,2,5,0
TEST-00420,KOLFE,2025-11-05 04:00:00,9.28,12.9,0.0,80.0,8.5,0.0,0.0,0.0,4,2,5,0
TEST-03439,KOLFE,2025-11-05 05:00:00,18.65,13.0,0.0,86.0,13.5,0.0,0.0,0.0,5,2,5,0
TEST-03805,KOLFE,2025-11-05 06:00:00,44.71,13.9,0.0,75.0,9.9,0.0,0.0,0.0,6,2,5,0
TEST-03670,KOLFE,2025-11-05 07:00:00,64.73,15.7,0.0,86.0,7.4,0.0,0.0,0.0,7,2,5,0
TEST-01829,KOLFE,2025-11-05 08:00:00,48.84,18.0,0.0,72.0,7.8,0.0,0.0,0.0,8,2,5,0
TEST-02450,KOLFE,2025-11-05 09:00:00,26.01,19.3,0.0,61.0,12.6,0.0,0.0,0.0,9,2,5,0
TEST-00371,KOLFE,2025-11-05 10:00:00,21.13,20.7,0.0,61.0,11.2,0.0,0.0,0.0,10,2,5,0
TEST-01487,KOLFE,2025-11-05 11:00:00,20.19,21.1,0.0,65.0,8.2,0.0,0.0,0.0,11,2,5,0
TEST-02595,KOLFE,2025-11-05 12:00:00,21.35,23.8,0.0,58.0,15.0,0.0,0.0,0.0,12,2,5,0
TEST-03264,KOLFE,2025-11-05 13:00:00,21.08,22.9,0.0,56.0,7.5,0.0,0.0,0.0,13,2,5,0
TEST-00843,KOLFE,2025-11-05 14:00:00,20.6,25.2,0.0,53.0,8.3,0.0,0.0,0.0,14,2,5,0
TEST-00446,KOLFE,2025-11-05 15:00:00,15.08,24.1,0.0,45.0,20.0,0.0,0.0,0.0,15,2,5,0
TEST-03615,KOLFE,2025-11-05 16:00:00,29.1,25.4,0.0,56.0,5.1,0.0,0.0,0.0,16,2,5,0
TEST-04021,KOLFE,2025-11-05 17:00:00,39.44,24.9,0.0,49.0,8.3,0.0,0.0,0.0,17,2,5,0
TEST-00469,KOLFE,2025-11-05 18:00:00,43.62,23.5,0.0,63.0,11.8,0.0,0.0,0.0,18,2,5,0
TEST-01909,KOLFE,2025-11-05 19:00:00,48.68,20.8,0.0,55.0,12.0,0.0,0.0,0.0,19,2,5,0
TEST-02347,KOLFE,2025-11-05 20:00:00,47.17,17.9,0.0,54.0,10.9,0.0,0.0,0.0,20,2,5,0
TEST-03921,KOLFE,2025-11-05 21:00:00,33.15,17.1,0.0,70.0,7.0,0.0,0.0,0.0,21,2,5,0
TEST-01402,KOLFE,2025-11-05 22:00:00,23.45,16.1,0.0,65.0,10.1,0.0,0.0,0.0,22,2,5,0
TEST-03644,KOLFE,2025-11-05 23:00:00,16.3,14.7,0.0,70.0,8.1,0.0,0.0,0.0,23,2,5,0
TEST-03704,KOLFE,2025-11-06 00:00:00,2.06,10.6,0.0,85.0,11.6,0.0,0.0,0.0,0,3,6,0
TEST-01202,KOLFE,2025-11-06 01:00:00,1.61,10.5,0.0,85.0,10.5,0.0,0.0,0.0,1,3,6,0
TEST-03954,KOLFE,2025-11-06 02:00:00,2.2,9.8,0.0,91.0,11.0,0.0,0.0,0.0,2,3,6,0
TEST-02008,KOLFE,2025-11-06 03:00:00,2.28,12.0,0.1,89.0,11.9,1.0,0.0,0.0,3,3,6,0
TEST-01215,KOLFE,2025-11-06 04:00:00,7.65,12.1,0.05,81.5,9.95,1.0,0.0,0.0,4,3,6,0
TEST-03305,KOLFE,2025-11-06 05:00:00,18.56,12.2,0.0,74.0,8.0,0.0,0.0,0.0,5,3,6,0
TEST-01843,KOLFE,2025-11-06 06:00:00,43.89,13.0,0.0,82.0,12.5,0.0,0.0,0.0,6,3,6,0
TEST-02913,KOLFE,2025-11-06 07:00:00,68.34,14.3,0.0,71.0,13.1,0.0,0.0,0.0,7,3,6,0
TEST-02296,KOLFE,2025-11-06 08:00:00,49.39,17.7,0.0,69.0,15.0,0.0,0.0,0.0,8,3,6,0
TEST-03864,KOLFE,2025-11-06 09:00:00,26.3,18.8,0.0,65.0,7.3,0.0,0.0,0.0,9,3,6,0
TEST-02252,KOLFE,2025-11-06 10:00:00,21.7,19.3,0.0,69.0,6.9,0.0,0.0,0.0,10,3,6,0
TEST-01807,KOLFE,2025-11-06 11:00:00,20.94,19.4,0.0,57.0,8.3,0.0,0.0,0.0,11,3,6,0
TEST-00188,KOLFE,2025-11-06 12:00:00,22.8,20.4,0.0,52.0,17.3,0.0,0.0,0.0,12,3,6,0
TEST-03456,KOLFE,2025-11-06 13:00:00,21.12,23.2,0.0,58.0,7.7,0.0,0.0,0.0,13,3,6,0
TEST-03616,KOLFE,2025-11-06 14:00:00,22.73,25.1,0.0,51.0,6.2,0.0,0.0,0.0,14,3,6,0
TEST-00906,KOLFE,2025-11-06 15:00:00,20.42,27.0,0.0,58.0,7.5,0.0,0.0,0.0,15,3,6,0
TEST-03009,KOLFE,2025-11-06 16:00:00,26.61,25.7,0.0,49.0,12.2,0.0,0.0,0.0,16,3,6,0
TEST-00930,KOLFE,2025-11-06 17:00:00,33.32,22.1,0.0,65.0,8.6,0.0,0.0,0.0,17,3,6,0
TEST-03450,KOLFE,2025-11-06 18:00:00,44.87,21.1,0.0,59.0,16.7,0.0,0.0,0.0,18,3,6,0
TEST-00412,KOLFE,2025-11-06 19:00:00,48.66,20.6,0.0,64.0,9.3,0.0,0.0,0.0,19,3,6,0
TEST-01382,KOLFE,2025-11-06 20:00:00,44.78,19.2,0.0,66.0,14.1,0.0,0.0,0.0,20,3,6,0
TEST-03773,KOLFE,2025-11-06 21:00:00,33.63,15.9,0.0,65.0,7.8,0.0,0.0,0.0,21,3,6,0
TEST-03594,KOLFE,2025-11-06 22:00:00,22.63,16.5,0.0,76.0,8.2,0.0,0.0,0.0,22,3,6,0
TEST-03245,KOLFE,2025-11-06 23:00:00,12.49,15.8,0.0,76.0,12.3,0.0,0.0,0.0,23,3,6,0
TEST-02102,KOLFE,2025-11-07 00:00:00,3.27,12.4,0.0,86.0,4.7,0.0,0.0,0.0,0,4,7,0
TEST-01428,KOLFE,2025-11-07 01:00:00,2.14,11.8,0.0,85.0,11.0,0.0,0.0,0.0,1,4,7,0
TEST-00242,KOLFE,2025-11-07 02:00:00,2.91,11.9,0.0,92.0,6.4,0.0,0.0,0.0,2,4,7,0
TEST-03109,KOLFE,2025-11-07 03:00:00,1.76,10.7,0.0,87.0,11.2,0.0,0.0,0.0,3,4,7,0
TEST-00382,KOLFE,2025-11-07 04:00:00,4.65,10.1,0.0,84.0,6.8,0.0,0.0,0.0,4,4,7,0
TEST-02468,KOLFE,2025-11-07 05:00:00,21.21,13.5,0.0,77.0,13.1,0.0,0.0,0.0,5,4,7,0
TEST-01736,KOLFE,2025-11-07 06:00:00,44.58,14.0,0.0,75.0,8.5,0.0,0.0,0.0,6,4,7,0
TEST-01828,KOLFE,2025-11-07 07:00:00,67.18,13.9,0.0,87.0,13.4,0.0,0.0,0.0,7,4,7,0
TEST-03463,KOLFE,2025-11-07 08:00:00,52.79,15.3,1.2,74.0,12.2,1.0,0.0,0.0,8,4,7,0
TEST-03447,KOLFE,2025-11-07 09:00:00,25.87,19.4,0.0,66.5,8.5,0.0,0.0,0.0,9,4,7,0
TEST-02207,KOLFE,2025-11-07 10:00:00,24.65,19.4,0.0,59.0,4.9,0.0,0.0,0.0,10,4,7,0
TEST-01597,KOLFE,2025-11-07 11:00:00,21.74,20.3,0.0,71.0,9.9,0.0,0.0,0.0,11,4,7,0
TEST-03764,KOLFE,2025-11-07 12:00:00,21.5,21.5,0.0,57.0,11.8,0.0,0.0,0.0,12,4,7,0
TEST-00022,KOLFE,2025-11-07 13:00:00,24.03,23.1,0.0,50.0,18.1,0.0,0.0,0.0,13,4,7,0
TEST-01323,KOLFE,2025-11-07 14:00:00,22.15,23.2,0.0,44.0,13.3,0.0,0.0,0.0,14,4,7,0
TEST-01866,KOLFE,2025-11-07 15:00:00,20.79,24.9,0.0,58.0,7.4,0.0,0.0,0.0,15,4,7,0
TEST-03115,KOLFE,2025-11-07 16:00:00,25.03,25.7,0.0,52.0,11.2,0.0,0.0,0.0,16,4,7,0
TEST-00073,KOLFE,2025-11-07 17:00:00,35.3,23.4,0.0,64.0,14.9,0.0,0.0,0.0,17,4,7,0
TEST-01886,KOLFE,2025-11-07 18:00:00,47.54,22.1,0.0,65.0,13.0,0.0,0.0,0.0,18,4,7,0
TEST-00638,KOLFE,2025-11-07 19:00:00,50.79,20.2,0.0,67.0,11.6,0.0,0.0,0.0,19,4,7,0
TEST-00441,KOLFE,2025-11-07 20:00:00,47.06,21.5,0.0,63.0,26.2,0.0,0.0,0.0,20,4,7,0
TEST-01772,KOLFE,2025-11-07 21:00:00,35.45,17.0,0.0,69.0,7.2,0.0,0.0,0.0,21,4,7,0
TEST-02627,KOLFE,2025-11-07 22:00:00,23.46,16.0,0.0,81.0,19.3,0.0,0.0,0.0,22,4,7,0
TEST-02056,KOLFE,2025-11-07 23:00:00,12.9,12.8,0.0,77.0,10.2,0.0,0.0,0.0,23,4,7,0
TEST-02393,KOLFE,2025-11-08 00:00:00,8.19,12.9,0.0,79.0,10.5,0.0,0.0,0.0,0,5,8,1
TEST-00031,KOLFE,2025-11-08 01:00:00,6.14,12.3,0.0,84.0,15.4,0.0,0.0,0.0,1,5,8,1
TEST-02854,KOLFE,2025-11-08 02:00:00,5.33,11.6,0.0,83.0,5.4,0.0,0.0,0.0,2,5,8,1
TEST-00532,KOLFE,2025-11-08 03:00:00,5.5,10.5,0.0,95.0,13.8,0.0,0.0,0.0,3,5,8,1
TEST-01429,KOLFE,2025-11-08 04:00:00,5.26,9.8,0.0,84.0,7.3,0.0,0.0,0.0,4,5,8,1
TEST-01267,KOLFE,2025-11-08 05:00:00,9.16,11.1,0.0,85.0,18.7,0.0,0.0,0.0,5,5,8,1
TEST-02212,KOLFE,2025-11-08 06:00:00,12.01,12.5,0.0,77.0,19.2,0.0,0.0,0.0,6,5,8,1
TEST-01587,KOLFE,2025-11-08 07:00:00,14.55,13.3,0.0,71.0,9.1,0.0,0.0,0.0,7,5,8,1
TEST-00892,KOLFE,2025-11-08 08:00:00,22.08,14.5,0.0,73.0,7.0,0.0,0.0,0.0,8,5,8,1
TEST-03662,KOLFE,2025-11-08 09:00:00,33.51,19.1,0.0,63.0,13.4,0.0,0.0,0.0,9,5,8,1
TEST-03539,KOLFE,2025-11-08 10:00:00,38.78,19.3,0.0,66.0,6.4,0.0,0.0,0.0,10,5,8,1
TEST-03029,KOLFE,2025-11-08 11:00:00,42.49,20.9,0.0,60.0,3.8,0.0,0.0,0.0,11,5,8,1
TEST-01160,KOLFE,2025-11-08 12:00:00,42.37,22.7,0.0,65.0,20.3,0.0,0.0,0.0,12,5,8,1
TEST-01087,KOLFE,2025-11-08 13:00:00,41.98,24.0,0.0,58.0,6.3,0.0,0.0,0.0,13,5,8,1
TEST-03798,KOLFE,2025-11-08 14:00:00,38.81,23.1,0.0,61.0,12.4,0.0,0.0,0.0,14,5,8,1
TEST-03277,KOLFE,2025-11-08 15:00:00,39.66,23.0,0.0,60.0,5.8,0.0,0.0,0.0,15,5,8,1
TEST-00547,KOLFE,2025-11-08 16:00:00,40.05,23.4,0.0,59.0,8.4,0.0,0.0,0.0,16,5,8,1
TEST-00931,KOLFE,2025-11-08 17:00:00,40.7,23.2,0.0,56.0,7.7,0.0,0.0,0.0,17,5,8,1
TEST-01051,KOLFE,2025-11-08 18:00:00,44.72,22.9,0.0,56.0,15.4,0.0,0.0,0.0,18,5,8,1
TEST-03056,KOLFE,2025-11-08 19:00:00,43.58,21.35,0.0,63.0,14.0,0.0,0.0,0.0,19,5,8,1
TEST-00107,KOLFE,2025-11-08 20:00:00,42.07,19.8,0.0,70.0,12.6,0.0,0.0,0.0,20,5,8,1
TEST-02174,KOLFE,2025-11-08 21:00:00,33.06,17.7,0.0,73.0,8.6,0.0,0.0,0.0,21,5,8,1
TEST-02600,KOLFE,2025-11-08 22:00:00,21.02,15.2,0.0,75.0,9.0,0.0,0.0,0.0,22,5,8,1
TEST-03161,KOLFE,2025-11-08 23:00:00,12.54,14.2,0.0,81.0,3.8,0.0,0.0,0.0,23,5,8,1
TEST-02594,KOLFE,2025-11-09 00:00:00,6.23,11.3,0.0,83.0,11.4,0.0,0.0,0.0,0,6,9,1
TEST-00777,KOLFE,2025-11-09 01:00:00,6.0,9.3,0.0,89.0,8.3,0.0,0.0,0.0,1,6,9,1
TEST-00503,KOLFE,2025-11-09 02:00:00,5.43,9.1,0.0,91.0,13.7,0.0,0.0,0.0,2,6,9,1
TEST-01850,KOLFE,2025-11-09 03:00:00,4.68,9.3,0.0,92.0,12.9,0.0,0.0,0.0,3,6,9,1
TEST-03500,KOLFE,2025-11-09 04:00:00,5.35,9.3,0.0,88.0,9.5,0.0,0.0,0.0,4,6,9,1
TEST-00573,KOLFE,2025-11-09 05:00:00,9.14,9.5,0.0,97.0,17.2,0.0,0.0,0.0,5,6,9,1
TEST-02855,KOLFE,2025-11-09 06:00:00,10.01,10.85,0.0,86.5,10.45,0.0,0.0,0.0,6,6,9,1
TEST-02287,KOLFE,2025-11-09 07:00:00,16.2,12.2,0.0,76.0,3.7,0.0,0.0,0.0,7,6,9,1
TEST-01265,KOLFE,2025-11-09 08:00:00,22.61,15.2,0.0,77.0,6.7,0.0,0.0,0.0,8,6,9,1
TEST-02505,KOLFE,2025-11-09 09:00:00,34.88,16.1,0.0,78.0,12.7,0.0,0.0,0.0,9,6,9,1
TEST-01837,KOLFE,2025-11-09 10:00:00,38.13,18.3,0.0,63.0,11.6,0.0,0.0,0.0,10,6,9,1
TEST-00424,KOLFE,2025-11-09 11:00:00,40.17,19.9,0.0,64.0,12.1,0.0,0.0,0.0,11,6,9,1
TEST-03351,KOLFE,2025-11-09 12:00:00,41.74,19.0,0.0,63.0,12.1,0.0,0.0,0.0,12,6,9,1
TEST-02896,KOLFE,2025-11-09 13:00:00,41.48,21.4,0.0,53.0,10.2,0.0,0.0,0.0,13,6,9,1
TEST-00877,KOLFE,2025-11-09 14:00:00,39.47,23.0,0.0,56.0,8.6,0.0,0.0,0.0,14,6,9,1
TEST-01239,KOLFE,2025-11-09 15:00:00,39.71,23.9,0.0,61.0,12.4,0.0,0.0,0.0,15,6,9,1
TEST-01520,KOLFE,2025-11-09 16:00:00,41.56,20.6,0.0,62.0,8.2,0.0,0.0,0.0,16,6,9,1
TEST-01233,KOLFE,2025-11-09 17:00:00,40.57,20.8,0.0,59.0,22.5,0.0,0.0,0.0,17,6,9,1
TEST-00601,KOLFE,2025-11-09 18:00:00,43.77,21.2,0.0,70.0,11.9,0.0,0.0,0.0,18,6,9,1
TEST-01556,KOLFE,2025-11-09 19:00:00,46.07,20.4,0.0,64.0,10.6,0.0,0.0,0.0,19,6,9,1
TEST-03213,KOLFE,2025-11-09 20:00:00,39.86,15.6,0.0,73.0,7.2,0.0,0.0,0.0,20,6,9,1
TEST-03379,KOLFE,2025-11-09 21:00:00,32.4,17.4,0.0,79.0,13.2,0.0,0.0,0.0,21,6,9,1
TEST-00401,KOLFE,2025-11-09 22:00:00,20.37,15.9,0.0,82.0,12.5,0.0,0.0,0.0,22,6,9,1
TEST-03761,KOLFE,2025-11-09 23:00:00,11.06,14.7,0.0,85.0,15.0,0.0,0.0,0.0,23,6,9,1
TEST-03712,KOLFE,2025-11-10 00:00:00,6.0,10.3,0.0,90.0,11.9,0.0,0.0,0.0,0,0,10,0
TEST-01683,KOLFE,2025-11-10 01:00:00,7.24,7.8,2.1,94.0,7.5,1.0,0.0,0.0,1,0,10,0
TEST-02547,KOLFE,2025-11-10 02:00:00,5.75,8.8,0.0,90.0,13.7,0.0,0.0,0.0,2,0,10,0
TEST-01125,KOLFE,2025-11-10 03:00:00,5.55,8.8,0.0,93.0,7.0,0.0,0.0,0.0,3,0,10,0
TEST-00173,KOLFE,2025-11-10 04:00:00,7.57,8.3,0.0,96.0,13.5,0.0,0.0,0.0,4,0,10,0
TEST-02022,KOLFE,2025-11-10 05:00:00,18.51,9.7,0.0,79.0,10.1,0.0,0.0,0.0,5,0,10,0
TEST-00109,KOLFE,2025-11-10 06:00:00,43.03,8.0,0.0,91.0,3.1,0.0,0.0,0.0,6,0,10,0
TEST-02049,KOLFE,2025-11-10 07:00:00,69.91,12.0,0.0,90.0,10.3,0.0,0.0,0.0,7,0,10,0
TEST-02617,KOLFE,2025-11-10 08:00:00,48.5,11.9,0.0,84.0,6.6,0.0,0.0,0.0,8,0,10,0
TEST-03045,KOLFE,2025-11-10 09:00:00,26.78,15.4,0.0,80.0,14.4,0.0,0.0,0.0,9,0,10,0
TEST-00548,KOLFE,2025-11-10 10:00:00,21.16,16.1,0.0,76.0,8.3,0.0,0.0,0.0,10,0,10,0
TEST-00411,KOLFE,2025-11-10 11:00:00,21.78,17.9,0.0,73.0,9.3,0.0,0.0,0.0,11,0,10,0
TEST-04007,KOLFE,2025-11-10 12:00:00,20.67,20.8,0.0,61.0,14.6,0.0,0.0,0.0,12,0,10,0
TEST-00155,KOLFE,2025-11-10 13:00:00,20.5,21.0,0.0,58.0,5.7,0.0,0.0,0.0,13,0,10,0
TEST-01753,KOLFE,2025-11-10 14:00:00,19.46,19.7,0.0,65.0,12.9,0.0,0.0,0.0,14,0,10,0
TEST-01585,KOLFE,2025-11-10 15:00:00,19.72,21.9,0.0,63.0,17.5,0.0,0.0,0.0,15,0,10,0
TEST-00662,KOLFE,2025-11-10 16:00:00,22.75,21.4,0.0,57.0,11.8,0.0,0.0,0.0,16,0,10,0
TEST-01641,KOLFE,2025-11-10 17:00:00,35.07,20.3,0.0,60.0,6.1,0.0,0.0,0.0,17,0,10,0
TEST-00705,KOLFE,2025-11-10 18:00:00,45.03,19.6,0.0,60.0,7.3,0.0,0.0,0.0,18,0,10,0
TEST-00897,KOLFE,2025-11-10 19:00:00,47.24,17.2,0.0,71.0,26.7,0.0,0.0,0.0,19,0,10,0
TEST-03348,KOLFE,2025-11-10 20:00:00,45.52,17.9,0.0,73.0,13.0,0.0,0.0,0.0,20,0,10,0
TEST-03970,KOLFE,2025-11-10 21:00:00,34.39,14.7,0.0,74.0,6.8,0.0,0.0,0.0,21,0,10,0
TEST-01697,KOLFE,2025-11-10 22:00:00,21.87,13.8,0.0,64.0,12.1,0.0,0.0,0.0,22,0,10,0
TEST-02544,KOLFE,2025-11-10 23:00:00,12.19,12.7,0.0,86.0,7.2,0.0,0.0,0.0,23,0,10,0
TEST-02557,KOLFE,2025-11-11 00:00:00,4.19,9.1,0.0,88.0,8.6,0.0,0.0,0.0,0,1,11,0
TEST-03913,KOLFE,2025-11-11 01:00:00,5.2,8.3,0.0,82.0,11.6,0.0,0.0,0.0,1,1,11,0
TEST-00781,KOLFE,2025-11-11 02:00:00,3.3,8.5,0.0,96.0,8.6,0.0,0.0,0.0,2,1,11,0
TEST-02262,KOLFE,2025-11-11 03:00:00,4.54,6.7,0.0,95.0,15.1,0.0,0.0,0.0,3,1,11,0
TEST-02013,KOLFE,2025-11-11 04:00:00,7.46,6.9,0.0,93.0,9.0,0.0,0.0,0.0,4,1,11,0
TEST-03527,KOLFE,2025-11-11 05:00:00,19.57,8.4,0.0,86.0,11.2,0.0,0.0,0.0,5,1,11,0
TEST-03633,KOLFE,2025-11-11 06:00:00,43.2,9.4,0.0,89.0,5.8,0.0,0.0,0.0,6,1,11,0
TEST-04002,KOLFE,2025-11-11 07:00:00,64.05,9.8,0.0,91.0,5.9,0.0,0.0,0.0,7,1,11,0
TEST-03838,KOLFE,2025-11-11 08:00:00,50.07,14.0,0.0,86.0,7.8,0.0,0.0,0.0,8,1,11,0
TEST-02454,KOLFE,2025-11-11 09:00:00,28.35,15.2,0.0,82.0,6.5,0.0,0.0,0.0,9,1,11,0
TEST-01898,KOLFE,2025-11-11 10:00:00,21.11,16.4,0.0,72.0,12.1,0.0,0.0,0.0,10,1,11,0
TEST-01306,KOLFE,2025-11-11 11:00:00,23.03,17.4,0.0,66.0,11.7,0.0,0.0,0.0,11,1,11,0
TEST-03873,KOLFE,2025-11-11 12:00:00,21.31,20.1,0.0,71.0,15.1,0.0,0.0,0.0,12,1,11,0
TEST-01945,KOLFE,2025-11-11 13:00:00,23.8,19.8,0.0,77.0,9.4,0.0,0.0,0.0,13,1,11,0
TEST-01589,KOLFE,2025-11-11 14:00:00,21.59,19.6,0.0,60.0,10.7,0.0,0.0,0.0,14,1,11,0
TEST-03208,KOLFE,2025-11-11 15:00:00,19.03,22.6,0.0,58.0,12.4,0.0,0.0,0.0,15,1,11,0
TEST-01994,KOLFE,2025-11-11 16:00:00,24.26,20.6,0.0,65.0,8.9,0.0,0.0,0.0,16,1,11,0
TEST-03713,KOLFE,2025-11-11 17:00:00,36.78,20.4,0.0,62.0,8.3,0.0,0.0,0.0,17,1,11,0
TEST-00687,KOLFE,2025-11-11 18:00:00,47.8,17.1,0.0,59.0,11.2,0.0,0.0,0.0,18,1,11,0
TEST-03679,KOLFE,2025-11-11 19:00:00,56.19,17.2,0.2,67.0,9.7,1.0,0.0,0.0,19,1,11,0
TEST-03449,KOLFE,2025-11-11 20:00:00,46.21,17.3,0.0,82.0,7.2,0.0,0.0,0.0,20,1,11,0
TEST-00949,KOLFE,2025-11-11 21:00:00,35.12,13.7,0.0,85.0,11.7,0.0,0.0,0.0,21,1,11,0
TEST-02542,KOLFE,2025-11-11 22:00:00,20.78,12.6,0.0,86.0,4.0,0.0,0.0,0.0,22,1,11,0
TEST-00817,KOLFE,2025-11-11 23:00:00,13.57,12.6,0.0,80.0,9.2,0.0,0.0,0.0,23,1,11,0
TEST-01928,KOLFE,2025-11-12 00:00:00,5.64,10.2,0.0,83.0,10.5,0.0,0.0,0.0,0,2,12,0
TEST-00732,KOLFE,2025-11-12 01:00:00,5.19,10.3,0.0,83.0,11.7,0.0,0.0,0.0,1,2,12,0
TEST-01540,KOLFE,2025-11-12 02:00:00,5.53,9.2,0.0,94.0,11.6,0.0,0.0,0.0,2,2,12,0
TEST-01563,KOLFE,2025-11-12 03:00:00,4.81,7.7,0.0,95.0,6.2,0.0,0.0,0.0,3,2,12,0
TEST-03818,KOLFE,2025-11-12 04:00:00,8.02,8.1,0.0,97.0,10.8,0.0,0.0,0.0,4,2,12,0
TEST-02345,KOLFE,2025-11-12 05:00:00,19.23,7.4,0.0,95.0,4.4,0.0,0.0,0.0,5,2,12,0
TEST-01984,KOLFE,2025-11-12 06:00:00,43.73,11.2,0.0,88.0,9.0,0.0,0.0,0.0,6,2,12,0
TEST-01191,KOLFE,2025-11-12 07:00:00,61.4,10.5,0.0,79.0,18.7,0.0,0.0,0.0,7,2,12,0
TEST-00647,KOLFE,2025-11-12 08:00:00,48.09,12.7,0.0,85.0,11.2,0.0,0.0,0.0,8,2,12,0
TEST-00594,KOLFE,2025-11-12 09:00:00,32.16,13.1,2.6,82.0,10.4,1.0,0.0,0.0,9,2,12,0
TEST-03724,KOLFE,2025-11-12 10:00:00,21.43,16.7,0.0,71.0,12.3,0.0,0.0,0.0,10,2,12,0
TEST-01078,KOLFE,2025-11-12 11:00:00,25.71,18.4,0.2,67.0,5.5,1.0,0.0,0.0,11,2,12,0
TEST-01496,KOLFE,2025-11-12 12:00:00,22.63,18.0,0.0,62.0,13.0,0.0,0.0,0.0,12,2,12,0
TEST-01711,KOLFE,2025-11-12 13:00:00,21.96,21.7,0.0,60.0,6.5,0.0,0.0,0.0,13,2,12,0
TEST-03507,KOLFE,2025-11-12 14:00:00,20.43,21.6,0.0,75.0,12.5,0.0,0.0,0.0,14,2,12,0
TEST-03234,KOLFE,2025-11-12 15:00:00,20.28,21.4,0.1,71.0,10.6,1.0,0.0,0.0,15,2,12,0
TEST-00816,KOLFE,2025-11-12 16:00:00,27.04,21.9,0.0,59.0,5.2,0.0,0.0,0.0,16,2,12,0
TEST-03956,KOLFE,2025-11-12 17:00:00,36.22,18.9,0.0,66.0,14.0,0.0,0.0,0.0,17,2,12,0
TEST-03715,KOLFE,2025-11-12 18:00:00,46.78,17.4,0.0,68.0,6.8,0.0,0.0,0.0,18,2,12,0
TEST-01777,KOLFE,2025-11-12 19:00:00,50.35,16.5,0.0,61.0,10.2,0.0,0.0,0.0,19,2,12,0
TEST-03677,KOLFE,2025-11-12 20:00:00,44.94,16.7,0.0,64.0,8.7,0.0,0.0,0.0,20,2,12,0
TEST-03548,KOLFE,2025-11-12 21:00:00,33.58,16.1,0.0,74.0,13.8,0.0,0.0,0.0,21,2,12,0
TEST-03497,KOLFE,2025-11-12 22:00:00,30.61,13.2,1.2,71.0,14.1,1.0,0.0,0.0,22,2,12,0
TEST-02681,KOLFE,2025-11-12 23:00:00,11.93,10.6,0.0,90.0,21.8,0.0,0.0,0.0,23,2,12,0
TEST-01461,KOLFE,2025-11-13 00:00:00,6.07,10.5,0.8,88.5,8.8,1.0,0.0,0.0,0,3,13,0
TEST-00224,KOLFE,2025-11-13 01:00:00,5.33,11.2,0.0,87.0,14.0,0.0,0.0,0.0,1,3,13,0
TEST-02909,KOLFE,2025-11-13 02:00:00,4.83,9.0,0.0,99.0,14.4,0.0,0.0,0.0,2,3,13,0
TEST-03294,KOLFE,2025-11-13 03:00:00,4.77,8.9,0.0,86.0,12.7,0.0,0.0,0.0,3,3,13,0
TEST-01693,KOLFE,2025-11-13 04:00:00,7.9,7.9,1.2,96.0,5.7,1.0,0.0,0.0,4,3,13,0
TEST-03393,KOLFE,2025-11-13 05:00:00,20.62,9.1,0.0,91.0,8.1,0.0,0.0,0.0,5,3,13,0
TEST-01244,KOLFE,2025-11-13 06:00:00,43.83,9.1,0.0,99.0,5.5,0.0,0.0,0.0,6,3,13,0
TEST-03926,KOLFE,2025-11-13 07:00:00,61.54,13.4,0.0,85.0,4.7,0.0,0.0,0.0,7,3,13,0
TEST-03686,KOLFE,2025-11-13 08:00:00,51.16,15.0,0.0,77.0,14.1,0.0,0.0,0.0,8,3,13,0
TEST-02947,KOLFE,2025-11-13 09:00:00,28.71,15.1,0.0,73.0,4.6,0.0,0.0,0.0,9,3,13,0
TEST-01195,KOLFE,2025-11-13 10:00:00,21.92,18.3,0.0,62.0,8.9,0.0,0.0,0.0,10,3,13,0
TEST-00550,KOLFE,2025-11-13 11:00:00,22.45,17.4,0.0,72.0,7.7,0.0,0.0,0.0,11,3,13,0
TEST-03364,KOLFE,2025-11-13 12:00:00,21.63,18.2,0.0,64.0,13.1,0.0,0.0,0.0,12,3,13,0
TEST-01056,KOLFE,2025-11-13 13:00:00,26.45,19.0,0.8,86.0,14.7,1.0,0.0,0.0,13,3,13,0
TEST-02370,KOLFE,2025-11-13 14:00:00,28.38,19.0,3.6,75.0,4.4,1.0,0.0,0.0,14,3,13,0
TEST-00054,KOLFE,2025-11-13 15:00:00,34.31,21.2,25.7,84.0,9.8,1.0,0.0,0.0,15,3,13,0
TEST-03178,KOLFE,2025-11-13 16:00:00,41.3,19.3,3.0,85.0,9.6,1.0,0.0,0.0,16,3,13,0
TEST-00211,KOLFE,2025-11-13 17:00:00,61.25,19.3,3.6,82.0,15.5,1.0,0.0,0.0,17,3,13,0
TEST-02739,KOLFE,2025-11-13 18:00:00,66.24,19.5,3.6,82.0,9.1,1.0,0.0,0.0,18,3,13,0
TEST-00449,KOLFE,2025-11-13 19:00:00,54.03,20.5,0.3,68.0,12.0,1.0,0.0,0.0,19,3,13,0
TEST-01817,KOLFE,2025-11-13 20:00:00,45.6,16.6,0.0,62.0,16.8,0.0,0.0,0.0,20,3,13,0
TEST-03371,KOLFE,2025-11-13 21:00:00,35.52,15.2,0.0,81.0,15.7,0.0,0.0,0.0,21,3,13,0
TEST-01914,KOLFE,2025-11-13 22:00:00,22.25,14.9,0.0,87.0,24.1,0.0,0.0,0.0,22,3,13,0
TEST-01873,KOLFE,2025-11-13 23:00:00,20.22,11.9,1.0,91.0,6.9,1.0,0.0,0.0,23,3,13,0
TEST-01017,KOLFE,2025-11-14 00:00:00,5.88,12.3,0.0,82.0,8.6,0.0,0.0,0.0,0,4,14,0
TEST-03965,KOLFE,2025-11-14 01:00:00,5.57,10.9,0.0,90.0,13.8,0.0,0.0,0.0,1,4,14,0
TEST-02898,KOLFE,2025-11-14 02:00:00,4.34,9.8,0.0,97.0,3.6,0.0,0.0,0.0,2,4,14,0
TEST-03573,KOLFE,2025-11-14 03:00:00,4.68,8.9,0.0,82.0,11.6,0.0,0.0,0.0,3,4,14,0
TEST-01538,KOLFE,2025-11-14 04:00:00,7.4,9.3,0.0,92.0,15.9,0.0,0.0,0.0,4,4,14,0
TEST-01644,KOLFE,2025-11-14 05:00:00,18.96,8.8,0.0,90.0,15.5,0.0,0.0,0.0,5,4,14,0
TEST-02619,KOLFE,2025-11-14 06:00:00,44.88,12.0,0.0,77.0,12.1,0.0,0.0,0.0,6,4,14,0
TEST-01463,KOLFE,2025-11-14 07:00:00,61.35,13.5,0.0,89.0,3.7,0.0,0.0,0.0,7,4,14,0
TEST-03285,KOLFE,2025-11-14 08:00:00,51.98,14.9,0.0,78.0,22.1,0.0,0.0,0.0,8,4,14,0
TEST-01406,KOLFE,2025-11-14 09:00:00,26.99,16.7,0.0,73.0,13.2,0.0,0.0,0.0,9,4,14,0
TEST-02473,KOLFE,2025-11-14 10:00:00,21.13,18.15,0.0,69.5,13.7,0.0,0.0,0.0,10,4,14,0
TEST-02602,KOLFE,2025-11-14 11:00:00,21.43,19.6,0.0,66.0,14.2,0.0,0.0,0.0,11,4,14,0
TEST-02120,KOLFE,2025-11-14 12:00:00,22.9,21.2,0.0,60.5,7.9,0.0,0.0,0.0,12,4,14,0
TEST-02330,KOLFE,2025-11-14 13:00:00,23.39,21.5,0.0,55.0,16.1,0.0,0.0,0.0,13,4,14,0
TEST-00302,KOLFE,2025-11-14 14:00:00,20.68,22.8,0.0,62.0,15.1,0.0,0.0,0.0,14,4,14,0
TEST-01507,KOLFE,2025-11-14 15:00:00,20.39,21.7,0.0,61.0,18.0,0.0,0.0,0.0,15,4,14,0
TEST-00936,KOLFE,2025-11-14 16:00:00,24.28,22.5,0.0,66.0,18.3,0.0,0.0,0.0,16,4,14,0
TEST-04032,KOLFE,2025-11-14 17:00:00,38.25,22.4,0.0,66.0,6.5,0.0,0.0,0.0,17,4,14,0
TEST-02213,KOLFE,2025-11-14 18:00:00,50.77,20.4,0.0,61.0,10.6,0.0,0.0,0.0,18,4,14,0
TEST-01790,KOLFE,2025-11-14 19:00:00,58.95,20.1,0.0,68.0,8.1,0.0,0.0,0.0,19,4,14,0
TEST-03958,KOLFE,2025-11-14 20:00:00,48.24,17.6,0.0,71.0,6.0,0.0,0.0,0.0,20,4,14,0
TEST-02870,KOLFE,2025-11-14 21:00:00,35.55,16.1,0.0,84.0,4.4,0.0,0.0,0.0,21,4,14,0
TEST-03845,KOLFE,2025-11-14 22:00:00,23.64,14.9,0.0,78.0,3.7,0.0,0.0,0.0,22,4,14,0
TEST-03148,KOLFE,2025-11-14 23:00:00,11.95,11.5,0.0,86.0,8.4,0.0,0.0,0.0,23,4,14,0
TEST-04009,LIDETA,2025-11-01 00:00:00,6.88,14.2,0.0,85.0,5.7,0.0,0.0,0.0,0,5,1,1
TEST-03794,LIDETA,2025-11-01 01:00:00,5.44,10.9,0.0,88.0,9.8,0.0,0.0,0.0,1,5,1,1
TEST-01050,LIDETA,2025-11-01 02:00:00,7.04,11.2,0.0,83.0,9.4,0.0,0.0,0.0,2,5,1,1
TEST-03909,LIDETA,2025-11-01 03:00:00,6.67,10.4,0.0,78.0,9.8,0.0,0.0,0.0,3,5,1,1
TEST-03053,LIDETA,2025-11-01 04:00:00,13.65,11.5,0.0,83.0,13.4,0.0,0.0,0.0,4,5,1,1
TEST-01730,LIDETA,2025-11-01 05:00:00,16.04,12.2,0.0,87.0,7.0,0.0,0.0,0.0,5,5,1,1
TEST-02541,LIDETA,2025-11-01 06:00:00,22.38,13.2,0.0,84.0,7.8,0.0,0.0,0.0,6,5,1,1
TEST-01880,LIDETA,2025-11-01 07:00:00,26.01,15.1,0.0,67.0,13.3,0.0,0.0,0.0,7,5,1,1
TEST-02168,LIDETA,2025-11-01 08:00:00,29.86,16.1,0.0,79.0,8.0,0.0,0.0,0.0,8,5,1,1
TEST-02827,LIDETA,2025-11-01 09:00:00,33.01,17.8,0.0,69.0,7.8,0.0,0.0,0.0,9,5,1,1
TEST-00860,LIDETA,2025-11-01 10:00:00,42.38,19.3,0.0,67.0,7.2,0.0,0.0,0.0,10,5,1,1
TEST-01658,LIDETA,2025-11-01 11:00:00,43.23,21.1,0.0,59.0,14.6,0.0,0.0,0.0,11,5,1,1
TEST-00565,LIDETA,2025-11-01 12:00:00,44.55,22.9,0.0,56.0,6.1,0.0,0.0,0.0,12,5,1,1
TEST-02856,LIDETA,2025-11-01 13:00:00,48.35,21.8,0.0,48.0,17.9,0.0,0.0,0.0,13,5,1,1
TEST-01129,LIDETA,2025-11-01 14:00:00,45.13,25.5,0.0,54.0,8.3,0.0,0.0,0.0,14,5,1,1
TEST-01582,LIDETA,2025-11-01 15:00:00,46.52,23.9,0.0,56.0,6.4,0.0,0.0,0.0,15,5,1,1
TEST-00792,LIDETA,2025-11-01 16:00:00,50.16,24.2,0.0,51.0,4.1,0.0,0.0,0.0,16,5,1,1
TEST-02721,LIDETA,2025-11-01 17:00:00,44.64,22.8,0.0,60.0,7.1,0.0,0.0,0.0,17,5,1,1
TEST-01174,LIDETA,2025-11-01 18:00:00,43.68,22.4,0.0,65.0,9.3,0.0,0.0,0.0,18,5,1,1
TEST-00536,LIDETA,2025-11-01 19:00:00,44.06,22.8,0.0,56.0,21.6,0.0,0.0,0.0,19,5,1,1
TEST-01091,LIDETA,2025-11-01 20:00:00,30.79,20.1,0.0,64.0,10.9,0.0,0.0,0.0,20,5,1,1
TEST-01067,LIDETA,2025-11-01 21:00:00,22.89,17.0,0.0,65.0,12.9,0.0,0.0,0.0,21,5,1,1
TEST-03431,LIDETA,2025-11-01 22:00:00,14.44,15.4,0.0,73.0,11.0,0.0,0.0,0.0,22,5,1,1
TEST-00193,LIDETA,2025-11-01 23:00:00,11.28,14.6,0.0,80.0,14.1,0.0,0.0,0.0,23,5,1,1
TEST-01680,LIDETA,2025-11-02 00:00:00,5.64,13.1,0.0,84.0,14.9,0.0,0.0,0.0,0,6,2,1
TEST-03854,LIDETA,2025-11-02 01:00:00,5.0,11.0,0.0,84.0,3.8,0.0,0.0,0.0,1,6,2,1
TEST-01938,LIDETA,2025-11-02 02:00:00,12.1,10.7,0.0,82.0,16.2,0.0,0.0,0.0,2,6,2,1
TEST-02800,LIDETA,2025-11-02 03:00:00,6.56,11.0,0.0,81.0,11.9,0.0,0.0,0.0,3,6,2,1
TEST-02389,LIDETA,2025-11-02 04:00:00,13.3,11.7,0.0,94.0,10.4,0.0,0.0,0.0,4,6,2,1
TEST-01502,LIDETA,2025-11-02 05:00:00,21.5,11.9,0.0,82.0,16.0,0.0,0.0,0.0,5,6,2,1
TEST-03843,LIDETA,2025-11-02 06:00:00,22.57,12.9,0.0,73.0,12.7,0.0,0.0,0.0,6,6,2,1
TEST-00496,LIDETA,2025-11-02 07:00:00,29.11,16.0,0.0,83.0,9.1,0.0,0.0,0.0,7,6,2,1
TEST-02344,LIDETA,2025-11-02 08:00:00,29.99,16.1,0.0,74.0,17.1,0.0,0.0,0.0,8,6,2,1
TEST-01599,LIDETA,2025-11-02 09:00:00,37.05,18.5,0.2,67.0,11.2,1.0,0.0,0.0,9,6,2,1
TEST-02112,LIDETA,2025-11-02 10:00:00,44.09,20.1,0.0,65.0,13.7,0.0,0.0,0.0,10,6,2,1
TEST-03665,LIDETA,2025-11-02 11:00:00,45.12,21.5,0.0,60.0,15.3,0.0,0.0,0.0,11,6,2,1
TEST-01551,LIDETA,2025-11-02 12:00:00,48.98,23.5,0.3,53.0,5.6,1.0,0.0,0.0,12,6,2,1
TEST-03282,LIDETA,2025-11-02 13:00:00,49.73,24.2,0.15,57.5,5.25,1.0,0.0,0.0,13,6,2,1
TEST-03901,LIDETA,2025-11-02 14:00:00,46.25,24.9,0.0,62.0,4.9,0.0,0.0,0.0,14,6,2,1
TEST-00455,LIDETA,2025-11-02 15:00:00,50.59,24.3,0.6,69.0,15.0,1.0,0.0,0.0,15,6,2,1
TEST-01497,LIDETA,2025-11-02 16:00:00,50.84,24.9,0.0,56.0,6.9,0.0,0.0,0.0,16,6,2,1
TEST-03898,LIDETA,2025-11-02 17:00:00,73.28,22.8,13.0,65.0,4.1,1.0,0.0,0.0,17,6,2,1
TEST-02519,LIDETA,2025-11-02 18:00:00,47.88,23.7,0.0,57.0,12.0,0.0,0.0,0.0,18,6,2,1
TEST-03089,LIDETA,2025-11-02 19:00:00,45.03,21.0,0.0,60.0,8.6,0.0,0.0,0.0,19,6,2,1
TEST-00084,LIDETA,2025-11-02 20:00:00,33.06,18.9,0.0,62.0,20.8,0.0,0.0,0.0,20,6,2,1
TEST-00335,LIDETA,2025-11-02 21:00:00,21.72,18.3,0.0,64.0,6.8,0.0,0.0,0.0,21,6,2,1
TEST-02089,LIDETA,2025-11-02 22:00:00,13.34,15.6,0.0,72.0,13.5,0.0,0.0,0.0,22,6,2,1
TEST-02534,LIDETA,2025-11-02 23:00:00,9.75,15.7,0.0,75.0,8.9,0.0,0.0,0.0,23,6,2,1
TEST-03092,LIDETA,2025-11-03 00:00:00,7.75,13.8,0.0,80.0,15.5,0.0,0.0,0.0,0,0,3,0
TEST-03391,LIDETA,2025-11-03 01:00:00,5.64,11.9,0.0,86.0,7.5,0.0,0.0,0.0,1,0,3,0
TEST-03786,LIDETA,2025-11-03 02:00:00,6.51,12.9,0.0,78.0,7.0,0.0,0.0,0.0,2,0,3,0
TEST-03248,LIDETA,2025-11-03 03:00:00,4.89,14.3,0.0,85.0,14.8,0.0,0.0,0.0,3,0,3,0
TEST-00982,LIDETA,2025-11-03 04:00:00,4.73,12.4,0.0,84.0,7.4,0.0,0.0,0.0,4,0,3,0
TEST-02148,LIDETA,2025-11-03 05:00:00,14.07,12.8,0.0,84.0,7.8,0.0,0.0,0.0,5,0,3,0
TEST-01568,LIDETA,2025-11-03 06:00:00,42.97,14.2,0.0,82.0,13.7,0.0,0.0,0.0,6,0,3,0
TEST-03542,LIDETA,2025-11-03 07:00:00,73.56,15.2,0.0,65.0,10.3,0.0,0.0,0.0,7,0,3,0
TEST-00967,LIDETA,2025-11-03 08:00:00,68.59,16.0,0.0,69.0,10.7,0.0,0.0,0.0,8,0,3,0
TEST-03477,LIDETA,2025-11-03 09:00:00,51.1,19.9,0.0,71.0,12.8,0.0,0.0,0.0,9,0,3,0
TEST-02806,LIDETA,2025-11-03 10:00:00,38.47,18.0,0.0,64.0,17.1,0.0,0.0,0.0,10,0,3,0
TEST-00683,LIDETA,2025-11-03 11:00:00,36.94,19.9,0.0,67.0,12.1,0.0,0.0,0.0,11,0,3,0
TEST-01079,LIDETA,2025-11-03 12:00:00,37.7,22.8,0.0,58.0,7.2,0.0,0.0,0.0,12,0,3,0
TEST-03762,LIDETA,2025-11-03 13:00:00,40.76,24.8,0.0,54.0,12.6,0.0,0.0,0.0,13,0,3,0
TEST-01950,LIDETA,2025-11-03 14:00:00,42.76,24.8,0.0,46.0,13.3,0.0,0.0,0.0,14,0,3,0
TEST-03513,LIDETA,2025-11-03 15:00:00,38.75,25.6,0.0,41.0,11.9,0.0,0.0,0.0,15,0,3,0
TEST-04027,LIDETA,2025-11-03 16:00:00,46.94,25.3,0.0,51.0,15.5,0.0,0.0,0.0,16,0,3,0
TEST-01386,LIDETA,2025-11-03 17:00:00,68.84,24.0,0.0,55.0,11.0,0.0,0.0,0.0,17,0,3,0
TEST-02366,LIDETA,2025-11-03 18:00:00,76.38,24.4,0.0,61.0,8.3,0.0,0.0,0.0,18,0,3,0
TEST-01512,LIDETA,2025-11-03 19:00:00,63.46,21.6,0.0,63.0,7.9,0.0,0.0,0.0,19,0,3,0
TEST-00432,LIDETA,2025-11-03 20:00:00,40.04,19.8,0.0,60.0,7.7,0.0,0.0,0.0,20,0,3,0
TEST-00355,LIDETA,2025-11-03 21:00:00,21.39,19.9,0.0,61.0,6.6,0.0,0.0,0.0,21,0,3,0
TEST-02104,LIDETA,2025-11-03 22:00:00,11.29,18.3,0.0,66.0,10.8,0.0,0.0,0.0,22,0,3,0
TEST-02138,LIDETA,2025-11-03 23:00:00,6.84,13.7,0.0,87.0,5.8,0.0,0.0,0.0,23,0,3,0
TEST-00340,LIDETA,2025-11-04 00:00:00,7.57,12.9,0.0,72.0,13.9,0.0,0.0,0.0,0,1,4,0
TEST-02608,LIDETA,2025-11-04 01:00:00,7.1,13.2,0.0,69.0,9.0,0.0,0.0,0.0,1,1,4,0
TEST-02690,LIDETA,2025-11-04 02:00:00,6.3,11.8,0.0,78.0,10.9,0.0,0.0,0.0,2,1,4,0
TEST-00941,LIDETA,2025-11-04 03:00:00,6.28,11.5,0.0,89.0,15.9,0.0,0.0,0.0,3,1,4,0
TEST-01489,LIDETA,2025-11-04 04:00:00,4.52,11.2,0.3,85.0,7.5,1.0,0.0,0.0,4,1,4,0
TEST-01299,LIDETA,2025-11-04 05:00:00,16.46,13.2,0.0,86.0,8.4,0.0,0.0,0.0,5,1,4,0
TEST-00770,LIDETA,2025-11-04 06:00:00,41.71,14.0,0.0,81.0,10.9,0.0,0.0,0.0,6,1,4,0
TEST-01086,LIDETA,2025-11-04 07:00:00,82.18,14.7,0.0,81.0,13.7,0.0,0.0,0.0,7,1,4,0
TEST-03969,LIDETA,2025-11-04 08:00:00,77.3,16.9,0.0,71.0,16.3,0.0,0.0,0.0,8,1,4,0
TEST-03291,LIDETA,2025-11-04 09:00:00,50.39,18.5,0.0,64.0,13.7,0.0,0.0,0.0,9,1,4,0
TEST-03201,LIDETA,2025-11-04 10:00:00,38.03,21.5,0.0,68.0,8.7,0.0,0.0,0.0,10,1,4,0
TEST-02970,LIDETA,2025-11-04 11:00:00,35.53,22.0,0.0,61.0,6.6,0.0,0.0,0.0,11,1,4,0
TEST-01397,LIDETA,2025-11-04 12:00:00,38.43,23.7,0.0,63.0,12.5,0.0,0.0,0.0,12,1,4,0
TEST-01227,LIDETA,2025-11-04 13:00:00,45.85,23.6,0.3,54.0,14.0,1.0,0.0,0.0,13,1,4,0
TEST-00572,LIDETA,2025-11-04 14:00:00,39.15,26.3,0.0,45.0,6.6,0.0,0.0,0.0,14,1,4,0
TEST-00520,LIDETA,2025-11-04 15:00:00,38.81,25.2,0.0,51.0,9.0,0.0,0.0,0.0,15,1,4,0
TEST-01543,LIDETA,2025-11-04 16:00:00,63.6,25.5,0.3,42.0,8.6,1.0,0.0,0.0,16,1,4,0
TEST-03324,LIDETA,2025-11-04 17:00:00,68.89,24.1,0.0,54.0,12.8,0.0,0.0,0.0,17,1,4,0
TEST-03048,LIDETA,2025-11-04 18:00:00,77.37,22.9,0.0,45.0,12.4,0.0,0.0,0.0,18,1,4,0
TEST-01707,LIDETA,2025-11-04 19:00:00,63.04,23.6,0.0,57.0,20.6,0.0,0.0,0.0,19,1,4,0
TEST-00036,LIDETA,2025-11-04 20:00:00,36.95,21.1,0.0,69.0,7.7,0.0,0.0,0.0,20,1,4,0
TEST-03250,LIDETA,2025-11-04 21:00:00,20.8,18.6,0.0,70.0,15.3,0.0,0.0,0.0,21,1,4,0
TEST-02073,LIDETA,2025-11-04 22:00:00,11.62,17.5,0.0,69.0,10.0,0.0,0.0,0.0,22,1,4,0
TEST-03632,LIDETA,2025-11-04 23:00:00,6.91,16.9,0.0,70.0,6.0,0.0,0.0,0.0,23,1,4,0
TEST-02215,LIDETA,2025-11-05 00:00:00,5.76,13.8,0.0,80.0,9.9,0.0,0.0,0.0,0,2,5,0
TEST-02463,LIDETA,2025-11-05 01:00:00,5.84,12.6,0.0,78.0,5.0,0.0,0.0,0.0,1,2,5,0
TEST-00858,LIDETA,2025-11-05 02:00:00,10.78,11.2,0.0,77.0,25.5,0.0,0.0,0.0,2,2,5,0
TEST-01988,LIDETA,2025-11-05 03:00:00,5.53,12.3,0.0,83.0,12.9,0.0,0.0,0.0,3,2,5,0
TEST-02605,LIDETA,2025-11-05 04:00:00,10.11,12.9,0.0,80.0,8.5,0.0,0.0,0.0,4,2,5,0
TEST-00653,LIDETA,2025-11-05 05:00:00,13.95,13.0,0.0,86.0,13.5,0.0,0.0,0.0,5,2,5,0
TEST-00555,LIDETA,2025-11-05 06:00:00,40.73,13.9,0.0,75.0,9.9,0.0,0.0,0.0,6,2,5,0
TEST-01824,LIDETA,2025-11-05 07:00:00,71.4,15.7,0.0,86.0,7.4,0.0,0.0,0.0,7,2,5,0
TEST-01272,LIDETA,2025-11-05 08:00:00,68.65,18.0,0.0,72.0,7.8,0.0,0.0,0.0,8,2,5,0
TEST-01442,LIDETA,2025-11-05 09:00:00,49.35,19.3,0.0,61.0,12.6,0.0,0.0,0.0,9,2,5,0
TEST-03085,LIDETA,2025-11-05 10:00:00,37.76,20.7,0.0,61.0,11.2,0.0,0.0,0.0,10,2,5,0
TEST-02278,LIDETA,2025-11-05 11:00:00,38.34,21.1,0.0,65.0,8.2,0.0,0.0,0.0,11,2,5,0
TEST-01075,LIDETA,2025-11-05 12:00:00,38.73,23.8,0.0,58.0,15.0,0.0,0.0,0.0,12,2,5,0
TEST-03552,LIDETA,2025-11-05 13:00:00,39.15,22.9,0.0,56.0,7.5,0.0,0.0,0.0,13,2,5,0
TEST-03385,LIDETA,2025-11-05 14:00:00,37.91,25.2,0.0,53.0,8.3,0.0,0.0,0.0,14,2,5,0
TEST-03054,LIDETA,2025-11-05 15:00:00,38.52,24.1,0.0,45.0,20.0,0.0,0.0,0.0,15,2,5,0
TEST-02376,LIDETA,2025-11-05 16:00:00,54.52,25.4,0.0,56.0,5.1,0.0,0.0,0.0,16,2,5,0
TEST-01724,LIDETA,2025-11-05 17:00:00,73.35,24.9,0.0,49.0,8.3,0.0,0.0,0.0,17,2,5,0
TEST-00116,LIDETA,2025-11-05 18:00:00,71.52,23.5,0.0,63.0,11.8,0.0,0.0,0.0,18,2,5,0
TEST-03856,LIDETA,2025-11-05 19:00:00,63.87,20.8,0.0,55.0,12.0,0.0,0.0,0.0,19,2,5,0
TEST-03881,LIDETA,2025-11-05 20:00:00,40.79,17.9,0.0,54.0,10.9,0.0,0.0,0.0,20,2,5,0
TEST-00472,LIDETA,2025-11-05 21:00:00,19.88,17.1,0.0,70.0,7.0,0.0,0.0,0.0,21,2,5,0
TEST-01416,LIDETA,2025-11-05 22:00:00,11.1,16.1,0.0,65.0,10.1,0.0,0.0,0.0,22,2,5,0
TEST-03238,LIDETA,2025-11-05 23:00:00,13.59,14.7,0.0,70.0,8.1,0.0,0.0,0.0,23,2,5,0
TEST-02927,LIDETA,2025-11-06 00:00:00,2.4,10.6,0.0,85.0,11.6,0.0,0.0,0.0,0,3,6,0
TEST-01856,LIDETA,2025-11-06 01:00:00,2.25,10.5,0.0,85.0,10.5,0.0,0.0,0.0,1,3,6,0
TEST-00768,LIDETA,2025-11-06 02:00:00,3.23,9.8,0.0,91.0,11.0,0.0,0.0,0.0,2,3,6,0
TEST-00141,LIDETA,2025-11-06 03:00:00,4.37,12.0,0.1,89.0,11.9,1.0,0.0,0.0,3,3,6,0
TEST-02936,LIDETA,2025-11-06 04:00:00,7.21,12.1,0.05,81.5,9.95,1.0,0.0,0.0,4,3,6,0
TEST-00675,LIDETA,2025-11-06 05:00:00,17.51,12.2,0.0,74.0,8.0,0.0,0.0,0.0,5,3,6,0
TEST-00642,LIDETA,2025-11-06 06:00:00,40.3,13.0,0.0,82.0,12.5,0.0,0.0,0.0,6,3,6,0
TEST-00737,LIDETA,2025-11-06 07:00:00,70.6,14.3,0.0,71.0,13.1,0.0,0.0,0.0,7,3,6,0
TEST-03162,LIDETA,2025-11-06 08:00:00,66.48,17.7,0.0,69.0,15.0,0.0,0.0,0.0,8,3,6,0
TEST-02452,LIDETA,2025-11-06 09:00:00,50.55,18.8,0.0,65.0,7.3,0.0,0.0,0.0,9,3,6,0
TEST-01229,LIDETA,2025-11-06 10:00:00,37.3,19.3,0.0,69.0,6.9,0.0,0.0,0.0,10,3,6,0
TEST-03363,LIDETA,2025-11-06 11:00:00,39.22,19.4,0.0,57.0,8.3,0.0,0.0,0.0,11,3,6,0
TEST-01065,LIDETA,2025-11-06 12:00:00,40.44,20.4,0.0,52.0,17.3,0.0,0.0,0.0,12,3,6,0
TEST-03612,LIDETA,2025-11-06 13:00:00,39.19,23.2,0.0,58.0,7.7,0.0,0.0,0.0,13,3,6,0
TEST-00145,LIDETA,2025-11-06 14:00:00,35.42,25.1,0.0,51.0,6.2,0.0,0.0,0.0,14,3,6,0
TEST-01106,LIDETA,2025-11-06 15:00:00,38.18,27.0,0.0,58.0,7.5,0.0,0.0,0.0,15,3,6,0
TEST-01529,LIDETA,2025-11-06 16:00:00,49.83,25.7,0.0,49.0,12.2,0.0,0.0,0.0,16,3,6,0
TEST-03214,LIDETA,2025-11-06 17:00:00,69.3,22.1,0.0,65.0,8.6,0.0,0.0,0.0,17,3,6,0
TEST-01608,LIDETA,2025-11-06 18:00:00,70.94,21.1,0.0,59.0,16.7,0.0,0.0,0.0,18,3,6,0
TEST-01967,LIDETA,2025-11-06 19:00:00,62.66,20.6,0.0,64.0,9.3,0.0,0.0,0.0,19,3,6,0
TEST-01619,LIDETA,2025-11-06 20:00:00,37.68,19.2,0.0,66.0,14.1,0.0,0.0,0.0,20,3,6,0
TEST-03042,LIDETA,2025-11-06 21:00:00,21.15,15.9,0.0,65.0,7.8,0.0,0.0,0.0,21,3,6,0
TEST-02895,LIDETA,2025-11-06 22:00:00,14.08,16.5,0.0,76.0,8.2,0.0,0.0,0.0,22,3,6,0
TEST-03061,LIDETA,2025-11-06 23:00:00,7.78,15.8,0.0,76.0,12.3,0.0,0.0,0.0,23,3,6,0
TEST-02902,LIDETA,2025-11-07 00:00:00,3.79,12.4,0.0,86.0,4.7,0.0,0.0,0.0,0,4,7,0
TEST-00760,LIDETA,2025-11-07 01:00:00,3.18,11.8,0.0,85.0,11.0,0.0,0.0,0.0,1,4,7,0
TEST-03058,LIDETA,2025-11-07 02:00:00,3.98,11.9,0.0,92.0,6.4,0.0,0.0,0.0,2,4,7,0
TEST-00346,LIDETA,2025-11-07 03:00:00,3.37,10.7,0.0,87.0,11.2,0.0,0.0,0.0,3,4,7,0
TEST-00636,LIDETA,2025-11-07 04:00:00,4.65,10.1,0.0,84.0,6.8,0.0,0.0,0.0,4,4,7,0
TEST-01326,LIDETA,2025-11-07 05:00:00,19.31,13.5,0.0,77.0,13.1,0.0,0.0,0.0,5,4,7,0
TEST-01783,LIDETA,2025-11-07 06:00:00,45.37,14.0,0.0,75.0,8.5,0.0,0.0,0.0,6,4,7,0
TEST-01419,LIDETA,2025-11-07 07:00:00,76.36,13.9,0.0,87.0,13.4,0.0,0.0,0.0,7,4,7,0
TEST-01218,LIDETA,2025-11-07 08:00:00,68.69,15.3,1.2,74.0,12.2,1.0,0.0,0.0,8,4,7,0
TEST-03160,LIDETA,2025-11-07 09:00:00,56.95,19.4,0.0,66.5,8.5,0.0,0.0,0.0,9,4,7,0
TEST-03152,LIDETA,2025-11-07 10:00:00,42.7,19.4,0.0,59.0,4.9,0.0,0.0,0.0,10,4,7,0
TEST-02539,LIDETA,2025-11-07 11:00:00,38.7,20.3,0.0,71.0,9.9,0.0,0.0,0.0,11,4,7,0
TEST-00752,LIDETA,2025-11-07 12:00:00,39.28,21.5,0.0,57.0,11.8,0.0,0.0,0.0,12,4,7,0
TEST-00013,LIDETA,2025-11-07 13:00:00,41.32,23.1,0.0,50.0,18.1,0.0,0.0,0.0,13,4,7,0
TEST-00390,LIDETA,2025-11-07 14:00:00,42.07,23.2,0.0,44.0,13.3,0.0,0.0,0.0,14,4,7,0
TEST-01679,LIDETA,2025-11-07 15:00:00,40.29,24.9,0.0,58.0,7.4,0.0,0.0,0.0,15,4,7,0
TEST-00958,LIDETA,2025-11-07 16:00:00,50.89,25.7,0.0,52.0,11.2,0.0,0.0,0.0,16,4,7,0
TEST-00513,LIDETA,2025-11-07 17:00:00,72.6,23.4,0.0,64.0,14.9,0.0,0.0,0.0,17,4,7,0
TEST-02374,LIDETA,2025-11-07 18:00:00,78.47,22.1,0.0,65.0,13.0,0.0,0.0,0.0,18,4,7,0
TEST-02683,LIDETA,2025-11-07 19:00:00,71.89,20.2,0.0,67.0,11.6,0.0,0.0,0.0,19,4,7,0
TEST-03172,LIDETA,2025-11-07 20:00:00,46.56,21.5,0.0,63.0,26.2,0.0,0.0,0.0,20,4,7,0
TEST-00925,LIDETA,2025-11-07 21:00:00,20.81,17.0,0.0,69.0,7.2,0.0,0.0,0.0,21,4,7,0
TEST-01640,LIDETA,2025-11-07 22:00:00,12.93,16.0,0.0,81.0,19.3,0.0,0.0,0.0,22,4,7,0
TEST-02004,LIDETA,2025-11-07 23:00:00,8.15,12.8,0.0,77.0,10.2,0.0,0.0,0.0,23,4,7,0
TEST-00836,LIDETA,2025-11-08 00:00:00,9.76,12.9,0.0,79.0,10.5,0.0,0.0,0.0,0,5,8,1
TEST-03585,LIDETA,2025-11-08 01:00:00,8.78,12.3,0.0,84.0,15.4,0.0,0.0,0.0,1,5,8,1
TEST-00297,LIDETA,2025-11-08 02:00:00,7.35,11.6,0.0,83.0,5.4,0.0,0.0,0.0,2,5,8,1
TEST-03982,LIDETA,2025-11-08 03:00:00,7.69,10.5,0.0,95.0,13.8,0.0,0.0,0.0,3,5,8,1
TEST-02969,LIDETA,2025-11-08 04:00:00,14.17,9.8,0.0,84.0,7.3,0.0,0.0,0.0,4,5,8,1
TEST-01893,LIDETA,2025-11-08 05:00:00,16.24,11.1,0.0,85.0,18.7,0.0,0.0,0.0,5,5,8,1
TEST-01788,LIDETA,2025-11-08 06:00:00,26.48,12.5,0.0,77.0,19.2,0.0,0.0,0.0,6,5,8,1
TEST-03326,LIDETA,2025-11-08 07:00:00,23.77,13.3,0.0,71.0,9.1,0.0,0.0,0.0,7,5,8,1
TEST-01248,LIDETA,2025-11-08 08:00:00,27.11,14.5,0.0,73.0,7.0,0.0,0.0,0.0,8,5,8,1
TEST-02289,LIDETA,2025-11-08 09:00:00,33.12,19.1,0.0,63.0,13.4,0.0,0.0,0.0,9,5,8,1
TEST-03990,LIDETA,2025-11-08 10:00:00,41.61,19.3,0.0,66.0,6.4,0.0,0.0,0.0,10,5,8,1
TEST-00724,LIDETA,2025-11-08 11:00:00,43.73,20.9,0.0,60.0,3.8,0.0,0.0,0.0,11,5,8,1
TEST-01548,LIDETA,2025-11-08 12:00:00,46.71,22.7,0.0,65.0,20.3,0.0,0.0,0.0,12,5,8,1
TEST-00437,LIDETA,2025-11-08 13:00:00,44.85,24.0,0.0,58.0,6.3,0.0,0.0,0.0,13,5,8,1
TEST-00076,LIDETA,2025-11-08 14:00:00,44.08,23.1,0.0,61.0,12.4,0.0,0.0,0.0,14,5,8,1
TEST-01905,LIDETA,2025-11-08 15:00:00,44.09,23.0,0.0,60.0,5.8,0.0,0.0,0.0,15,5,8,1
TEST-01997,LIDETA,2025-11-08 16:00:00,50.42,23.4,0.0,59.0,8.4,0.0,0.0,0.0,16,5,8,1
TEST-03401,LIDETA,2025-11-08 17:00:00,44.68,23.2,0.0,56.0,7.7,0.0,0.0,0.0,17,5,8,1
TEST-02316,LIDETA,2025-11-08 18:00:00,41.89,22.9,0.0,56.0,15.4,0.0,0.0,0.0,18,5,8,1
TEST-03729,LIDETA,2025-11-08 19:00:00,37.42,21.35,0.0,63.0,14.0,0.0,0.0,0.0,19,5,8,1
TEST-03191,LIDETA,2025-11-08 20:00:00,32.35,19.8,0.0,70.0,12.6,0.0,0.0,0.0,20,5,8,1
TEST-03774,LIDETA,2025-11-08 21:00:00,25.67,17.7,0.0,73.0,8.6,0.0,0.0,0.0,21,5,8,1
TEST-02674,LIDETA,2025-11-08 22:00:00,15.29,15.2,0.0,75.0,9.0,0.0,0.0,0.0,22,5,8,1
TEST-03360,LIDETA,2025-11-08 23:00:00,11.19,14.2,0.0,81.0,3.8,0.0,0.0,0.0,23,5,8,1
TEST-00980,LIDETA,2025-11-09 00:00:00,8.82,11.3,0.0,83.0,11.4,0.0,0.0,0.0,0,6,9,1
TEST-03874,LIDETA,2025-11-09 01:00:00,9.93,9.3,0.0,89.0,8.3,0.0,0.0,0.0,1,6,9,1
TEST-02560,LIDETA,2025-11-09 02:00:00,8.91,9.1,0.0,91.0,13.7,0.0,0.0,0.0,2,6,9,1
TEST-02788,LIDETA,2025-11-09 03:00:00,7.8,9.3,0.0,92.0,12.9,0.0,0.0,0.0,3,6,9,1
TEST-00823,LIDETA,2025-11-09 04:00:00,14.23,9.3,0.0,88.0,9.5,0.0,0.0,0.0,4,6,9,1
TEST-03757,LIDETA,2025-11-09 05:00:00,16.23,9.5,0.0,97.0,17.2,0.0,0.0,0.0,5,6,9,1
TEST-03103,LIDETA,2025-11-09 06:00:00,19.0,10.85,0.0,86.5,10.45,0.0,0.0,0.0,6,6,9,1
TEST-00379,LIDETA,2025-11-09 07:00:00,21.72,12.2,0.0,76.0,3.7,0.0,0.0,0.0,7,6,9,1
TEST-02017,LIDETA,2025-11-09 08:00:00,28.24,15.2,0.0,77.0,6.7,0.0,0.0,0.0,8,6,9,1
TEST-01879,LIDETA,2025-11-09 09:00:00,32.95,16.1,0.0,78.0,12.7,0.0,0.0,0.0,9,6,9,1
TEST-02873,LIDETA,2025-11-09 10:00:00,43.23,18.3,0.0,63.0,11.6,0.0,0.0,0.0,10,6,9,1
TEST-00984,LIDETA,2025-11-09 11:00:00,45.44,19.9,0.0,64.0,12.1,0.0,0.0,0.0,11,6,9,1
TEST-01604,LIDETA,2025-11-09 12:00:00,46.15,19.0,0.0,63.0,12.1,0.0,0.0,0.0,12,6,9,1
TEST-00563,LIDETA,2025-11-09 13:00:00,47.79,21.4,0.0,53.0,10.2,0.0,0.0,0.0,13,6,9,1
TEST-03896,LIDETA,2025-11-09 14:00:00,47.49,23.0,0.0,56.0,8.6,0.0,0.0,0.0,14,6,9,1
TEST-04022,LIDETA,2025-11-09 15:00:00,45.31,23.9,0.0,61.0,12.4,0.0,0.0,0.0,15,6,9,1
TEST-00558,LIDETA,2025-11-09 16:00:00,51.06,20.6,0.0,62.0,8.2,0.0,0.0,0.0,16,6,9,1
TEST-03894,LIDETA,2025-11-09 17:00:00,44.51,20.8,0.0,59.0,22.5,0.0,0.0,0.0,17,6,9,1
TEST-01973,LIDETA,2025-11-09 18:00:00,41.7,21.2,0.0,70.0,11.9,0.0,0.0,0.0,18,6,9,1
TEST-00551,LIDETA,2025-11-09 19:00:00,38.36,20.4,0.0,64.0,10.6,0.0,0.0,0.0,19,6,9,1
TEST-00920,LIDETA,2025-11-09 20:00:00,31.78,15.6,0.0,73.0,7.2,0.0,0.0,0.0,20,6,9,1
TEST-01213,LIDETA,2025-11-09 21:00:00,25.16,17.4,0.0,79.0,13.2,0.0,0.0,0.0,21,6,9,1
TEST-00319,LIDETA,2025-11-09 22:00:00,12.97,15.9,0.0,82.0,12.5,0.0,0.0,0.0,22,6,9,1
TEST-01570,LIDETA,2025-11-09 23:00:00,9.45,14.7,0.0,85.0,15.0,0.0,0.0,0.0,23,6,9,1
TEST-02153,LIDETA,2025-11-10 00:00:00,6.46,10.3,0.0,90.0,11.9,0.0,0.0,0.0,0,0,10,0
TEST-03144,LIDETA,2025-11-10 01:00:00,6.41,7.8,2.1,94.0,7.5,1.0,0.0,0.0,1,0,10,0
TEST-02583,LIDETA,2025-11-10 02:00:00,4.92,8.8,0.0,90.0,13.7,0.0,0.0,0.0,2,0,10,0
TEST-02070,LIDETA,2025-11-10 03:00:00,4.46,8.8,0.0,93.0,7.0,0.0,0.0,0.0,3,0,10,0
TEST-01352,LIDETA,2025-11-10 04:00:00,8.34,8.3,0.0,96.0,13.5,0.0,0.0,0.0,4,0,10,0
TEST-00458,LIDETA,2025-11-10 05:00:00,15.82,9.7,0.0,79.0,10.1,0.0,0.0,0.0,5,0,10,0
TEST-02085,LIDETA,2025-11-10 06:00:00,36.46,8.0,0.0,91.0,3.1,0.0,0.0,0.0,6,0,10,0
TEST-03481,LIDETA,2025-11-10 07:00:00,65.75,12.0,0.0,90.0,10.3,0.0,0.0,0.0,7,0,10,0
TEST-02685,LIDETA,2025-11-10 08:00:00,65.43,11.9,0.0,84.0,6.6,0.0,0.0,0.0,8,0,10,0
TEST-02744,LIDETA,2025-11-10 09:00:00,51.74,15.4,0.0,80.0,14.4,0.0,0.0,0.0,9,0,10,0
TEST-03655,LIDETA,2025-11-10 10:00:00,38.85,16.1,0.0,76.0,8.3,0.0,0.0,0.0,10,0,10,0
TEST-03050,LIDETA,2025-11-10 11:00:00,36.66,17.9,0.0,73.0,9.3,0.0,0.0,0.0,11,0,10,0
TEST-00366,LIDETA,2025-11-10 12:00:00,38.13,20.8,0.0,61.0,14.6,0.0,0.0,0.0,12,0,10,0
TEST-01127,LIDETA,2025-11-10 13:00:00,38.04,21.0,0.0,58.0,5.7,0.0,0.0,0.0,13,0,10,0
TEST-01433,LIDETA,2025-11-10 14:00:00,37.76,19.7,0.0,65.0,12.9,0.0,0.0,0.0,14,0,10,0
TEST-00854,LIDETA,2025-11-10 15:00:00,38.6,21.9,0.0,63.0,17.5,0.0,0.0,0.0,15,0,10,0
TEST-01958,LIDETA,2025-11-10 16:00:00,47.88,21.4,0.0,57.0,11.8,0.0,0.0,0.0,16,0,10,0
TEST-00826,LIDETA,2025-11-10 17:00:00,65.94,20.3,0.0,60.0,6.1,0.0,0.0,0.0,17,0,10,0
TEST-03551,LIDETA,2025-11-10 18:00:00,70.56,19.6,0.0,60.0,7.3,0.0,0.0,0.0,18,0,10,0
TEST-02490,LIDETA,2025-11-10 19:00:00,62.93,17.2,0.0,71.0,26.7,0.0,0.0,0.0,19,0,10,0
TEST-02395,LIDETA,2025-11-10 20:00:00,37.81,17.9,0.0,73.0,13.0,0.0,0.0,0.0,20,0,10,0
TEST-00591,LIDETA,2025-11-10 21:00:00,20.84,14.7,0.0,74.0,6.8,0.0,0.0,0.0,21,0,10,0
TEST-00380,LIDETA,2025-11-10 22:00:00,10.08,13.8,0.0,64.0,12.1,0.0,0.0,0.0,22,0,10,0
TEST-03553,LIDETA,2025-11-10 23:00:00,6.2,12.7,0.0,86.0,7.2,0.0,0.0,0.0,23,0,10,0
TEST-02418,LIDETA,2025-11-11 00:00:00,6.85,9.1,0.0,88.0,8.6,0.0,0.0,0.0,0,1,11,0
TEST-00484,LIDETA,2025-11-11 01:00:00,6.63,8.3,0.0,82.0,11.6,0.0,0.0,0.0,1,1,11,0
TEST-03850,LIDETA,2025-11-11 02:00:00,6.39,8.5,0.0,96.0,8.6,0.0,0.0,0.0,2,1,11,0
TEST-00130,LIDETA,2025-11-11 03:00:00,7.08,6.7,0.0,95.0,15.1,0.0,0.0,0.0,3,1,11,0
TEST-01003,LIDETA,2025-11-11 04:00:00,8.69,6.9,0.0,93.0,9.0,0.0,0.0,0.0,4,1,11,0
TEST-03262,LIDETA,2025-11-11 05:00:00,16.46,8.4,0.0,86.0,11.2,0.0,0.0,0.0,5,1,11,0
TEST-00864,LIDETA,2025-11-11 06:00:00,37.89,9.4,0.0,89.0,5.8,0.0,0.0,0.0,6,1,11,0
TEST-00685,LIDETA,2025-11-11 07:00:00,62.35,9.8,0.0,91.0,5.9,0.0,0.0,0.0,7,1,11,0
TEST-00570,LIDETA,2025-11-11 08:00:00,65.41,14.0,0.0,86.0,7.8,0.0,0.0,0.0,8,1,11,0
TEST-03476,LIDETA,2025-11-11 09:00:00,51.29,15.2,0.0,82.0,6.5,0.0,0.0,0.0,9,1,11,0
TEST-01448,LIDETA,2025-11-11 10:00:00,35.24,16.4,0.0,72.0,12.1,0.0,0.0,0.0,10,1,11,0
TEST-02318,LIDETA,2025-11-11 11:00:00,41.34,17.4,0.0,66.0,11.7,0.0,0.0,0.0,11,1,11,0
TEST-01325,LIDETA,2025-11-11 12:00:00,39.59,20.1,0.0,71.0,15.1,0.0,0.0,0.0,12,1,11,0
TEST-03475,LIDETA,2025-11-11 13:00:00,41.24,19.8,0.0,77.0,9.4,0.0,0.0,0.0,13,1,11,0
TEST-01864,LIDETA,2025-11-11 14:00:00,37.73,19.6,0.0,60.0,10.7,0.0,0.0,0.0,14,1,11,0
TEST-02984,LIDETA,2025-11-11 15:00:00,36.57,22.6,0.0,58.0,12.4,0.0,0.0,0.0,15,1,11,0
TEST-03989,LIDETA,2025-11-11 16:00:00,49.18,20.6,0.0,65.0,8.9,0.0,0.0,0.0,16,1,11,0
TEST-01743,LIDETA,2025-11-11 17:00:00,68.44,20.4,0.0,62.0,8.3,0.0,0.0,0.0,17,1,11,0
TEST-02754,LIDETA,2025-11-11 18:00:00,71.94,17.1,0.0,59.0,11.2,0.0,0.0,0.0,18,1,11,0
TEST-03480,LIDETA,2025-11-11 19:00:00,66.64,17.2,0.2,67.0,9.7,1.0,0.0,0.0,19,1,11,0
TEST-02137,LIDETA,2025-11-11 20:00:00,38.12,17.3,0.0,82.0,7.2,0.0,0.0,0.0,20,1,11,0
TEST-01303,LIDETA,2025-11-11 21:00:00,20.73,13.7,0.0,85.0,11.7,0.0,0.0,0.0,21,1,11,0
TEST-01466,LIDETA,2025-11-11 22:00:00,8.58,12.6,0.0,86.0,4.0,0.0,0.0,0.0,22,1,11,0
TEST-03083,LIDETA,2025-11-11 23:00:00,7.08,12.6,0.0,80.0,9.2,0.0,0.0,0.0,23,1,11,0
TEST-03618,LIDETA,2025-11-12 00:00:00,5.45,10.2,0.0,83.0,10.5,0.0,0.0,0.0,0,2,12,0
TEST-00169,LIDETA,2025-11-12 01:00:00,6.1,10.3,0.0,83.0,11.7,0.0,0.0,0.0,1,2,12,0
TEST-02733,LIDETA,2025-11-12 02:00:00,7.14,9.2,0.0,94.0,11.6,0.0,0.0,0.0,2,2,12,0
TEST-00830,LIDETA,2025-11-12 03:00:00,6.39,7.7,0.0,95.0,6.2,0.0,0.0,0.0,3,2,12,0
TEST-01276,LIDETA,2025-11-12 04:00:00,7.82,8.1,0.0,97.0,10.8,0.0,0.0,0.0,4,2,12,0
TEST-00453,LIDETA,2025-11-12 05:00:00,16.59,7.4,0.0,95.0,4.4,0.0,0.0,0.0,5,2,12,0
TEST-02545,LIDETA,2025-11-12 06:00:00,37.86,11.2,0.0,88.0,9.0,0.0,0.0,0.0,6,2,12,0
TEST-00791,LIDETA,2025-11-12 07:00:00,72.06,10.5,0.0,79.0,18.7,0.0,0.0,0.0,7,2,12,0
TEST-01121,LIDETA,2025-11-12 08:00:00,63.15,12.7,0.0,85.0,11.2,0.0,0.0,0.0,8,2,12,0
TEST-00102,LIDETA,2025-11-12 09:00:00,53.63,13.1,2.6,82.0,10.4,1.0,0.0,0.0,9,2,12,0
TEST-02922,LIDETA,2025-11-12 10:00:00,36.29,16.7,0.0,71.0,12.3,0.0,0.0,0.0,10,2,12,0
TEST-02812,LIDETA,2025-11-12 11:00:00,41.24,18.4,0.2,67.0,5.5,1.0,0.0,0.0,11,2,12,0
TEST-03222,LIDETA,2025-11-12 12:00:00,39.11,18.0,0.0,62.0,13.0,0.0,0.0,0.0,12,2,12,0
TEST-00522,LIDETA,2025-11-12 13:00:00,39.45,21.7,0.0,60.0,6.5,0.0,0.0,0.0,13,2,12,0
TEST-02886,LIDETA,2025-11-12 14:00:00,40.32,21.6,0.0,75.0,12.5,0.0,0.0,0.0,14,2,12,0
TEST-03942,LIDETA,2025-11-12 15:00:00,39.33,21.4,0.1,71.0,10.6,1.0,0.0,0.0,15,2,12,0
TEST-03557,LIDETA,2025-11-12 16:00:00,51.83,21.9,0.0,59.0,5.2,0.0,0.0,0.0,16,2,12,0
TEST-02357,LIDETA,2025-11-12 17:00:00,66.93,18.9,0.0,66.0,14.0,0.0,0.0,0.0,17,2,12,0
TEST-03738,LIDETA,2025-11-12 18:00:00,73.03,17.4,0.0,68.0,6.8,0.0,0.0,0.0,18,2,12,0
TEST-01948,LIDETA,2025-11-12 19:00:00,62.34,16.5,0.0,61.0,10.2,0.0,0.0,0.0,19,2,12,0
TEST-03641,LIDETA,2025-11-12 20:00:00,39.09,16.7,0.0,64.0,8.7,0.0,0.0,0.0,20,2,12,0
TEST-01651,LIDETA,2025-11-12 21:00:00,20.0,16.1,0.0,74.0,13.8,0.0,0.0,0.0,21,2,12,0
TEST-01536,LIDETA,2025-11-12 22:00:00,16.91,13.2,1.2,71.0,14.1,1.0,0.0,0.0,22,2,12,0
TEST-02944,LIDETA,2025-11-12 23:00:00,8.15,10.6,0.0,90.0,21.8,0.0,0.0,0.0,23,2,12,0
TEST-03758,LIDETA,2025-11-13 00:00:00,6.05,10.5,0.8,88.5,8.8,1.0,0.0,0.0,0,3,13,0
TEST-00450,LIDETA,2025-11-13 01:00:00,6.46,11.2,0.0,87.0,14.0,0.0,0.0,0.0,1,3,13,0
TEST-00947,LIDETA,2025-11-13 02:00:00,8.95,9.0,0.0,99.0,14.4,0.0,0.0,0.0,2,3,13,0
TEST-02822,LIDETA,2025-11-13 03:00:00,6.63,8.9,0.0,86.0,12.7,0.0,0.0,0.0,3,3,13,0
TEST-04005,LIDETA,2025-11-13 04:00:00,8.2,7.9,1.2,96.0,5.7,1.0,0.0,0.0,4,3,13,0
TEST-00272,LIDETA,2025-11-13 05:00:00,19.6,9.1,0.0,91.0,8.1,0.0,0.0,0.0,5,3,13,0
TEST-02878,LIDETA,2025-11-13 06:00:00,37.45,9.1,0.0,99.0,5.5,0.0,0.0,0.0,6,3,13,0
TEST-01412,LIDETA,2025-11-13 07:00:00,62.25,13.4,0.0,85.0,4.7,0.0,0.0,0.0,7,3,13,0
TEST-03200,LIDETA,2025-11-13 08:00:00,68.35,15.0,0.0,77.0,14.1,0.0,0.0,0.0,8,3,13,0
TEST-02548,LIDETA,2025-11-13 09:00:00,50.17,15.1,0.0,73.0,4.6,0.0,0.0,0.0,9,3,13,0
TEST-01978,LIDETA,2025-11-13 10:00:00,40.5,18.3,0.0,62.0,8.9,0.0,0.0,0.0,10,3,13,0
TEST-03000,LIDETA,2025-11-13 11:00:00,39.51,17.4,0.0,72.0,7.7,0.0,0.0,0.0,11,3,13,0
TEST-00094,LIDETA,2025-11-13 12:00:00,38.61,18.2,0.0,64.0,13.1,0.0,0.0,0.0,12,3,13,0
TEST-02365,LIDETA,2025-11-13 13:00:00,49.16,19.0,0.8,86.0,14.7,1.0,0.0,0.0,13,3,13,0
TEST-03871,LIDETA,2025-11-13 14:00:00,52.07,19.0,3.6,75.0,4.4,1.0,0.0,0.0,14,3,13,0
TEST-01283,LIDETA,2025-11-13 15:00:00,68.01,21.2,25.7,84.0,9.8,1.0,0.0,0.0,15,3,13,0
TEST-02708,LIDETA,2025-11-13 16:00:00,71.06,19.3,3.0,85.0,9.6,1.0,0.0,0.0,16,3,13,0
TEST-02227,LIDETA,2025-11-13 17:00:00,100.73,19.3,3.6,82.0,15.5,1.0,0.0,0.0,17,3,13,0
TEST-00850,LIDETA,2025-11-13 18:00:00,100.41,19.5,3.6,82.0,9.1,1.0,0.0,0.0,18,3,13,0
TEST-02142,LIDETA,2025-11-13 19:00:00,66.61,20.5,0.3,68.0,12.0,1.0,0.0,0.0,19,3,13,0
TEST-03414,LIDETA,2025-11-13 20:00:00,36.33,16.6,0.0,62.0,16.8,0.0,0.0,0.0,20,3,13,0
TEST-00831,LIDETA,2025-11-13 21:00:00,21.13,15.2,0.0,81.0,15.7,0.0,0.0,0.0,21,3,13,0
TEST-02628,LIDETA,2025-11-13 22:00:00,10.11,14.9,0.0,87.0,24.1,0.0,0.0,0.0,22,3,13,0
TEST-03937,LIDETA,2025-11-13 23:00:00,14.57,11.9,1.0,91.0,6.9,1.0,0.0,0.0,23,3,13,0
TEST-01048,LIDETA,2025-11-14 00:00:00,9.62,12.3,0.0,82.0,8.6,0.0,0.0,0.0,0,4,14,0
TEST-00952,LIDETA,2025-11-14 01:00:00,7.55,10.9,0.0,90.0,13.8,0.0,0.0,0.0,1,4,14,0
TEST-01476,LIDETA,2025-11-14 02:00:00,6.16,9.8,0.0,97.0,3.6,0.0,0.0,0.0,2,4,14,0
TEST-01717,LIDETA,2025-11-14 03:00:00,7.09,8.9,0.0,82.0,11.6,0.0,0.0,0.0,3,4,14,0
TEST-03459,LIDETA,2025-11-14 04:00:00,10.6,9.3,0.0,92.0,15.9,0.0,0.0,0.0,4,4,14,0
TEST-03330,LIDETA,2025-11-14 05:00:00,19.69,8.8,0.0,90.0,15.5,0.0,0.0,0.0,5,4,14,0
TEST-01861,LIDETA,2025-11-14 06:00:00,44.03,12.0,0.0,77.0,12.1,0.0,0.0,0.0,6,4,14,0
TEST-02197,LIDETA,2025-11-14 07:00:00,63.0,13.5,0.0,89.0,3.7,0.0,0.0,0.0,7,4,14,0
TEST-02243,LIDETA,2025-11-14 08:00:00,66.92,14.9,0.0,78.0,22.1,0.0,0.0,0.0,8,4,14,0
TEST-00410,LIDETA,2025-11-14 09:00:00,49.55,16.7,0.0,73.0,13.2,0.0,0.0,0.0,9,4,14,0
TEST-02309,LIDETA,2025-11-14 10:00:00,39.96,18.15,0.0,69.5,13.7,0.0,0.0,0.0,10,4,14,0
TEST-01163,LIDETA,2025-11-14 11:00:00,42.61,19.6,0.0,66.0,14.2,0.0,0.0,0.0,11,4,14,0
TEST-03320,LIDETA,2025-11-14 12:00:00,39.46,21.2,0.0,60.5,7.9,0.0,0.0,0.0,12,4,14,0
TEST-00204,LIDETA,2025-11-14 13:00:00,41.03,21.5,0.0,55.0,16.1,0.0,0.0,0.0,13,4,14,0
TEST-02355,LIDETA,2025-11-14 14:00:00,39.86,22.8,0.0,62.0,15.1,0.0,0.0,0.0,14,4,14,0
TEST-00487,LIDETA,2025-11-14 15:00:00,38.28,21.7,0.0,61.0,18.0,0.0,0.0,0.0,15,4,14,0
TEST-00919,LIDETA,2025-11-14 16:00:00,50.1,22.5,0.0,66.0,18.3,0.0,0.0,0.0,16,4,14,0
TEST-02402,LIDETA,2025-11-14 17:00:00,73.12,22.4,0.0,66.0,6.5,0.0,0.0,0.0,17,4,14,0
TEST-03488,LIDETA,2025-11-14 18:00:00,79.18,20.4,0.0,61.0,10.6,0.0,0.0,0.0,18,4,14,0
TEST-01991,LIDETA,2025-11-14 19:00:00,86.2,20.1,0.0,68.0,8.1,0.0,0.0,0.0,19,4,14,0
TEST-03683,LIDETA,2025-11-14 20:00:00,41.5,17.6,0.0,71.0,6.0,0.0,0.0,0.0,20,4,14,0
TEST-02099,LIDETA,2025-11-14 21:00:00,22.63,16.1,0.0,84.0,4.4,0.0,0.0,0.0,21,4,14,0
TEST-03933,LIDETA,2025-11-14 22:00:00,12.7,14.9,0.0,78.0,3.7,0.0,0.0,0.0,22,4,14,0
TEST-03057,LIDETA,2025-11-14 23:00:00,9.73,11.5,0.0,86.0,8.4,0.0,0.0,0.0,23,4,14,0
TEST-02440,MEGENAGNA,2025-11-01 00:00:00,13.03,14.2,0.0,85.0,5.7,0.0,1.0,0.0,0,5,1,1
TEST-00588,MEGENAGNA,2025-11-01 01:00:00,11.39,10.9,0.0,88.0,9.8,0.0,0.0,0.0,1,5,1,1
TEST-01573,MEGENAGNA,2025-11-01 02:00:00,12.4,11.2,0.0,83.0,9.4,0.0,0.0,0.0,2,5,1,1
TEST-00348,MEGENAGNA,2025-11-01 03:00:00,11.83,10.4,0.0,78.0,9.8,0.0,0.0,0.0,3,5,1,1
TEST-01387,MEGENAGNA,2025-11-01 04:00:00,14.39,11.5,0.0,83.0,13.4,0.0,0.0,0.0,4,5,1,1
TEST-03967,MEGENAGNA,2025-11-01 05:00:00,16.65,12.2,0.0,87.0,7.0,0.0,0.0,0.0,5,5,1,1
TEST-02298,MEGENAGNA,2025-11-01 06:00:00,34.02,13.2,0.0,84.0,7.8,0.0,1.0,0.0,6,5,1,1
TEST-01671,MEGENAGNA,2025-11-01 07:00:00,38.49,15.1,0.0,67.0,13.3,0.0,0.0,0.0,7,5,1,1
TEST-03067,MEGENAGNA,2025-11-01 08:00:00,39.49,16.1,0.0,79.0,8.0,0.0,1.0,0.0,8,5,1,1
TEST-03146,MEGENAGNA,2025-11-01 09:00:00,40.69,17.8,0.0,69.0,7.8,0.0,1.0,0.0,9,5,1,1
TEST-00499,MEGENAGNA,2025-11-01 10:00:00,54.35,19.3,0.0,67.0,7.2,0.0,0.0,0.0,10,5,1,1
TEST-00144,MEGENAGNA,2025-11-01 11:00:00,55.22,21.1,0.0,59.0,14.6,0.0,0.0,0.0,11,5,1,1
TEST-03660,MEGENAGNA,2025-11-01 12:00:00,57.6,22.9,0.0,56.0,6.1,0.0,0.0,0.0,12,5,1,1
TEST-02612,MEGENAGNA,2025-11-01 13:00:00,62.97,21.8,0.0,48.0,17.9,0.0,0.0,0.0,13,5,1,1
TEST-03529,MEGENAGNA,2025-11-01 14:00:00,54.92,25.5,0.0,54.0,8.3,0.0,0.0,0.0,14,5,1,1
TEST-01934,MEGENAGNA,2025-11-01 15:00:00,59.83,23.9,0.0,56.0,6.4,0.0,1.0,0.0,15,5,1,1
TEST-01357,MEGENAGNA,2025-11-01 16:00:00,57.67,24.2,0.0,51.0,4.1,0.0,0.0,0.0,16,5,1,1
TEST-03897,MEGENAGNA,2025-11-01 17:00:00,60.69,22.8,0.0,60.0,7.1,0.0,0.0,0.0,17,5,1,1
TEST-00516,MEGENAGNA,2025-11-01 18:00:00,60.01,22.4,0.0,65.0,9.3,0.0,0.0,0.0,18,5,1,1
TEST-03039,MEGENAGNA,2025-11-01 19:00:00,51.37,22.8,0.0,56.0,21.6,0.0,1.0,0.0,19,5,1,1
TEST-02504,MEGENAGNA,2025-11-01 20:00:00,43.24,20.1,0.0,64.0,10.9,0.0,1.0,0.0,20,5,1,1
TEST-00326,MEGENAGNA,2025-11-01 21:00:00,31.2,17.0,0.0,65.0,12.9,0.0,0.0,0.0,21,5,1,1
TEST-02884,MEGENAGNA,2025-11-01 22:00:00,20.31,15.4,0.0,73.0,11.0,0.0,1.0,0.0,22,5,1,1
TEST-02362,MEGENAGNA,2025-11-01 23:00:00,16.94,14.6,0.0,80.0,14.1,0.0,1.0,0.0,23,5,1,1
TEST-03830,MEGENAGNA,2025-11-02 00:00:00,11.8,13.1,0.0,84.0,14.9,0.0,0.0,0.0,0,6,2,1
TEST-00489,MEGENAGNA,2025-11-02 01:00:00,11.83,11.0,0.0,84.0,3.8,0.0,0.0,0.0,1,6,2,1
TEST-02872,MEGENAGNA,2025-11-02 02:00:00,12.73,10.7,0.0,82.0,16.2,0.0,1.0,0.0,2,6,2,1
TEST-01200,MEGENAGNA,2025-11-02 03:00:00,12.14,11.0,0.0,81.0,11.9,0.0,0.0,0.0,3,6,2,1
TEST-03868,MEGENAGNA,2025-11-02 04:00:00,10.47,11.7,0.0,94.0,10.4,0.0,0.0,0.0,4,6,2,1
TEST-01869,MEGENAGNA,2025-11-02 05:00:00,16.29,11.9,0.0,82.0,16.0,0.0,0.0,0.0,5,6,2,1
TEST-03820,MEGENAGNA,2025-11-02 06:00:00,22.71,12.9,0.0,73.0,12.7,0.0,0.0,0.0,6,6,2,1
TEST-01930,MEGENAGNA,2025-11-02 07:00:00,32.41,16.0,0.0,83.0,9.1,0.0,1.0,0.0,7,6,2,1
TEST-01156,MEGENAGNA,2025-11-02 08:00:00,32.19,16.1,0.0,74.0,17.1,0.0,0.0,0.0,8,6,2,1
TEST-01453,MEGENAGNA,2025-11-02 09:00:00,47.4,18.5,0.2,67.0,11.2,1.0,0.0,0.0,9,6,2,1
TEST-00179,MEGENAGNA,2025-11-02 10:00:00,53.95,20.1,0.0,65.0,13.7,0.0,0.0,0.0,10,6,2,1
TEST-02506,MEGENAGNA,2025-11-02 11:00:00,54.57,21.5,0.0,60.0,15.3,0.0,1.0,0.0,11,6,2,1
TEST-00861,MEGENAGNA,2025-11-02 12:00:00,57.39,23.5,0.3,53.0,5.6,1.0,0.0,0.0,12,6,2,1
TEST-00168,MEGENAGNA,2025-11-02 13:00:00,60.22,24.2,0.15,57.5,5.25,1.0,0.0,0.0,13,6,2,1
TEST-02250,MEGENAGNA,2025-11-02 14:00:00,55.46,24.9,0.0,62.0,4.9,0.0,1.0,0.0,14,6,2,1
TEST-01138,MEGENAGNA,2025-11-02 15:00:00,60.39,24.3,0.6,69.0,15.0,1.0,0.0,0.0,15,6,2,1
TEST-01211,MEGENAGNA,2025-11-02 16:00:00,58.68,24.9,0.0,56.0,6.9,0.0,0.0,0.0,16,6,2,1
TEST-00883,MEGENAGNA,2025-11-02 17:00:00,89.87,22.8,13.0,65.0,4.1,1.0,0.0,0.0,17,6,2,1
TEST-00208,MEGENAGNA,2025-11-02 18:00:00,58.43,23.7,0.0,57.0,12.0,0.0,0.0,0.0,18,6,2,1
TEST-03508,MEGENAGNA,2025-11-02 19:00:00,53.41,21.0,0.0,60.0,8.6,0.0,0.0,0.0,19,6,2,1
TEST-02381,MEGENAGNA,2025-11-02 20:00:00,36.77,18.9,0.0,62.0,20.8,0.0,1.0,0.0,20,6,2,1
TEST-00121,MEGENAGNA,2025-11-02 21:00:00,29.07,18.3,0.0,64.0,6.8,0.0,0.0,0.0,21,6,2,1
TEST-00688,MEGENAGNA,2025-11-02 22:00:00,20.01,15.6,0.0,72.0,13.5,0.0,0.0,0.0,22,6,2,1
TEST-00027,MEGENAGNA,2025-11-02 23:00:00,13.31,15.7,0.0,75.0,8.9,0.0,0.0,0.0,23,6,2,1
TEST-00152,MEGENAGNA,2025-11-03 00:00:00,13.02,13.8,0.0,80.0,15.5,0.0,0.0,0.0,0,0,3,0
TEST-00052,MEGENAGNA,2025-11-03 01:00:00,8.52,11.9,0.0,86.0,7.5,0.0,0.0,0.0,1,0,3,0
TEST-03602,MEGENAGNA,2025-11-03 02:00:00,10.15,12.9,0.0,78.0,7.0,0.0,0.0,0.0,2,0,3,0
TEST-03094,MEGENAGNA,2025-11-03 03:00:00,12.25,14.3,0.0,85.0,14.8,0.0,1.0,0.0,3,0,3,0
TEST-00847,MEGENAGNA,2025-11-03 04:00:00,10.4,12.4,0.0,84.0,7.4,0.0,0.0,0.0,4,0,3,0
TEST-01058,MEGENAGNA,2025-11-03 05:00:00,22.42,12.8,0.0,84.0,7.8,0.0,0.0,0.0,5,0,3,0
TEST-03388,MEGENAGNA,2025-11-03 06:00:00,52.26,14.2,0.0,82.0,13.7,0.0,1.0,0.0,6,0,3,0
TEST-02071,MEGENAGNA,2025-11-03 07:00:00,86.79,15.2,0.0,65.0,10.3,0.0,1.0,0.0,7,0,3,0
TEST-02771,MEGENAGNA,2025-11-03 08:00:00,85.19,16.0,0.0,69.0,10.7,0.0,0.0,0.0,8,0,3,0
TEST-02924,MEGENAGNA,2025-11-03 09:00:00,66.93,19.9,0.0,71.0,12.8,0.0,1.0,0.0,9,0,3,0
TEST-01784,MEGENAGNA,2025-11-03 10:00:00,49.33,18.0,0.0,64.0,17.1,0.0,0.0,0.0,10,0,3,0
TEST-02343,MEGENAGNA,2025-11-03 11:00:00,52.3,19.9,0.0,67.0,12.1,0.0,1.0,0.0,11,0,3,0
TEST-01307,MEGENAGNA,2025-11-03 12:00:00,50.63,22.8,0.0,58.0,7.2,0.0,0.0,0.0,12,0,3,0
TEST-01627,MEGENAGNA,2025-11-03 13:00:00,50.88,24.8,0.0,54.0,12.6,0.0,0.0,0.0,13,0,3,0
TEST-01746,MEGENAGNA,2025-11-03 14:00:00,58.06,24.8,0.0,46.0,13.3,0.0,0.0,0.0,14,0,3,0
TEST-00527,MEGENAGNA,2025-11-03 15:00:00,56.25,25.6,0.0,41.0,11.9,0.0,0.0,0.0,15,0,3,0
TEST-01774,MEGENAGNA,2025-11-03 16:00:00,61.44,25.3,0.0,51.0,15.5,0.0,0.0,0.0,16,0,3,0
TEST-02773,MEGENAGNA,2025-11-03 17:00:00,86.56,24.0,0.0,55.0,11.0,0.0,0.0,0.0,17,0,3,0
TEST-02532,MEGENAGNA,2025-11-03 18:00:00,102.52,24.4,0.0,61.0,8.3,0.0,1.0,0.0,18,0,3,0
TEST-01084,MEGENAGNA,2025-11-03 19:00:00,85.77,21.6,0.0,63.0,7.9,0.0,0.0,0.0,19,0,3,0
TEST-01296,MEGENAGNA,2025-11-03 20:00:00,55.42,19.8,0.0,60.0,7.7,0.0,0.0,0.0,20,0,3,0
TEST-02055,MEGENAGNA,2025-11-03 21:00:00,29.56,19.9,0.0,61.0,6.6,0.0,1.0,0.0,21,0,3,0
TEST-02671,MEGENAGNA,2025-11-03 22:00:00,14.54,18.3,0.0,66.0,10.8,0.0,0.0,0.0,22,0,3,0
TEST-03589,MEGENAGNA,2025-11-03 23:00:00,12.99,13.7,0.0,87.0,5.8,0.0,0.0,0.0,23,0,3,0
TEST-00278,MEGENAGNA,2025-11-04 00:00:00,10.82,12.9,0.0,72.0,13.9,0.0,0.0,0.0,0,1,4,0
TEST-01722,MEGENAGNA,2025-11-04 01:00:00,12.17,13.2,0.0,69.0,9.0,0.0,0.0,0.0,1,1,4,0
TEST-01508,MEGENAGNA,2025-11-04 02:00:00,10.26,11.8,0.0,78.0,10.9,0.0,0.0,0.0,2,1,4,0
TEST-02228,MEGENAGNA,2025-11-04 03:00:00,9.76,11.5,0.0,89.0,15.9,0.0,1.0,0.0,3,1,4,0
TEST-03251,MEGENAGNA,2025-11-04 04:00:00,11.68,11.2,0.3,85.0,7.5,1.0,1.0,0.0,4,1,4,0
TEST-02121,MEGENAGNA,2025-11-04 05:00:00,24.16,13.2,0.0,86.0,8.4,0.0,1.0,0.0,5,1,4,0
TEST-02010,MEGENAGNA,2025-11-04 06:00:00,55.97,14.0,0.0,81.0,10.9,0.0,1.0,0.0,6,1,4,0
TEST-01910,MEGENAGNA,2025-11-04 07:00:00,85.12,14.7,0.0,81.0,13.7,0.0,0.0,0.0,7,1,4,0
TEST-03153,MEGENAGNA,2025-11-04 08:00:00,81.21,16.9,0.0,71.0,16.3,0.0,1.0,0.0,8,1,4,0
TEST-03574,MEGENAGNA,2025-11-04 09:00:00,63.0,18.5,0.0,64.0,13.7,0.0,0.0,0.0,9,1,4,0
TEST-02211,MEGENAGNA,2025-11-04 10:00:00,49.16,21.5,0.0,68.0,8.7,0.0,1.0,0.0,10,1,4,0
TEST-03788,MEGENAGNA,2025-11-04 11:00:00,50.72,22.0,0.0,61.0,6.6,0.0,0.0,0.0,11,1,4,0
TEST-02508,MEGENAGNA,2025-11-04 12:00:00,55.61,23.7,0.0,63.0,12.5,0.0,1.0,0.0,12,1,4,0
TEST-00928,MEGENAGNA,2025-11-04 13:00:00,53.34,23.6,0.3,54.0,14.0,1.0,0.0,0.0,13,1,4,0
TEST-02419,MEGENAGNA,2025-11-04 14:00:00,53.15,26.3,0.0,45.0,6.6,0.0,1.0,0.0,14,1,4,0
TEST-03770,MEGENAGNA,2025-11-04 15:00:00,50.74,25.2,0.0,51.0,9.0,0.0,0.0,0.0,15,1,4,0
TEST-00700,MEGENAGNA,2025-11-04 16:00:00,74.14,25.5,0.3,42.0,8.6,1.0,0.0,0.0,16,1,4,0
TEST-03375,MEGENAGNA,2025-11-04 17:00:00,84.95,24.1,0.0,54.0,12.8,0.0,1.0,0.0,17,1,4,0
TEST-01488,MEGENAGNA,2025-11-04 18:00:00,101.42,22.9,0.0,45.0,12.4,0.0,0.0,0.0,18,1,4,0
TEST-01166,MEGENAGNA,2025-11-04 19:00:00,77.54,23.6,0.0,57.0,20.6,0.0,0.0,0.0,19,1,4,0
TEST-00981,MEGENAGNA,2025-11-04 20:00:00,54.0,21.1,0.0,69.0,7.7,0.0,0.0,0.0,20,1,4,0
TEST-03566,MEGENAGNA,2025-11-04 21:00:00,25.71,18.6,0.0,70.0,15.3,0.0,0.0,0.0,21,1,4,0
TEST-01490,MEGENAGNA,2025-11-04 22:00:00,14.71,17.5,0.0,69.0,10.0,0.0,0.0,0.0,22,1,4,0
TEST-01071,MEGENAGNA,2025-11-04 23:00:00,12.34,16.9,0.0,70.0,6.0,0.0,0.0,0.0,23,1,4,0
TEST-03955,MEGENAGNA,2025-11-05 00:00:00,11.97,13.8,0.0,80.0,9.9,0.0,0.0,0.0,0,2,5,0
TEST-02786,MEGENAGNA,2025-11-05 01:00:00,10.06,12.6,0.0,78.0,5.0,0.0,0.0,0.0,1,2,5,0
TEST-02888,MEGENAGNA,2025-11-05 02:00:00,10.23,11.2,0.0,77.0,25.5,0.0,1.0,0.0,2,2,5,0
TEST-02496,MEGENAGNA,2025-11-05 03:00:00,9.79,12.3,0.0,83.0,12.9,0.0,1.0,0.0,3,2,5,0
TEST-02934,MEGENAGNA,2025-11-05 04:00:00,13.6,12.9,0.0,80.0,8.5,0.0,1.0,0.0,4,2,5,0
TEST-01273,MEGENAGNA,2025-11-05 05:00:00,23.1,13.0,0.0,86.0,13.5,0.0,0.0,0.0,5,2,5,0
TEST-02799,MEGENAGNA,2025-11-05 06:00:00,59.15,13.9,0.0,75.0,9.9,0.0,0.0,0.0,6,2,5,0
TEST-00772,MEGENAGNA,2025-11-05 07:00:00,91.72,15.7,0.0,86.0,7.4,0.0,0.0,0.0,7,2,5,0
TEST-02074,MEGENAGNA,2025-11-05 08:00:00,83.7,18.0,0.0,72.0,7.8,0.0,1.0,0.0,8,2,5,0
TEST-00602,MEGENAGNA,2025-11-05 09:00:00,64.94,19.3,0.0,61.0,12.6,0.0,0.0,0.0,9,2,5,0
TEST-00862,MEGENAGNA,2025-11-05 10:00:00,49.79,20.7,0.0,61.0,11.2,0.0,0.0,0.0,10,2,5,0
TEST-01846,MEGENAGNA,2025-11-05 11:00:00,49.04,21.1,0.0,65.0,8.2,0.0,0.0,0.0,11,2,5,0
TEST-04016,MEGENAGNA,2025-11-05 12:00:00,51.34,23.8,0.0,58.0,15.0,0.0,0.0,0.0,12,2,5,0
TEST-02561,MEGENAGNA,2025-11-05 13:00:00,53.9,22.9,0.0,56.0,7.5,0.0,1.0,0.0,13,2,5,0
TEST-00356,MEGENAGNA,2025-11-05 14:00:00,49.15,25.2,0.0,53.0,8.3,0.0,0.0,0.0,14,2,5,0
TEST-03675,MEGENAGNA,2025-11-05 15:00:00,51.94,24.1,0.0,45.0,20.0,0.0,0.0,0.0,15,2,5,0
TEST-03031,MEGENAGNA,2025-11-05 16:00:00,65.53,25.4,0.0,56.0,5.1,0.0,1.0,0.0,16,2,5,0
TEST-00894,MEGENAGNA,2025-11-05 17:00:00,88.66,24.9,0.0,49.0,8.3,0.0,0.0,0.0,17,2,5,0
TEST-02938,MEGENAGNA,2025-11-05 18:00:00,101.37,23.5,0.0,63.0,11.8,0.0,1.0,0.0,18,2,5,0
TEST-03409,MEGENAGNA,2025-11-05 19:00:00,77.64,20.8,0.0,55.0,12.0,0.0,1.0,0.0,19,2,5,0
TEST-00314,MEGENAGNA,2025-11-05 20:00:00,46.81,17.9,0.0,54.0,10.9,0.0,0.0,0.0,20,2,5,0
TEST-02819,MEGENAGNA,2025-11-05 21:00:00,24.63,17.1,0.0,70.0,7.0,0.0,0.0,0.0,21,2,5,0
TEST-01046,MEGENAGNA,2025-11-05 22:00:00,14.87,16.1,0.0,65.0,10.1,0.0,0.0,0.0,22,2,5,0
TEST-01806,MEGENAGNA,2025-11-05 23:00:00,12.46,14.7,0.0,70.0,8.1,0.0,0.0,0.0,23,2,5,0
TEST-02396,MEGENAGNA,2025-11-06 00:00:00,7.65,10.6,0.0,85.0,11.6,0.0,1.0,0.0,0,3,6,0
TEST-02249,MEGENAGNA,2025-11-06 01:00:00,6.83,10.5,0.0,85.0,10.5,0.0,1.0,0.0,1,3,6,0
TEST-02650,MEGENAGNA,2025-11-06 02:00:00,8.94,9.8,0.0,91.0,11.0,0.0,0.0,0.0,2,3,6,0
TEST-01316,MEGENAGNA,2025-11-06 03:00:00,10.85,12.0,0.1,89.0,11.9,1.0,0.0,0.0,3,3,6,0
TEST-00942,MEGENAGNA,2025-11-06 04:00:00,12.56,12.1,0.05,81.5,9.95,1.0,0.0,0.0,4,3,6,0
TEST-01110,MEGENAGNA,2025-11-06 05:00:00,23.44,12.2,0.0,74.0,8.0,0.0,0.0,0.0,5,3,6,0
TEST-01780,MEGENAGNA,2025-11-06 06:00:00,54.81,13.0,0.0,82.0,12.5,0.0,0.0,0.0,6,3,6,0
TEST-02805,MEGENAGNA,2025-11-06 07:00:00,86.8,14.3,0.0,71.0,13.1,0.0,0.0,0.0,7,3,6,0
TEST-01518,MEGENAGNA,2025-11-06 08:00:00,84.09,17.7,0.0,69.0,15.0,0.0,0.0,0.0,8,3,6,0
TEST-02765,MEGENAGNA,2025-11-06 09:00:00,63.47,18.8,0.0,65.0,7.3,0.0,0.0,0.0,9,3,6,0
TEST-00317,MEGENAGNA,2025-11-06 10:00:00,50.85,19.3,0.0,69.0,6.9,0.0,0.0,0.0,10,3,6,0
TEST-03723,MEGENAGNA,2025-11-06 11:00:00,49.54,19.4,0.0,57.0,8.3,0.0,0.0,0.0,11,3,6,0
TEST-00559,MEGENAGNA,2025-11-06 12:00:00,49.86,20.4,0.0,52.0,17.3,0.0,0.0,0.0,12,3,6,0
TEST-03498,MEGENAGNA,2025-11-06 13:00:00,51.12,23.2,0.0,58.0,7.7,0.0,0.0,0.0,13,3,6,0
TEST-03994,MEGENAGNA,2025-11-06 14:00:00,49.96,25.1,0.0,51.0,6.2,0.0,0.0,0.0,14,3,6,0
TEST-01562,MEGENAGNA,2025-11-06 15:00:00,51.91,27.0,0.0,58.0,7.5,0.0,0.0,0.0,15,3,6,0
TEST-03407,MEGENAGNA,2025-11-06 16:00:00,63.21,25.7,0.0,49.0,12.2,0.0,1.0,0.0,16,3,6,0
TEST-02698,MEGENAGNA,2025-11-06 17:00:00,89.92,22.1,0.0,65.0,8.6,0.0,0.0,0.0,17,3,6,0
TEST-03381,MEGENAGNA,2025-11-06 18:00:00,102.7,21.1,0.0,59.0,16.7,0.0,1.0,0.0,18,3,6,0
TEST-00405,MEGENAGNA,2025-11-06 19:00:00,82.98,20.6,0.0,64.0,9.3,0.0,0.0,0.0,19,3,6,0
TEST-00866,MEGENAGNA,2025-11-06 20:00:00,47.19,19.2,0.0,66.0,14.1,0.0,0.0,0.0,20,3,6,0
TEST-01337,MEGENAGNA,2025-11-06 21:00:00,24.57,15.9,0.0,65.0,7.8,0.0,0.0,0.0,21,3,6,0
TEST-02859,MEGENAGNA,2025-11-06 22:00:00,15.98,16.5,0.0,76.0,8.2,0.0,1.0,0.0,22,3,6,0
TEST-01657,MEGENAGNA,2025-11-06 23:00:00,9.61,15.8,0.0,76.0,12.3,0.0,0.0,0.0,23,3,6,0
TEST-03637,MEGENAGNA,2025-11-07 00:00:00,8.85,12.4,0.0,86.0,4.7,0.0,0.0,0.0,0,4,7,0
TEST-01189,MEGENAGNA,2025-11-07 01:00:00,8.33,11.8,0.0,85.0,11.0,0.0,0.0,0.0,1,4,7,0
TEST-01755,MEGENAGNA,2025-11-07 02:00:00,8.78,11.9,0.0,92.0,6.4,0.0,0.0,0.0,2,4,7,0
TEST-01367,MEGENAGNA,2025-11-07 03:00:00,7.97,10.7,0.0,87.0,11.2,0.0,0.0,0.0,3,4,7,0
TEST-00280,MEGENAGNA,2025-11-07 04:00:00,11.76,10.1,0.0,84.0,6.8,0.0,0.0,0.0,4,4,7,0
TEST-00275,MEGENAGNA,2025-11-07 05:00:00,27.37,13.5,0.0,77.0,13.1,0.0,0.0,0.0,5,4,7,0
TEST-02282,MEGENAGNA,2025-11-07 06:00:00,59.29,14.0,0.0,75.0,8.5,0.0,1.0,0.0,6,4,7,0
TEST-00802,MEGENAGNA,2025-11-07 07:00:00,103.3,13.9,0.0,87.0,13.4,0.0,0.0,0.0,7,4,7,0
TEST-01446,MEGENAGNA,2025-11-07 08:00:00,96.81,15.3,1.2,74.0,12.2,1.0,0.0,0.0,8,4,7,0
TEST-01132,MEGENAGNA,2025-11-07 09:00:00,64.66,19.4,0.0,66.5,8.5,0.0,0.0,0.0,9,4,7,0
TEST-02369,MEGENAGNA,2025-11-07 10:00:00,50.51,19.4,0.0,59.0,4.9,0.0,1.0,0.0,10,4,7,0
TEST-01203,MEGENAGNA,2025-11-07 11:00:00,50.03,20.3,0.0,71.0,9.9,0.0,0.0,0.0,11,4,7,0
TEST-02844,MEGENAGNA,2025-11-07 12:00:00,54.16,21.5,0.0,57.0,11.8,0.0,0.0,0.0,12,4,7,0
TEST-01165,MEGENAGNA,2025-11-07 13:00:00,54.65,23.1,0.0,50.0,18.1,0.0,0.0,0.0,13,4,7,0
TEST-01436,MEGENAGNA,2025-11-07 14:00:00,52.85,23.2,0.0,44.0,13.3,0.0,0.0,0.0,14,4,7,0
TEST-03328,MEGENAGNA,2025-11-07 15:00:00,54.04,24.9,0.0,58.0,7.4,0.0,1.0,0.0,15,4,7,0
TEST-00445,MEGENAGNA,2025-11-07 16:00:00,64.34,25.7,0.0,52.0,11.2,0.0,0.0,0.0,16,4,7,0
TEST-01142,MEGENAGNA,2025-11-07 17:00:00,92.03,23.4,0.0,64.0,14.9,0.0,0.0,0.0,17,4,7,0
TEST-03122,MEGENAGNA,2025-11-07 18:00:00,102.98,22.1,0.0,65.0,13.0,0.0,1.0,0.0,18,4,7,0
TEST-03733,MEGENAGNA,2025-11-07 19:00:00,86.76,20.2,0.0,67.0,11.6,0.0,0.0,0.0,19,4,7,0
TEST-01775,MEGENAGNA,2025-11-07 20:00:00,52.46,21.5,0.0,63.0,26.2,0.0,0.0,0.0,20,4,7,0
TEST-02879,MEGENAGNA,2025-11-07 21:00:00,27.43,17.0,0.0,69.0,7.2,0.0,1.0,0.0,21,4,7,0
TEST-03501,MEGENAGNA,2025-11-07 22:00:00,15.28,16.0,0.0,81.0,19.3,0.0,0.0,0.0,22,4,7,0
TEST-03443,MEGENAGNA,2025-11-07 23:00:00,10.39,12.8,0.0,77.0,10.2,0.0,1.0,0.0,23,4,7,0
TEST-02576,MEGENAGNA,2025-11-08 00:00:00,16.77,12.9,0.0,79.0,10.5,0.0,1.0,0.0,0,5,8,1
TEST-03751,MEGENAGNA,2025-11-08 01:00:00,13.49,12.3,0.0,84.0,15.4,0.0,0.0,0.0,1,5,8,1
TEST-02339,MEGENAGNA,2025-11-08 02:00:00,12.67,11.6,0.0,83.0,5.4,0.0,1.0,0.0,2,5,8,1
TEST-03861,MEGENAGNA,2025-11-08 03:00:00,13.1,10.5,0.0,95.0,13.8,0.0,0.0,0.0,3,5,8,1
TEST-02462,MEGENAGNA,2025-11-08 04:00:00,10.83,9.8,0.0,84.0,7.3,0.0,1.0,0.0,4,5,8,1
TEST-01607,MEGENAGNA,2025-11-08 05:00:00,15.14,11.1,0.0,85.0,18.7,0.0,0.0,0.0,5,5,8,1
TEST-01000,MEGENAGNA,2025-11-08 06:00:00,31.26,12.5,0.0,77.0,19.2,0.0,0.0,0.0,6,5,8,1
TEST-03187,MEGENAGNA,2025-11-08 07:00:00,35.84,13.3,0.0,71.0,9.1,0.0,1.0,0.0,7,5,8,1
TEST-00282,MEGENAGNA,2025-11-08 08:00:00,41.44,14.5,0.0,73.0,7.0,0.0,0.0,0.0,8,5,8,1
TEST-02920,MEGENAGNA,2025-11-08 09:00:00,45.6,19.1,0.0,63.0,13.4,0.0,1.0,0.0,9,5,8,1
TEST-03605,MEGENAGNA,2025-11-08 10:00:00,57.86,19.3,0.0,66.0,6.4,0.0,0.0,0.0,10,5,8,1
TEST-01027,MEGENAGNA,2025-11-08 11:00:00,55.77,20.9,0.0,60.0,3.8,0.0,0.0,0.0,11,5,8,1
TEST-01835,MEGENAGNA,2025-11-08 12:00:00,58.67,22.7,0.0,65.0,20.3,0.0,0.0,0.0,12,5,8,1
TEST-03833,MEGENAGNA,2025-11-08 13:00:00,60.37,24.0,0.0,58.0,6.3,0.0,0.0,0.0,13,5,8,1
TEST-01018,MEGENAGNA,2025-11-08 14:00:00,60.11,23.1,0.0,61.0,12.4,0.0,0.0,0.0,14,5,8,1
TEST-01663,MEGENAGNA,2025-11-08 15:00:00,60.8,23.0,0.0,60.0,5.8,0.0,0.0,0.0,15,5,8,1
TEST-01194,MEGENAGNA,2025-11-08 16:00:00,61.55,23.4,0.0,59.0,8.4,0.0,0.0,0.0,16,5,8,1
TEST-01767,MEGENAGNA,2025-11-08 17:00:00,60.52,23.2,0.0,56.0,7.7,0.0,0.0,0.0,17,5,8,1
TEST-02225,MEGENAGNA,2025-11-08 18:00:00,54.69,22.9,0.0,56.0,15.4,0.0,1.0,0.0,18,5,8,1
TEST-03914,MEGENAGNA,2025-11-08 19:00:00,49.62,21.35,0.0,63.0,14.0,0.0,0.0,0.0,19,5,8,1
TEST-01209,MEGENAGNA,2025-11-08 20:00:00,43.56,19.8,0.0,70.0,12.6,0.0,0.0,0.0,20,5,8,1
TEST-02520,MEGENAGNA,2025-11-08 21:00:00,34.73,17.7,0.0,73.0,8.6,0.0,1.0,0.0,21,5,8,1
TEST-01791,MEGENAGNA,2025-11-08 22:00:00,20.78,15.2,0.0,75.0,9.0,0.0,0.0,0.0,22,5,8,1
TEST-02646,MEGENAGNA,2025-11-08 23:00:00,19.07,14.2,0.0,81.0,3.8,0.0,0.0,0.0,23,5,8,1
TEST-00761,MEGENAGNA,2025-11-09 00:00:00,12.64,11.3,0.0,83.0,11.4,0.0,0.0,0.0,0,6,9,1
TEST-03910,MEGENAGNA,2025-11-09 01:00:00,13.3,9.3,0.0,89.0,8.3,0.0,0.0,0.0,1,6,9,1
TEST-03512,MEGENAGNA,2025-11-09 02:00:00,13.48,9.1,0.0,91.0,13.7,0.0,0.0,0.0,2,6,9,1
TEST-03872,MEGENAGNA,2025-11-09 03:00:00,12.15,9.3,0.0,92.0,12.9,0.0,0.0,0.0,3,6,9,1
TEST-02592,MEGENAGNA,2025-11-09 04:00:00,14.8,9.3,0.0,88.0,9.5,0.0,1.0,0.0,4,6,9,1
TEST-01185,MEGENAGNA,2025-11-09 05:00:00,18.49,9.5,0.0,97.0,17.2,0.0,0.0,0.0,5,6,9,1
TEST-00233,MEGENAGNA,2025-11-09 06:00:00,16.52,10.85,0.0,86.5,10.45,0.0,0.0,0.0,6,6,9,1
TEST-01288,MEGENAGNA,2025-11-09 07:00:00,33.7,12.2,0.0,76.0,3.7,0.0,0.0,0.0,7,6,9,1
TEST-01197,MEGENAGNA,2025-11-09 08:00:00,37.85,15.2,0.0,77.0,6.7,0.0,0.0,0.0,8,6,9,1
TEST-00329,MEGENAGNA,2025-11-09 09:00:00,45.89,16.1,0.0,78.0,12.7,0.0,0.0,0.0,9,6,9,1
TEST-03825,MEGENAGNA,2025-11-09 10:00:00,52.81,18.3,0.0,63.0,11.6,0.0,0.0,0.0,10,6,9,1
TEST-01192,MEGENAGNA,2025-11-09 11:00:00,59.47,19.9,0.0,64.0,12.1,0.0,0.0,0.0,11,6,9,1
TEST-00992,MEGENAGNA,2025-11-09 12:00:00,61.23,19.0,0.0,63.0,12.1,0.0,0.0,0.0,12,6,9,1
TEST-01443,MEGENAGNA,2025-11-09 13:00:00,59.35,21.4,0.0,53.0,10.2,0.0,0.0,0.0,13,6,9,1
TEST-01660,MEGENAGNA,2025-11-09 14:00:00,60.25,23.0,0.0,56.0,8.6,0.0,0.0,0.0,14,6,9,1
TEST-03735,MEGENAGNA,2025-11-09 15:00:00,57.53,23.9,0.0,61.0,12.4,0.0,0.0,0.0,15,6,9,1
TEST-02391,MEGENAGNA,2025-11-09 16:00:00,57.25,20.6,0.0,62.0,8.2,0.0,1.0,0.0,16,6,9,1
TEST-00974,MEGENAGNA,2025-11-09 17:00:00,53.79,20.8,0.0,59.0,22.5,0.0,0.0,0.0,17,6,9,1
TEST-03263,MEGENAGNA,2025-11-09 18:00:00,53.12,21.2,0.0,70.0,11.9,0.0,1.0,0.0,18,6,9,1
TEST-00226,MEGENAGNA,2025-11-09 19:00:00,48.46,20.4,0.0,64.0,10.6,0.0,0.0,0.0,19,6,9,1
TEST-01420,MEGENAGNA,2025-11-09 20:00:00,41.66,15.6,0.0,73.0,7.2,0.0,0.0,0.0,20,6,9,1
TEST-00568,MEGENAGNA,2025-11-09 21:00:00,30.29,17.4,0.0,79.0,13.2,0.0,0.0,0.0,21,6,9,1
TEST-00111,MEGENAGNA,2025-11-09 22:00:00,20.28,15.9,0.0,82.0,12.5,0.0,0.0,0.0,22,6,9,1
TEST-01779,MEGENAGNA,2025-11-09 23:00:00,14.96,14.7,0.0,85.0,15.0,0.0,0.0,0.0,23,6,9,1
TEST-01312,MEGENAGNA,2025-11-10 00:00:00,12.0,10.3,0.0,90.0,11.9,0.0,0.0,0.0,0,0,10,0
TEST-00827,MEGENAGNA,2025-11-10 01:00:00,16.72,7.8,2.1,94.0,7.5,1.0,0.0,0.0,1,0,10,0
TEST-01085,MEGENAGNA,2025-11-10 02:00:00,12.77,8.8,0.0,90.0,13.7,0.0,1.0,0.0,2,0,10,0
TEST-03907,MEGENAGNA,2025-11-10 03:00:00,8.77,8.8,0.0,93.0,7.0,0.0,1.0,0.0,3,0,10,0
TEST-01381,MEGENAGNA,2025-11-10 04:00:00,10.27,8.3,0.0,96.0,13.5,0.0,1.0,0.0,4,0,10,0
TEST-01188,MEGENAGNA,2025-11-10 05:00:00,17.69,9.7,0.0,79.0,10.1,0.0,1.0,0.0,5,0,10,0
TEST-00500,MEGENAGNA,2025-11-10 06:00:00,48.16,8.0,0.0,91.0,3.1,0.0,1.0,0.0,6,0,10,0
TEST-02763,MEGENAGNA,2025-11-10 07:00:00,81.25,12.0,0.0,90.0,10.3,0.0,1.0,0.0,7,0,10,0
TEST-03904,MEGENAGNA,2025-11-10 08:00:00,73.59,11.9,0.0,84.0,6.6,0.0,1.0,0.0,8,0,10,0
TEST-01833,MEGENAGNA,2025-11-10 09:00:00,53.23,15.4,0.0,80.0,14.4,0.0,1.0,0.0,9,0,10,0
TEST-01081,MEGENAGNA,2025-11-10 10:00:00,39.93,16.1,0.0,76.0,8.3,0.0,1.0,0.0,10,0,10,0
TEST-00191,MEGENAGNA,2025-11-10 11:00:00,41.79,17.9,0.0,73.0,9.3,0.0,1.0,0.0,11,0,10,0
TEST-03556,MEGENAGNA,2025-11-10 12:00:00,47.44,20.8,0.0,61.0,14.6,0.0,1.0,0.0,12,0,10,0
TEST-02912,MEGENAGNA,2025-11-10 13:00:00,44.95,21.0,0.0,58.0,5.7,0.0,1.0,0.0,13,0,10,0
TEST-00537,MEGENAGNA,2025-11-10 14:00:00,43.98,19.7,0.0,65.0,12.9,0.0,1.0,0.0,14,0,10,0
TEST-03267,MEGENAGNA,2025-11-10 15:00:00,48.03,21.9,0.0,63.0,17.5,0.0,1.0,0.0,15,0,10,0
TEST-03316,MEGENAGNA,2025-11-10 16:00:00,54.01,21.4,0.0,57.0,11.8,0.0,1.0,0.0,16,0,10,0
TEST-00805,MEGENAGNA,2025-11-10 17:00:00,78.83,20.3,0.0,60.0,6.1,0.0,1.0,0.0,17,0,10,0
TEST-02676,MEGENAGNA,2025-11-10 18:00:00,85.79,19.6,0.0,60.0,7.3,0.0,1.0,0.0,18,0,10,0
TEST-03293,MEGENAGNA,2025-11-10 19:00:00,74.52,17.2,0.0,71.0,26.7,0.0,1.0,0.0,19,0,10,0
TEST-03520,MEGENAGNA,2025-11-10 20:00:00,38.02,17.9,0.0,73.0,13.0,0.0,1.0,0.0,20,0,10,0
TEST-00306,MEGENAGNA,2025-11-10 21:00:00,20.79,14.7,0.0,74.0,6.8,0.0,1.0,0.0,21,0,10,0
TEST-03256,MEGENAGNA,2025-11-10 22:00:00,8.57,13.8,0.0,64.0,12.1,0.0,1.0,0.0,22,0,10,0
TEST-03483,MEGENAGNA,2025-11-10 23:00:00,9.7,12.7,0.0,86.0,7.2,0.0,1.0,0.0,23,0,10,0
TEST-00209,MEGENAGNA,2025-11-11 00:00:00,8.76,9.1,0.0,88.0,8.6,0.0,0.0,0.0,0,1,11,0
TEST-00644,MEGENAGNA,2025-11-11 01:00:00,12.13,8.3,0.0,82.0,11.6,0.0,0.0,0.0,1,1,11,0
TEST-00578,MEGENAGNA,2025-11-11 02:00:00,10.46,8.5,0.0,96.0,8.6,0.0,0.0,0.0,2,1,11,0
TEST-01314,MEGENAGNA,2025-11-11 03:00:00,11.8,6.7,0.0,95.0,15.1,0.0,0.0,0.0,3,1,11,0
TEST-03211,MEGENAGNA,2025-11-11 04:00:00,13.32,6.9,0.0,93.0,9.0,0.0,1.0,0.0,4,1,11,0
TEST-02175,MEGENAGNA,2025-11-11 05:00:00,22.41,8.4,0.0,86.0,11.2,0.0,1.0,0.0,5,1,11,0
TEST-03719,MEGENAGNA,2025-11-11 06:00:00,55.6,9.4,0.0,89.0,5.8,0.0,0.0,0.0,6,1,11,0
TEST-03271,MEGENAGNA,2025-11-11 07:00:00,124.57,9.8,0.0,91.0,5.9,0.0,1.0,0.0,7,1,11,0
TEST-01946,MEGENAGNA,2025-11-11 08:00:00,93.21,14.0,0.0,86.0,7.8,0.0,1.0,0.0,8,1,11,0
TEST-03194,MEGENAGNA,2025-11-11 09:00:00,65.83,15.2,0.0,82.0,6.5,0.0,1.0,0.0,9,1,11,0
TEST-00790,MEGENAGNA,2025-11-11 10:00:00,50.4,16.4,0.0,72.0,12.1,0.0,0.0,0.0,10,1,11,0
TEST-03199,MEGENAGNA,2025-11-11 11:00:00,49.23,17.4,0.0,66.0,11.7,0.0,1.0,0.0,11,1,11,0
TEST-03181,MEGENAGNA,2025-11-11 12:00:00,54.88,20.1,0.0,71.0,15.1,0.0,1.0,0.0,12,1,11,0
TEST-01883,MEGENAGNA,2025-11-11 13:00:00,56.46,19.8,0.0,77.0,9.4,0.0,0.0,0.0,13,1,11,0
TEST-01447,MEGENAGNA,2025-11-11 14:00:00,51.74,19.6,0.0,60.0,10.7,0.0,0.0,0.0,14,1,11,0
TEST-02847,MEGENAGNA,2025-11-11 15:00:00,51.8,22.6,0.0,58.0,12.4,0.0,1.0,0.0,15,1,11,0
TEST-01826,MEGENAGNA,2025-11-11 16:00:00,68.62,20.6,0.0,65.0,8.9,0.0,0.0,0.0,16,1,11,0
TEST-01310,MEGENAGNA,2025-11-11 17:00:00,91.18,20.4,0.0,62.0,8.3,0.0,0.0,0.0,17,1,11,0
TEST-00808,MEGENAGNA,2025-11-11 18:00:00,98.69,17.1,0.0,59.0,11.2,0.0,0.0,0.0,18,1,11,0
TEST-01373,MEGENAGNA,2025-11-11 19:00:00,88.04,17.2,0.2,67.0,9.7,1.0,0.0,0.0,19,1,11,0
TEST-00608,MEGENAGNA,2025-11-11 20:00:00,48.83,17.3,0.0,82.0,7.2,0.0,0.0,0.0,20,1,11,0
TEST-02813,MEGENAGNA,2025-11-11 21:00:00,25.56,13.7,0.0,85.0,11.7,0.0,0.0,0.0,21,1,11,0
TEST-01672,MEGENAGNA,2025-11-11 22:00:00,15.02,12.6,0.0,86.0,4.0,0.0,0.0,0.0,22,1,11,0
TEST-01047,MEGENAGNA,2025-11-11 23:00:00,9.41,12.6,0.0,80.0,9.2,0.0,0.0,0.0,23,1,11,0
TEST-02253,MEGENAGNA,2025-11-12 00:00:00,7.97,10.2,0.0,83.0,10.5,0.0,1.0,0.0,0,2,12,0
TEST-01786,MEGENAGNA,2025-11-12 01:00:00,11.09,10.3,0.0,83.0,11.7,0.0,0.0,0.0,1,2,12,0
TEST-02747,MEGENAGNA,2025-11-12 02:00:00,12.48,9.2,0.0,94.0,11.6,0.0,0.0,0.0,2,2,12,0
TEST-03766,MEGENAGNA,2025-11-12 03:00:00,10.92,7.7,0.0,95.0,6.2,0.0,0.0,0.0,3,2,12,0
TEST-01171,MEGENAGNA,2025-11-12 04:00:00,12.35,8.1,0.0,97.0,10.8,0.0,0.0,0.0,4,2,12,0
TEST-01830,MEGENAGNA,2025-11-12 05:00:00,23.34,7.4,0.0,95.0,4.4,0.0,0.0,0.0,5,2,12,0
TEST-02410,MEGENAGNA,2025-11-12 06:00:00,54.56,11.2,0.0,88.0,9.0,0.0,1.0,0.0,6,2,12,0
TEST-02319,MEGENAGNA,2025-11-12 07:00:00,121.4,10.5,0.0,79.0,18.7,0.0,1.0,0.0,7,2,12,0
TEST-02408,MEGENAGNA,2025-11-12 08:00:00,85.46,12.7,0.0,85.0,11.2,0.0,1.0,0.0,8,2,12,0
TEST-02430,MEGENAGNA,2025-11-12 09:00:00,85.1,13.1,2.6,82.0,10.4,1.0,1.0,0.0,9,2,12,0
TEST-02648,MEGENAGNA,2025-11-12 10:00:00,51.36,16.7,0.0,71.0,12.3,0.0,0.0,0.0,10,2,12,0
TEST-03763,MEGENAGNA,2025-11-12 11:00:00,61.53,18.4,0.2,67.0,5.5,1.0,0.0,0.0,11,2,12,0
TEST-03535,MEGENAGNA,2025-11-12 12:00:00,52.43,18.0,0.0,62.0,13.0,0.0,0.0,0.0,12,2,12,0
TEST-03496,MEGENAGNA,2025-11-12 13:00:00,54.82,21.7,0.0,60.0,6.5,0.0,1.0,0.0,13,2,12,0
TEST-03359,MEGENAGNA,2025-11-12 14:00:00,54.18,21.6,0.0,75.0,12.5,0.0,1.0,0.0,14,2,12,0
TEST-02263,MEGENAGNA,2025-11-12 15:00:00,53.11,21.4,0.1,71.0,10.6,1.0,1.0,0.0,15,2,12,0
TEST-02807,MEGENAGNA,2025-11-12 16:00:00,65.26,21.9,0.0,59.0,5.2,0.0,0.0,0.0,16,2,12,0
TEST-01762,MEGENAGNA,2025-11-12 17:00:00,88.57,18.9,0.0,66.0,14.0,0.0,0.0,0.0,17,2,12,0
TEST-01875,MEGENAGNA,2025-11-12 18:00:00,103.5,17.4,0.0,68.0,6.8,0.0,0.0,0.0,18,2,12,0
TEST-00725,MEGENAGNA,2025-11-12 19:00:00,80.44,16.5,0.0,61.0,10.2,0.0,0.0,0.0,19,2,12,0
TEST-00315,MEGENAGNA,2025-11-12 20:00:00,47.9,16.7,0.0,64.0,8.7,0.0,0.0,0.0,20,2,12,0
TEST-00623,MEGENAGNA,2025-11-12 21:00:00,24.3,16.1,0.0,74.0,13.8,0.0,0.0,0.0,21,2,12,0
TEST-03596,MEGENAGNA,2025-11-12 22:00:00,23.38,13.2,1.2,71.0,14.1,1.0,0.0,0.0,22,2,12,0
TEST-00093,MEGENAGNA,2025-11-12 23:00:00,12.75,10.6,0.0,90.0,21.8,0.0,0.0,0.0,23,2,12,0
TEST-03313,MEGENAGNA,2025-11-13 00:00:00,17.23,10.5,0.8,88.5,8.8,1.0,1.0,0.0,0,3,13,0
TEST-00586,MEGENAGNA,2025-11-13 01:00:00,11.67,11.2,0.0,87.0,14.0,0.0,0.0,0.0,1,3,13,0
TEST-00364,MEGENAGNA,2025-11-13 02:00:00,14.32,9.0,0.0,99.0,14.4,0.0,0.0,0.0,2,3,13,0
TEST-00634,MEGENAGNA,2025-11-13 03:00:00,10.0,8.9,0.0,86.0,12.7,0.0,0.0,0.0,3,3,13,0
TEST-00360,MEGENAGNA,2025-11-13 04:00:00,15.19,7.9,1.2,96.0,5.7,1.0,0.0,0.0,4,3,13,0
TEST-03142,MEGENAGNA,2025-11-13 05:00:00,26.13,9.1,0.0,91.0,8.1,0.0,1.0,0.0,5,3,13,0
TEST-00404,MEGENAGNA,2025-11-13 06:00:00,56.57,9.1,0.0,99.0,5.5,0.0,0.0,0.0,6,3,13,0
TEST-00886,MEGENAGNA,2025-11-13 07:00:00,88.35,13.4,0.0,85.0,4.7,0.0,0.0,0.0,7,3,13,0
TEST-01908,MEGENAGNA,2025-11-13 08:00:00,89.81,15.0,0.0,77.0,14.1,0.0,0.0,0.0,8,3,13,0
TEST-00804,MEGENAGNA,2025-11-13 09:00:00,69.94,15.1,0.0,73.0,4.6,0.0,0.0,0.0,9,3,13,0
TEST-03323,MEGENAGNA,2025-11-13 10:00:00,47.77,18.3,0.0,62.0,8.9,0.0,1.0,0.0,10,3,13,0
TEST-00535,MEGENAGNA,2025-11-13 11:00:00,51.07,17.4,0.0,72.0,7.7,0.0,0.0,0.0,11,3,13,0
TEST-02379,MEGENAGNA,2025-11-13 12:00:00,51.43,18.2,0.0,64.0,13.1,0.0,1.0,0.0,12,3,13,0
TEST-03168,MEGENAGNA,2025-11-13 13:00:00,67.79,19.0,0.8,86.0,14.7,1.0,1.0,0.0,13,3,13,0
TEST-04018,MEGENAGNA,2025-11-13 14:00:00,73.99,19.0,3.6,75.0,4.4,1.0,0.0,0.0,14,3,13,0
TEST-00803,MEGENAGNA,2025-11-13 15:00:00,89.04,21.2,25.7,84.0,9.8,1.0,0.0,0.0,15,3,13,0
TEST-00871,MEGENAGNA,2025-11-13 16:00:00,105.9,19.3,3.0,85.0,9.6,1.0,0.0,0.0,16,3,13,0
TEST-02380,MEGENAGNA,2025-11-13 17:00:00,121.86,19.3,3.6,82.0,15.5,1.0,1.0,0.0,17,3,13,0
TEST-03063,MEGENAGNA,2025-11-13 18:00:00,125.87,19.5,3.6,82.0,9.1,1.0,1.0,0.0,18,3,13,0
TEST-03100,MEGENAGNA,2025-11-13 19:00:00,84.99,20.5,0.3,68.0,12.0,1.0,1.0,0.0,19,3,13,0
TEST-00460,MEGENAGNA,2025-11-13 20:00:00,49.74,16.6,0.0,62.0,16.8,0.0,0.0,0.0,20,3,13,0
TEST-02720,MEGENAGNA,2025-11-13 21:00:00,25.55,15.2,0.0,81.0,15.7,0.0,0.0,0.0,21,3,13,0
TEST-03705,MEGENAGNA,2025-11-13 22:00:00,13.99,14.9,0.0,87.0,24.1,0.0,0.0,0.0,22,3,13,0
TEST-01347,MEGENAGNA,2025-11-13 23:00:00,19.6,11.9,1.0,91.0,6.9,1.0,0.0,0.0,23,3,13,0
TEST-00574,MEGENAGNA,2025-11-14 00:00:00,9.55,12.3,0.0,82.0,8.6,0.0,0.0,0.0,0,4,14,0
TEST-02286,MEGENAGNA,2025-11-14 01:00:00,13.2,10.9,0.0,90.0,13.8,0.0,1.0,0.0,1,4,14,0
TEST-01922,MEGENAGNA,2025-11-14 02:00:00,10.97,9.8,0.0,97.0,3.6,0.0,1.0,0.0,2,4,14,0
TEST-02845,MEGENAGNA,2025-11-14 03:00:00,10.31,8.9,0.0,82.0,11.6,0.0,0.0,0.0,3,4,14,0
TEST-01096,MEGENAGNA,2025-11-14 04:00:00,13.86,9.3,0.0,92.0,15.9,0.0,0.0,0.0,4,4,14,0
TEST-01277,MEGENAGNA,2025-11-14 05:00:00,28.25,8.8,0.0,90.0,15.5,0.0,0.0,0.0,5,4,14,0
TEST-01592,MEGENAGNA,2025-11-14 06:00:00,53.37,12.0,0.0,77.0,12.1,0.0,0.0,0.0,6,4,14,0
TEST-02122,MEGENAGNA,2025-11-14 07:00:00,85.23,13.5,0.0,89.0,3.7,0.0,1.0,0.0,7,4,14,0
TEST-00271,MEGENAGNA,2025-11-14 08:00:00,87.28,14.9,0.0,78.0,22.1,0.0,0.0,0.0,8,4,14,0
TEST-02061,MEGENAGNA,2025-11-14 09:00:00,65.8,16.7,0.0,73.0,13.2,0.0,1.0,0.0,9,4,14,0
TEST-02606,MEGENAGNA,2025-11-14 10:00:00,51.7,18.15,0.0,69.5,13.7,0.0,1.0,0.0,10,4,14,0
TEST-03804,MEGENAGNA,2025-11-14 11:00:00,52.61,19.6,0.0,66.0,14.2,0.0,0.0,0.0,11,4,14,0
TEST-00646,MEGENAGNA,2025-11-14 12:00:00,51.85,21.2,0.0,60.5,7.9,0.0,0.0,0.0,12,4,14,0
TEST-03998,MEGENAGNA,2025-11-14 13:00:00,54.1,21.5,0.0,55.0,16.1,0.0,0.0,0.0,13,4,14,0
TEST-01062,MEGENAGNA,2025-11-14 14:00:00,53.79,22.8,0.0,62.0,15.1,0.0,0.0,0.0,14,4,14,0
TEST-01613,MEGENAGNA,2025-11-14 15:00:00,52.77,21.7,0.0,61.0,18.0,0.0,0.0,0.0,15,4,14,0
TEST-03530,MEGENAGNA,2025-11-14 16:00:00,68.55,22.5,0.0,66.0,18.3,0.0,0.0,0.0,16,4,14,0
TEST-01117,MEGENAGNA,2025-11-14 17:00:00,96.33,22.4,0.0,66.0,6.5,0.0,0.0,0.0,17,4,14,0
TEST-03536,MEGENAGNA,2025-11-14 18:00:00,102.84,20.4,0.0,61.0,10.6,0.0,0.0,0.0,18,4,14,0
TEST-03033,MEGENAGNA,2025-11-14 19:00:00,93.63,20.1,0.0,68.0,8.1,0.0,1.0,0.0,19,4,14,0
TEST-03582,MEGENAGNA,2025-11-14 20:00:00,54.91,17.6,0.0,71.0,6.0,0.0,0.0,0.0,20,4,14,0
TEST-03110,MEGENAGNA,2025-11-14 21:00:00,32.68,16.1,0.0,84.0,4.4,0.0,1.0,0.0,21,4,14,0
TEST-00506,MEGENAGNA,2025-11-14 22:00:00,19.29,14.9,0.0,78.0,3.7,0.0,0.0,0.0,22,4,14,0
TEST-01674,MEGENAGNA,2025-11-14 23:00:00,12.27,11.5,0.0,86.0,8.4,0.0,0.0,0.0,23,4,14,0
TEST-00855,MERKATO,2025-11-01 00:00:00,10.71,14.2,0.0,85.0,5.7,0.0,0.0,0.0,0,5,1,1
TEST-03392,MERKATO,2025-11-01 01:00:00,5.0,10.9,0.0,88.0,9.8,0.0,0.0,0.0,1,5,1,1
TEST-02599,MERKATO,2025-11-01 02:00:00,5.33,11.2,0.0,83.0,9.4,0.0,0.0,0.0,2,5,1,1
TEST-01332,MERKATO,2025-11-01 03:00:00,7.11,10.4,0.0,78.0,9.8,0.0,0.0,0.0,3,5,1,1
TEST-00763,MERKATO,2025-11-01 04:00:00,20.76,11.5,0.0,83.0,13.4,0.0,0.0,0.0,4,5,1,1
TEST-01474,MERKATO,2025-11-01 05:00:00,30.82,12.2,0.0,87.0,7.0,0.0,0.0,0.0,5,5,1,1
TEST-03137,MERKATO,2025-11-01 06:00:00,99.91,13.2,0.0,84.0,7.8,0.0,0.0,0.0,6,5,1,1
TEST-00047,MERKATO,2025-11-01 07:00:00,118.47,15.1,0.0,67.0,13.3,0.0,0.0,0.0,7,5,1,1
TEST-02974,MERKATO,2025-11-01 08:00:00,105.74,16.1,0.0,79.0,8.0,0.0,0.0,0.0,8,5,1,1
TEST-03999,MERKATO,2025-11-01 09:00:00,106.28,17.8,0.0,69.0,7.8,0.0,0.0,0.0,9,5,1,1
TEST-02869,MERKATO,2025-11-01 10:00:00,114.14,19.3,0.0,67.0,7.2,0.0,0.0,0.0,10,5,1,1
TEST-03479,MERKATO,2025-11-01 11:00:00,137.26,21.1,0.0,59.0,14.6,0.0,0.0,0.0,11,5,1,1
TEST-01092,MERKATO,2025-11-01 12:00:00,129.99,22.9,0.0,56.0,6.1,0.0,0.0,0.0,12,5,1,1
TEST-00747,MERKATO,2025-11-01 13:00:00,152.25,21.8,0.0,48.0,17.9,0.0,0.0,0.0,13,5,1,1
TEST-02131,MERKATO,2025-11-01 14:00:00,128.62,25.5,0.0,54.0,8.3,0.0,0.0,0.0,14,5,1,1
TEST-03410,MERKATO,2025-11-01 15:00:00,129.01,23.9,0.0,56.0,6.4,0.0,0.0,0.0,15,5,1,1
TEST-02513,MERKATO,2025-11-01 16:00:00,108.69,24.2,0.0,51.0,4.1,0.0,0.0,0.0,16,5,1,1
TEST-02659,MERKATO,2025-11-01 17:00:00,81.83,22.8,0.0,60.0,7.1,0.0,0.0,0.0,17,5,1,1
TEST-03231,MERKATO,2025-11-01 18:00:00,51.6,22.4,0.0,65.0,9.3,0.0,0.0,0.0,18,5,1,1
TEST-02693,MERKATO,2025-11-01 19:00:00,33.06,22.8,0.0,56.0,21.6,0.0,0.0,0.0,19,5,1,1
TEST-02128,MERKATO,2025-11-01 20:00:00,19.29,20.1,0.0,64.0,10.9,0.0,0.0,0.0,20,5,1,1
TEST-00539,MERKATO,2025-11-01 21:00:00,12.31,17.0,0.0,65.0,12.9,0.0,0.0,0.0,21,5,1,1
TEST-00849,MERKATO,2025-11-01 22:00:00,8.29,15.4,0.0,73.0,11.0,0.0,0.0,0.0,22,5,1,1
TEST-01422,MERKATO,2025-11-01 23:00:00,13.04,14.6,0.0,80.0,14.1,0.0,0.0,0.0,23,5,1,1
TEST-02657,MERKATO,2025-11-02 00:00:00,9.61,13.1,0.0,84.0,14.9,0.0,0.0,0.0,0,6,2,1
TEST-01486,MERKATO,2025-11-02 01:00:00,0.2,11.0,0.0,84.0,3.8,0.0,0.0,0.0,1,6,2,1
TEST-00151,MERKATO,2025-11-02 02:00:00,2.53,10.7,0.0,82.0,16.2,0.0,0.0,0.0,2,6,2,1
TEST-02264,MERKATO,2025-11-02 03:00:00,2.57,11.0,0.0,81.0,11.9,0.0,0.0,0.0,3,6,2,1
TEST-02666,MERKATO,2025-11-02 04:00:00,11.25,11.7,0.0,94.0,10.4,0.0,0.0,0.0,4,6,2,1
TEST-00044,MERKATO,2025-11-02 05:00:00,19.77,11.9,0.0,82.0,16.0,0.0,0.0,0.0,5,6,2,1
TEST-03490,MERKATO,2025-11-02 06:00:00,43.94,12.9,0.0,73.0,12.7,0.0,0.0,0.0,6,6,2,1
TEST-01159,MERKATO,2025-11-02 07:00:00,47.83,16.0,0.0,83.0,9.1,0.0,0.0,0.0,7,6,2,1
TEST-02051,MERKATO,2025-11-02 08:00:00,45.71,16.1,0.0,74.0,17.1,0.0,0.0,0.0,8,6,2,1
TEST-00670,MERKATO,2025-11-02 09:00:00,49.33,18.5,0.2,67.0,11.2,1.0,0.0,0.0,9,6,2,1
TEST-01501,MERKATO,2025-11-02 10:00:00,56.54,20.1,0.0,65.0,13.7,0.0,0.0,0.0,10,6,2,1
TEST-01376,MERKATO,2025-11-02 11:00:00,61.03,21.5,0.0,60.0,15.3,0.0,0.0,0.0,11,6,2,1
TEST-01434,MERKATO,2025-11-02 12:00:00,51.2,23.5,0.3,53.0,5.6,1.0,0.0,0.0,12,6,2,1
TEST-01919,MERKATO,2025-11-02 13:00:00,55.35,24.2,0.15,57.5,5.25,1.0,0.0,0.0,13,6,2,1
TEST-01042,MERKATO,2025-11-02 14:00:00,53.14,24.9,0.0,62.0,4.9,0.0,0.0,0.0,14,6,2,1
TEST-02764,MERKATO,2025-11-02 15:00:00,54.58,24.3,0.6,69.0,15.0,1.0,0.0,0.0,15,6,2,1
TEST-00874,MERKATO,2025-11-02 16:00:00,42.39,24.9,0.0,56.0,6.9,0.0,0.0,0.0,16,6,2,1
TEST-00633,MERKATO,2025-11-02 17:00:00,32.45,22.8,13.0,65.0,4.1,1.0,0.0,0.0,17,6,2,1
TEST-02037,MERKATO,2025-11-02 18:00:00,30.62,23.7,0.0,57.0,12.0,0.0,0.0,0.0,18,6,2,1
TEST-00139,MERKATO,2025-11-02 19:00:00,25.74,21.0,0.0,60.0,8.6,0.0,0.0,0.0,19,6,2,1
TEST-03150,MERKATO,2025-11-02 20:00:00,9.09,18.9,0.0,62.0,20.8,0.0,0.0,0.0,20,6,2,1
TEST-01045,MERKATO,2025-11-02 21:00:00,4.89,18.3,0.0,64.0,6.8,0.0,0.0,0.0,21,6,2,1
TEST-01060,MERKATO,2025-11-02 22:00:00,4.11,15.6,0.0,72.0,13.5,0.0,0.0,0.0,22,6,2,1
TEST-00372,MERKATO,2025-11-02 23:00:00,4.55,15.7,0.0,75.0,8.9,0.0,0.0,0.0,23,6,2,1
TEST-01860,MERKATO,2025-11-03 00:00:00,14.89,13.8,0.0,80.0,15.5,0.0,0.0,0.0,0,0,3,0
TEST-00165,MERKATO,2025-11-03 01:00:00,3.86,11.9,0.0,86.0,7.5,0.0,0.0,0.0,1,0,3,0
TEST-02672,MERKATO,2025-11-03 02:00:00,7.6,12.9,0.0,78.0,7.0,0.0,0.0,0.0,2,0,3,0
TEST-02926,MERKATO,2025-11-03 03:00:00,15.09,14.3,0.0,85.0,14.8,0.0,0.0,0.0,3,0,3,0
TEST-01430,MERKATO,2025-11-03 04:00:00,6.52,12.4,0.0,84.0,7.4,0.0,0.0,0.0,4,0,3,0
TEST-02331,MERKATO,2025-11-03 05:00:00,21.89,12.8,0.0,84.0,7.8,0.0,0.0,0.0,5,0,3,0
TEST-01535,MERKATO,2025-11-03 06:00:00,75.05,14.2,0.0,82.0,13.7,0.0,0.0,0.0,6,0,3,0
TEST-00938,MERKATO,2025-11-03 07:00:00,94.68,15.2,0.0,65.0,10.3,0.0,0.0,0.0,7,0,3,0
TEST-02930,MERKATO,2025-11-03 08:00:00,85.67,16.0,0.0,69.0,10.7,0.0,0.0,0.0,8,0,3,0
TEST-02993,MERKATO,2025-11-03 09:00:00,89.47,19.9,0.0,71.0,12.8,0.0,0.0,0.0,9,0,3,0
TEST-00498,MERKATO,2025-11-03 10:00:00,97.26,18.0,0.0,64.0,17.1,0.0,0.0,0.0,10,0,3,0
TEST-00163,MERKATO,2025-11-03 11:00:00,108.82,19.9,0.0,67.0,12.1,0.0,0.0,0.0,11,0,3,0
TEST-00019,MERKATO,2025-11-03 12:00:00,104.19,22.8,0.0,58.0,7.2,0.0,0.0,0.0,12,0,3,0
TEST-03534,MERKATO,2025-11-03 13:00:00,108.39,24.8,0.0,54.0,12.6,0.0,0.0,0.0,13,0,3,0
TEST-01014,MERKATO,2025-11-03 14:00:00,158.56,24.8,0.0,46.0,13.3,0.0,0.0,0.0,14,0,3,0
TEST-03027,MERKATO,2025-11-03 15:00:00,129.07,25.6,0.0,41.0,11.9,0.0,0.0,0.0,15,0,3,0
TEST-00945,MERKATO,2025-11-03 16:00:00,98.32,25.3,0.0,51.0,15.5,0.0,0.0,0.0,16,0,3,0
TEST-03036,MERKATO,2025-11-03 17:00:00,77.88,24.0,0.0,55.0,11.0,0.0,0.0,0.0,17,0,3,0
TEST-01526,MERKATO,2025-11-03 18:00:00,52.72,24.4,0.0,61.0,8.3,0.0,0.0,0.0,18,0,3,0
TEST-02184,MERKATO,2025-11-03 19:00:00,30.45,21.6,0.0,63.0,7.9,0.0,0.0,0.0,19,0,3,0
TEST-01041,MERKATO,2025-11-03 20:00:00,22.83,19.8,0.0,60.0,7.7,0.0,0.0,0.0,20,0,3,0
TEST-03882,MERKATO,2025-11-03 21:00:00,11.58,19.9,0.0,61.0,6.6,0.0,0.0,0.0,21,0,3,0
TEST-00028,MERKATO,2025-11-03 22:00:00,7.43,18.3,0.0,66.0,10.8,0.0,0.0,0.0,22,0,3,0
TEST-00999,MERKATO,2025-11-03 23:00:00,8.36,13.7,0.0,87.0,5.8,0.0,0.0,0.0,23,0,3,0
TEST-03177,MERKATO,2025-11-04 00:00:00,11.1,12.9,0.0,72.0,13.9,0.0,0.0,0.0,0,1,4,0
TEST-01931,MERKATO,2025-11-04 01:00:00,10.66,13.2,0.0,69.0,9.0,0.0,0.0,0.0,1,1,4,0
TEST-00063,MERKATO,2025-11-04 02:00:00,4.58,11.8,0.0,78.0,10.9,0.0,0.0,0.0,2,1,4,0
TEST-03576,MERKATO,2025-11-04 03:00:00,5.03,11.5,0.0,89.0,15.9,0.0,0.0,0.0,3,1,4,0
TEST-00474,MERKATO,2025-11-04 04:00:00,3.72,11.2,0.3,85.0,7.5,1.0,0.0,0.0,4,1,4,0
TEST-02836,MERKATO,2025-11-04 05:00:00,24.98,13.2,0.0,86.0,8.4,0.0,0.0,0.0,5,1,4,0
TEST-01943,MERKATO,2025-11-04 06:00:00,71.42,14.0,0.0,81.0,10.9,0.0,0.0,0.0,6,1,4,0
TEST-02584,MERKATO,2025-11-04 07:00:00,97.11,14.7,0.0,81.0,13.7,0.0,0.0,0.0,7,1,4,0
TEST-03311,MERKATO,2025-11-04 08:00:00,92.49,16.9,0.0,71.0,16.3,0.0,0.0,0.0,8,1,4,0
TEST-02809,MERKATO,2025-11-04 09:00:00,89.09,18.5,0.0,64.0,13.7,0.0,0.0,0.0,9,1,4,0
TEST-00561,MERKATO,2025-11-04 10:00:00,100.01,21.5,0.0,68.0,8.7,0.0,0.0,0.0,10,1,4,0
TEST-01956,MERKATO,2025-11-04 11:00:00,103.99,22.0,0.0,61.0,6.6,0.0,0.0,0.0,11,1,4,0
TEST-00059,MERKATO,2025-11-04 12:00:00,108.88,23.7,0.0,63.0,12.5,0.0,0.0,0.0,12,1,4,0
TEST-03884,MERKATO,2025-11-04 13:00:00,102.14,23.6,0.3,54.0,14.0,1.0,0.0,0.0,13,1,4,0
TEST-03905,MERKATO,2025-11-04 14:00:00,147.41,26.3,0.0,45.0,6.6,0.0,0.0,0.0,14,1,4,0
TEST-00266,MERKATO,2025-11-04 15:00:00,111.44,25.2,0.0,51.0,9.0,0.0,0.0,0.0,15,1,4,0
TEST-01980,MERKATO,2025-11-04 16:00:00,151.73,25.5,0.3,42.0,8.6,1.0,0.0,0.0,16,1,4,0
TEST-03339,MERKATO,2025-11-04 17:00:00,76.31,24.1,0.0,54.0,12.8,0.0,0.0,0.0,17,1,4,0
TEST-02279,MERKATO,2025-11-04 18:00:00,97.87,22.9,0.0,45.0,12.4,0.0,0.0,0.0,18,1,4,0
TEST-03604,MERKATO,2025-11-04 19:00:00,25.38,23.6,0.0,57.0,20.6,0.0,0.0,0.0,19,1,4,0
TEST-03572,MERKATO,2025-11-04 20:00:00,21.55,21.1,0.0,69.0,7.7,0.0,0.0,0.0,20,1,4,0
TEST-03606,MERKATO,2025-11-04 21:00:00,9.44,18.6,0.0,70.0,15.3,0.0,0.0,0.0,21,1,4,0
TEST-00301,MERKATO,2025-11-04 22:00:00,7.96,17.5,0.0,69.0,10.0,0.0,0.0,0.0,22,1,4,0
TEST-01605,MERKATO,2025-11-04 23:00:00,5.6,16.9,0.0,70.0,6.0,0.0,0.0,0.0,23,1,4,0
TEST-01903,MERKATO,2025-11-05 00:00:00,12.56,13.8,0.0,80.0,9.9,0.0,0.0,0.0,0,2,5,0
TEST-00081,MERKATO,2025-11-05 01:00:00,4.22,12.6,0.0,78.0,5.0,0.0,0.0,0.0,1,2,5,0
TEST-00780,MERKATO,2025-11-05 02:00:00,2.82,11.2,0.0,77.0,25.5,0.0,0.0,0.0,2,2,5,0
TEST-02677,MERKATO,2025-11-05 03:00:00,4.73,12.3,0.0,83.0,12.9,0.0,0.0,0.0,3,2,5,0
TEST-04029,MERKATO,2025-11-05 04:00:00,16.84,12.9,0.0,80.0,8.5,0.0,0.0,0.0,4,2,5,0
TEST-02509,MERKATO,2025-11-05 05:00:00,25.82,13.0,0.0,86.0,13.5,0.0,0.0,0.0,5,2,5,0
TEST-01361,MERKATO,2025-11-05 06:00:00,73.11,13.9,0.0,75.0,9.9,0.0,0.0,0.0,6,2,5,0
TEST-02260,MERKATO,2025-11-05 07:00:00,81.15,15.7,0.0,86.0,7.4,0.0,0.0,0.0,7,2,5,0
TEST-02914,MERKATO,2025-11-05 08:00:00,84.91,18.0,0.0,72.0,7.8,0.0,0.0,0.0,8,2,5,0
TEST-03399,MERKATO,2025-11-05 09:00:00,85.51,19.3,0.0,61.0,12.6,0.0,0.0,0.0,9,2,5,0
TEST-02079,MERKATO,2025-11-05 10:00:00,97.96,20.7,0.0,61.0,11.2,0.0,0.0,0.0,10,2,5,0
TEST-02798,MERKATO,2025-11-05 11:00:00,105.71,21.1,0.0,65.0,8.2,0.0,0.0,0.0,11,2,5,0
TEST-03980,MERKATO,2025-11-05 12:00:00,113.12,23.8,0.0,58.0,15.0,0.0,0.0,0.0,12,2,5,0
TEST-02018,MERKATO,2025-11-05 13:00:00,105.09,22.9,0.0,56.0,7.5,0.0,0.0,0.0,13,2,5,0
TEST-02785,MERKATO,2025-11-05 14:00:00,105.31,25.2,0.0,53.0,8.3,0.0,0.0,0.0,14,2,5,0
TEST-02862,MERKATO,2025-11-05 15:00:00,149.25,24.1,0.0,45.0,20.0,0.0,0.0,0.0,15,2,5,0
TEST-01090,MERKATO,2025-11-05 16:00:00,87.92,25.4,0.0,56.0,5.1,0.0,0.0,0.0,16,2,5,0
TEST-03362,MERKATO,2025-11-05 17:00:00,116.52,24.9,0.0,49.0,8.3,0.0,0.0,0.0,17,2,5,0
TEST-00001,MERKATO,2025-11-05 18:00:00,44.47,23.5,0.0,63.0,11.8,0.0,0.0,0.0,18,2,5,0
TEST-01393,MERKATO,2025-11-05 19:00:00,27.26,20.8,0.0,55.0,12.0,0.0,0.0,0.0,19,2,5,0
TEST-02761,MERKATO,2025-11-05 20:00:00,14.59,17.9,0.0,54.0,10.9,0.0,0.0,0.0,20,2,5,0
TEST-00758,MERKATO,2025-11-05 21:00:00,8.18,17.1,0.0,70.0,7.0,0.0,0.0,0.0,21,2,5,0
TEST-03791,MERKATO,2025-11-05 22:00:00,6.11,16.1,0.0,65.0,10.1,0.0,0.0,0.0,22,2,5,0
TEST-01144,MERKATO,2025-11-05 23:00:00,8.79,14.7,0.0,70.0,8.1,0.0,0.0,0.0,23,2,5,0
TEST-03935,MERKATO,2025-11-06 00:00:00,1.21,10.6,0.0,85.0,11.6,0.0,0.0,0.0,0,3,6,0
TEST-03304,MERKATO,2025-11-06 01:00:00,1.03,10.5,0.0,85.0,10.5,0.0,0.0,0.0,1,3,6,0
TEST-01224,MERKATO,2025-11-06 02:00:00,1.94,9.8,0.0,91.0,11.0,0.0,0.0,0.0,2,3,6,0
TEST-00677,MERKATO,2025-11-06 03:00:00,3.71,12.0,0.1,89.0,11.9,1.0,0.0,0.0,3,3,6,0
TEST-03342,MERKATO,2025-11-06 04:00:00,8.33,12.1,0.05,81.5,9.95,1.0,0.0,0.0,4,3,6,0
TEST-00192,MERKATO,2025-11-06 05:00:00,22.12,12.2,0.0,74.0,8.0,0.0,0.0,0.0,5,3,6,0
TEST-02098,MERKATO,2025-11-06 06:00:00,68.0,13.0,0.0,82.0,12.5,0.0,0.0,0.0,6,3,6,0
TEST-03903,MERKATO,2025-11-06 07:00:00,97.92,14.3,0.0,71.0,13.1,0.0,0.0,0.0,7,3,6,0
TEST-03001,MERKATO,2025-11-06 08:00:00,89.95,17.7,0.0,69.0,15.0,0.0,0.0,0.0,8,3,6,0
TEST-00357,MERKATO,2025-11-06 09:00:00,84.93,18.8,0.0,65.0,7.3,0.0,0.0,0.0,9,3,6,0
TEST-01155,MERKATO,2025-11-06 10:00:00,91.14,19.3,0.0,69.0,6.9,0.0,0.0,0.0,10,3,6,0
TEST-01616,MERKATO,2025-11-06 11:00:00,103.87,19.4,0.0,57.0,8.3,0.0,0.0,0.0,11,3,6,0
TEST-01848,MERKATO,2025-11-06 12:00:00,110.29,20.4,0.0,52.0,17.3,0.0,0.0,0.0,12,3,6,0
TEST-03376,MERKATO,2025-11-06 13:00:00,104.39,23.2,0.0,58.0,7.7,0.0,0.0,0.0,13,3,6,0
TEST-03207,MERKATO,2025-11-06 14:00:00,110.27,25.1,0.0,51.0,6.2,0.0,0.0,0.0,14,3,6,0
TEST-01812,MERKATO,2025-11-06 15:00:00,100.56,27.0,0.0,58.0,7.5,0.0,0.0,0.0,15,3,6,0
TEST-00782,MERKATO,2025-11-06 16:00:00,115.19,25.7,0.0,49.0,12.2,0.0,0.0,0.0,16,3,6,0
TEST-01113,MERKATO,2025-11-06 17:00:00,85.55,22.1,0.0,65.0,8.6,0.0,0.0,0.0,17,3,6,0
TEST-02403,MERKATO,2025-11-06 18:00:00,45.61,21.1,0.0,59.0,16.7,0.0,0.0,0.0,18,3,6,0
TEST-01552,MERKATO,2025-11-06 19:00:00,27.78,20.6,0.0,64.0,9.3,0.0,0.0,0.0,19,3,6,0
TEST-00160,MERKATO,2025-11-06 20:00:00,17.11,19.2,0.0,66.0,14.1,0.0,0.0,0.0,20,3,6,0
TEST-03072,MERKATO,2025-11-06 21:00:00,8.37,15.9,0.0,65.0,7.8,0.0,0.0,0.0,21,3,6,0
TEST-03422,MERKATO,2025-11-06 22:00:00,8.51,16.5,0.0,76.0,8.2,0.0,0.0,0.0,22,3,6,0
TEST-02731,MERKATO,2025-11-06 23:00:00,4.88,15.8,0.0,76.0,12.3,0.0,0.0,0.0,23,3,6,0
TEST-00809,MERKATO,2025-11-07 00:00:00,1.73,12.4,0.0,86.0,4.7,0.0,0.0,0.0,0,4,7,0
TEST-00622,MERKATO,2025-11-07 01:00:00,2.1,11.8,0.0,85.0,11.0,0.0,0.0,0.0,1,4,7,0
TEST-00262,MERKATO,2025-11-07 02:00:00,2.38,11.9,0.0,92.0,6.4,0.0,0.0,0.0,2,4,7,0
TEST-01240,MERKATO,2025-11-07 03:00:00,2.22,10.7,0.0,87.0,11.2,0.0,0.0,0.0,3,4,7,0
TEST-03402,MERKATO,2025-11-07 04:00:00,6.01,10.1,0.0,84.0,6.8,0.0,0.0,0.0,4,4,7,0
TEST-02171,MERKATO,2025-11-07 05:00:00,32.43,13.5,0.0,77.0,13.1,0.0,0.0,0.0,5,4,7,0
TEST-02956,MERKATO,2025-11-07 06:00:00,77.38,14.0,0.0,75.0,8.5,0.0,0.0,0.0,6,4,7,0
TEST-02429,MERKATO,2025-11-07 07:00:00,101.61,13.9,0.0,87.0,13.4,0.0,0.0,0.0,7,4,7,0
TEST-00023,MERKATO,2025-11-07 08:00:00,87.7,15.3,1.2,74.0,12.2,1.0,0.0,0.0,8,4,7,0
TEST-03915,MERKATO,2025-11-07 09:00:00,90.11,19.4,0.0,66.5,8.5,0.0,0.0,0.0,9,4,7,0
TEST-01279,MERKATO,2025-11-07 10:00:00,90.03,19.4,0.0,59.0,4.9,0.0,0.0,0.0,10,4,7,0
TEST-03355,MERKATO,2025-11-07 11:00:00,100.56,20.3,0.0,71.0,9.9,0.0,0.0,0.0,11,4,7,0
TEST-02814,MERKATO,2025-11-07 12:00:00,112.65,21.5,0.0,57.0,11.8,0.0,0.0,0.0,12,4,7,0
TEST-04015,MERKATO,2025-11-07 13:00:00,122.02,23.1,0.0,50.0,18.1,0.0,0.0,0.0,13,4,7,0
TEST-01845,MERKATO,2025-11-07 14:00:00,142.1,23.2,0.0,44.0,13.3,0.0,0.0,0.0,14,4,7,0
TEST-02233,MERKATO,2025-11-07 15:00:00,102.6,24.9,0.0,58.0,7.4,0.0,0.0,0.0,15,4,7,0
TEST-01567,MERKATO,2025-11-07 16:00:00,87.71,25.7,0.0,52.0,11.2,0.0,0.0,0.0,16,4,7,0
TEST-03799,MERKATO,2025-11-07 17:00:00,77.18,23.4,0.0,64.0,14.9,0.0,0.0,0.0,17,4,7,0
TEST-02156,MERKATO,2025-11-07 18:00:00,46.61,22.1,0.0,65.0,13.0,0.0,0.0,0.0,18,4,7,0
TEST-01370,MERKATO,2025-11-07 19:00:00,25.98,20.2,0.0,67.0,11.6,0.0,0.0,0.0,19,4,7,0
TEST-01444,MERKATO,2025-11-07 20:00:00,23.79,21.5,0.0,63.0,26.2,0.0,0.0,0.0,20,4,7,0
TEST-02338,MERKATO,2025-11-07 21:00:00,8.38,17.0,0.0,69.0,7.2,0.0,0.0,0.0,21,4,7,0
TEST-02244,MERKATO,2025-11-07 22:00:00,4.6,16.0,0.0,81.0,19.3,0.0,0.0,0.0,22,4,7,0
TEST-01760,MERKATO,2025-11-07 23:00:00,3.2,12.8,0.0,77.0,10.2,0.0,0.0,0.0,23,4,7,0
TEST-04019,MERKATO,2025-11-08 00:00:00,9.1,12.9,0.0,79.0,10.5,0.0,0.0,0.0,0,5,8,1
TEST-02658,MERKATO,2025-11-08 01:00:00,11.01,12.3,0.0,84.0,15.4,0.0,0.0,0.0,1,5,8,1
TEST-00630,MERKATO,2025-11-08 02:00:00,5.08,11.6,0.0,83.0,5.4,0.0,0.0,0.0,2,5,8,1
TEST-01726,MERKATO,2025-11-08 03:00:00,13.58,10.5,0.0,95.0,13.8,0.0,0.0,0.0,3,5,8,1
TEST-02068,MERKATO,2025-11-08 04:00:00,22.41,9.8,0.0,84.0,7.3,0.0,0.0,0.0,4,5,8,1
TEST-02621,MERKATO,2025-11-08 05:00:00,43.1,11.1,0.0,85.0,18.7,0.0,0.0,0.0,5,5,8,1
TEST-02271,MERKATO,2025-11-08 06:00:00,103.97,12.5,0.0,77.0,19.2,0.0,0.0,0.0,6,5,8,1
TEST-01360,MERKATO,2025-11-08 07:00:00,113.87,13.3,0.0,71.0,9.1,0.0,0.0,0.0,7,5,8,1
TEST-01852,MERKATO,2025-11-08 08:00:00,107.0,14.5,0.0,73.0,7.0,0.0,0.0,0.0,8,5,8,1
TEST-02327,MERKATO,2025-11-08 09:00:00,113.42,19.1,0.0,63.0,13.4,0.0,0.0,0.0,9,5,8,1
TEST-03426,MERKATO,2025-11-08 10:00:00,115.98,19.3,0.0,66.0,6.4,0.0,0.0,0.0,10,5,8,1
TEST-00869,MERKATO,2025-11-08 11:00:00,120.05,20.9,0.0,60.0,3.8,0.0,0.0,0.0,11,5,8,1
TEST-03159,MERKATO,2025-11-08 12:00:00,139.19,22.7,0.0,65.0,20.3,0.0,0.0,0.0,12,5,8,1
TEST-00538,MERKATO,2025-11-08 13:00:00,130.54,24.0,0.0,58.0,6.3,0.0,0.0,0.0,13,5,8,1
TEST-00478,MERKATO,2025-11-08 14:00:00,133.57,23.1,0.0,61.0,12.4,0.0,0.0,0.0,14,5,8,1
TEST-02554,MERKATO,2025-11-08 15:00:00,125.76,23.0,0.0,60.0,5.8,0.0,0.0,0.0,15,5,8,1
TEST-01001,MERKATO,2025-11-08 16:00:00,106.91,23.4,0.0,59.0,8.4,0.0,0.0,0.0,16,5,8,1
TEST-01794,MERKATO,2025-11-08 17:00:00,84.95,23.2,0.0,56.0,7.7,0.0,0.0,0.0,17,5,8,1
TEST-03974,MERKATO,2025-11-08 18:00:00,52.64,22.9,0.0,56.0,15.4,0.0,0.0,0.0,18,5,8,1
TEST-00707,MERKATO,2025-11-08 19:00:00,34.55,21.35,0.0,63.0,14.0,0.0,0.0,0.0,19,5,8,1
TEST-01032,MERKATO,2025-11-08 20:00:00,25.66,19.8,0.0,70.0,12.6,0.0,0.0,0.0,20,5,8,1
TEST-00492,MERKATO,2025-11-08 21:00:00,16.92,17.7,0.0,73.0,8.6,0.0,0.0,0.0,21,5,8,1
TEST-00994,MERKATO,2025-11-08 22:00:00,9.72,15.2,0.0,75.0,9.0,0.0,0.0,0.0,22,5,8,1
TEST-02528,MERKATO,2025-11-08 23:00:00,7.55,14.2,0.0,81.0,3.8,0.0,0.0,0.0,23,5,8,1
TEST-00722,MERKATO,2025-11-09 00:00:00,2.91,11.3,0.0,83.0,11.4,0.0,0.0,0.0,0,6,9,1
TEST-02776,MERKATO,2025-11-09 01:00:00,4.32,9.3,0.0,89.0,8.3,0.0,0.0,0.0,1,6,9,1
TEST-01606,MERKATO,2025-11-09 02:00:00,5.01,9.1,0.0,91.0,13.7,0.0,0.0,0.0,2,6,9,1
TEST-02266,MERKATO,2025-11-09 03:00:00,3.96,9.3,0.0,92.0,12.9,0.0,0.0,0.0,3,6,9,1
TEST-00471,MERKATO,2025-11-09 04:00:00,11.87,9.3,0.0,88.0,9.5,0.0,0.0,0.0,4,6,9,1
TEST-03819,MERKATO,2025-11-09 05:00:00,19.78,9.5,0.0,97.0,17.2,0.0,0.0,0.0,5,6,9,1
TEST-02375,MERKATO,2025-11-09 06:00:00,36.01,10.85,0.0,86.5,10.45,0.0,0.0,0.0,6,6,9,1
TEST-01294,MERKATO,2025-11-09 07:00:00,38.99,12.2,0.0,76.0,3.7,0.0,0.0,0.0,7,6,9,1
TEST-02950,MERKATO,2025-11-09 08:00:00,45.7,15.2,0.0,77.0,6.7,0.0,0.0,0.0,8,6,9,1
TEST-02663,MERKATO,2025-11-09 09:00:00,48.17,16.1,0.0,78.0,12.7,0.0,0.0,0.0,9,6,9,1
TEST-00131,MERKATO,2025-11-09 10:00:00,53.0,18.3,0.0,63.0,11.6,0.0,0.0,0.0,10,6,9,1
TEST-01238,MERKATO,2025-11-09 11:00:00,61.55,19.9,0.0,64.0,12.1,0.0,0.0,0.0,11,6,9,1
TEST-00750,MERKATO,2025-11-09 12:00:00,58.28,19.0,0.0,63.0,12.1,0.0,0.0,0.0,12,6,9,1
TEST-02065,MERKATO,2025-11-09 13:00:00,60.11,21.4,0.0,53.0,10.2,0.0,0.0,0.0,13,6,9,1
TEST-03549,MERKATO,2025-11-09 14:00:00,60.69,23.0,0.0,56.0,8.6,0.0,0.0,0.0,14,6,9,1
TEST-00203,MERKATO,2025-11-09 15:00:00,52.36,23.9,0.0,61.0,12.4,0.0,0.0,0.0,15,6,9,1
TEST-02562,MERKATO,2025-11-09 16:00:00,44.04,20.6,0.0,62.0,8.2,0.0,0.0,0.0,16,6,9,1
TEST-02883,MERKATO,2025-11-09 17:00:00,35.42,20.8,0.0,59.0,22.5,0.0,0.0,0.0,17,6,9,1
TEST-00085,MERKATO,2025-11-09 18:00:00,26.16,21.2,0.0,70.0,11.9,0.0,0.0,0.0,18,6,9,1
TEST-03595,MERKATO,2025-11-09 19:00:00,13.49,20.4,0.0,64.0,10.6,0.0,0.0,0.0,19,6,9,1
TEST-02553,MERKATO,2025-11-09 20:00:00,10.43,15.6,0.0,73.0,7.2,0.0,0.0,0.0,20,6,9,1
TEST-01034,MERKATO,2025-11-09 21:00:00,5.7,17.4,0.0,79.0,13.2,0.0,0.0,0.0,21,6,9,1
TEST-03806,MERKATO,2025-11-09 22:00:00,4.32,15.9,0.0,82.0,12.5,0.0,0.0,0.0,22,6,9,1
TEST-02649,MERKATO,2025-11-09 23:00:00,6.19,14.7,0.0,85.0,15.0,0.0,0.0,0.0,23,6,9,1
TEST-02320,MERKATO,2025-11-10 00:00:00,5.92,10.3,0.0,90.0,11.9,0.0,0.0,0.0,0,0,10,0
TEST-01638,MERKATO,2025-11-10 01:00:00,3.68,7.8,2.1,94.0,7.5,1.0,0.0,0.0,1,0,10,0
TEST-00333,MERKATO,2025-11-10 02:00:00,7.72,8.8,0.0,90.0,13.7,0.0,0.0,0.0,2,0,10,0
TEST-01375,MERKATO,2025-11-10 03:00:00,5.86,8.8,0.0,93.0,7.0,0.0,0.0,0.0,3,0,10,0
TEST-02189,MERKATO,2025-11-10 04:00:00,10.01,8.3,0.0,96.0,13.5,0.0,0.0,0.0,4,0,10,0
TEST-01951,MERKATO,2025-11-10 05:00:00,21.24,9.7,0.0,79.0,10.1,0.0,0.0,0.0,5,0,10,0
TEST-02563,MERKATO,2025-11-10 06:00:00,54.42,8.0,0.0,91.0,3.1,0.0,0.0,0.0,6,0,10,0
TEST-02960,MERKATO,2025-11-10 07:00:00,80.03,12.0,0.0,90.0,10.3,0.0,0.0,0.0,7,0,10,0
TEST-03225,MERKATO,2025-11-10 08:00:00,78.02,11.9,0.0,84.0,6.6,0.0,0.0,0.0,8,0,10,0
TEST-01932,MERKATO,2025-11-10 09:00:00,85.87,15.4,0.0,80.0,14.4,0.0,0.0,0.0,9,0,10,0
TEST-02025,MERKATO,2025-11-10 10:00:00,90.74,16.1,0.0,76.0,8.3,0.0,0.0,0.0,10,0,10,0
TEST-01264,MERKATO,2025-11-10 11:00:00,100.76,17.9,0.0,73.0,9.3,0.0,0.0,0.0,11,0,10,0
TEST-02515,MERKATO,2025-11-10 12:00:00,116.79,20.8,0.0,61.0,14.6,0.0,0.0,0.0,12,0,10,0
TEST-00973,MERKATO,2025-11-10 13:00:00,111.14,21.0,0.0,58.0,5.7,0.0,0.0,0.0,13,0,10,0
TEST-03016,MERKATO,2025-11-10 14:00:00,106.86,19.7,0.0,65.0,12.9,0.0,0.0,0.0,14,0,10,0
TEST-03052,MERKATO,2025-11-10 15:00:00,107.32,21.9,0.0,63.0,17.5,0.0,0.0,0.0,15,0,10,0
TEST-00222,MERKATO,2025-11-10 16:00:00,87.98,21.4,0.0,57.0,11.8,0.0,0.0,0.0,16,0,10,0
TEST-03389,MERKATO,2025-11-10 17:00:00,72.5,20.3,0.0,60.0,6.1,0.0,0.0,0.0,17,0,10,0
TEST-02268,MERKATO,2025-11-10 18:00:00,42.49,19.6,0.0,60.0,7.3,0.0,0.0,0.0,18,0,10,0
TEST-03789,MERKATO,2025-11-10 19:00:00,22.71,17.2,0.0,71.0,26.7,0.0,0.0,0.0,19,0,10,0
TEST-02982,MERKATO,2025-11-10 20:00:00,17.43,17.9,0.0,73.0,13.0,0.0,0.0,0.0,20,0,10,0
TEST-01089,MERKATO,2025-11-10 21:00:00,10.08,14.7,0.0,74.0,6.8,0.0,0.0,0.0,21,0,10,0
TEST-01742,MERKATO,2025-11-10 22:00:00,10.2,13.8,0.0,64.0,12.1,0.0,0.0,0.0,22,0,10,0
TEST-01136,MERKATO,2025-11-10 23:00:00,3.22,12.7,0.0,86.0,7.2,0.0,0.0,0.0,23,0,10,0
TEST-00508,MERKATO,2025-11-11 00:00:00,8.34,9.1,0.0,88.0,8.6,0.0,0.0,0.0,0,1,11,0
TEST-00190,MERKATO,2025-11-11 01:00:00,6.29,8.3,0.0,82.0,11.6,0.0,0.0,0.0,1,1,11,0
TEST-01653,MERKATO,2025-11-11 02:00:00,8.18,8.5,0.0,96.0,8.6,0.0,0.0,0.0,2,1,11,0
TEST-00316,MERKATO,2025-11-11 03:00:00,7.6,6.7,0.0,95.0,15.1,0.0,0.0,0.0,3,1,11,0
TEST-00502,MERKATO,2025-11-11 04:00:00,10.12,6.9,0.0,93.0,9.0,0.0,0.0,0.0,4,1,11,0
TEST-01868,MERKATO,2025-11-11 05:00:00,21.42,8.4,0.0,86.0,11.2,0.0,0.0,0.0,5,1,11,0
TEST-03314,MERKATO,2025-11-11 06:00:00,58.49,9.4,0.0,89.0,5.8,0.0,0.0,0.0,6,1,11,0
TEST-03135,MERKATO,2025-11-11 07:00:00,94.05,9.8,0.0,91.0,5.9,0.0,0.0,0.0,7,1,11,0
TEST-00890,MERKATO,2025-11-11 08:00:00,81.57,14.0,0.0,86.0,7.8,0.0,0.0,0.0,8,1,11,0
TEST-00128,MERKATO,2025-11-11 09:00:00,81.61,15.2,0.0,82.0,6.5,0.0,0.0,0.0,9,1,11,0
TEST-03651,MERKATO,2025-11-11 10:00:00,91.82,16.4,0.0,72.0,12.1,0.0,0.0,0.0,10,1,11,0
TEST-01936,MERKATO,2025-11-11 11:00:00,108.19,17.4,0.0,66.0,11.7,0.0,0.0,0.0,11,1,11,0
TEST-00580,MERKATO,2025-11-11 12:00:00,109.31,20.1,0.0,71.0,15.1,0.0,0.0,0.0,12,1,11,0
TEST-01460,MERKATO,2025-11-11 13:00:00,102.36,19.8,0.0,77.0,9.4,0.0,0.0,0.0,13,1,11,0
TEST-02224,MERKATO,2025-11-11 14:00:00,103.63,19.6,0.0,60.0,10.7,0.0,0.0,0.0,14,1,11,0
TEST-00120,MERKATO,2025-11-11 15:00:00,99.99,22.6,0.0,58.0,12.4,0.0,0.0,0.0,15,1,11,0
TEST-02404,MERKATO,2025-11-11 16:00:00,86.89,20.6,0.0,65.0,8.9,0.0,0.0,0.0,16,1,11,0
TEST-03981,MERKATO,2025-11-11 17:00:00,71.25,20.4,0.0,62.0,8.3,0.0,0.0,0.0,17,1,11,0
TEST-00998,MERKATO,2025-11-11 18:00:00,40.25,17.1,0.0,59.0,11.2,0.0,0.0,0.0,18,1,11,0
TEST-02589,MERKATO,2025-11-11 19:00:00,25.98,17.2,0.2,67.0,9.7,1.0,0.0,0.0,19,1,11,0
TEST-01744,MERKATO,2025-11-11 20:00:00,16.78,17.3,0.0,82.0,7.2,0.0,0.0,0.0,20,1,11,0
TEST-02526,MERKATO,2025-11-11 21:00:00,12.2,13.7,0.0,85.0,11.7,0.0,0.0,0.0,21,1,11,0
TEST-00132,MERKATO,2025-11-11 22:00:00,3.13,12.6,0.0,86.0,4.0,0.0,0.0,0.0,22,1,11,0
TEST-03821,MERKATO,2025-11-11 23:00:00,4.32,12.6,0.0,80.0,9.2,0.0,0.0,0.0,23,1,11,0
TEST-03151,MERKATO,2025-11-12 00:00:00,4.03,10.2,0.0,83.0,10.5,0.0,0.0,0.0,0,2,12,0
TEST-01052,MERKATO,2025-11-12 01:00:00,4.8,10.3,0.0,83.0,11.7,0.0,0.0,0.0,1,2,12,0
TEST-01990,MERKATO,2025-11-12 02:00:00,5.85,9.2,0.0,94.0,11.6,0.0,0.0,0.0,2,2,12,0
TEST-00373,MERKATO,2025-11-12 03:00:00,5.17,7.7,0.0,95.0,6.2,0.0,0.0,0.0,3,2,12,0
TEST-03416,MERKATO,2025-11-12 04:00:00,8.28,8.1,0.0,97.0,10.8,0.0,0.0,0.0,4,2,12,0
TEST-03592,MERKATO,2025-11-12 05:00:00,18.99,7.4,0.0,95.0,4.4,0.0,0.0,0.0,5,2,12,0
TEST-01053,MERKATO,2025-11-12 06:00:00,57.95,11.2,0.0,88.0,9.0,0.0,0.0,0.0,6,2,12,0
TEST-02052,MERKATO,2025-11-12 07:00:00,100.55,10.5,0.0,79.0,18.7,0.0,0.0,0.0,7,2,12,0
TEST-01030,MERKATO,2025-11-12 08:00:00,77.98,12.7,0.0,85.0,11.2,0.0,0.0,0.0,8,2,12,0
TEST-00066,MERKATO,2025-11-12 09:00:00,77.94,13.1,2.6,82.0,10.4,1.0,0.0,0.0,9,2,12,0
TEST-01204,MERKATO,2025-11-12 10:00:00,90.45,16.7,0.0,71.0,12.3,0.0,0.0,0.0,10,2,12,0
TEST-01321,MERKATO,2025-11-12 11:00:00,104.88,18.4,0.2,67.0,5.5,1.0,0.0,0.0,11,2,12,0
TEST-00185,MERKATO,2025-11-12 12:00:00,106.43,18.0,0.0,62.0,13.0,0.0,0.0,0.0,12,2,12,0
TEST-00289,MERKATO,2025-11-12 13:00:00,106.41,21.7,0.0,60.0,6.5,0.0,0.0,0.0,13,2,12,0
TEST-00583,MERKATO,2025-11-12 14:00:00,103.92,21.6,0.0,75.0,12.5,0.0,0.0,0.0,14,2,12,0
TEST-02915,MERKATO,2025-11-12 15:00:00,96.28,21.4,0.1,71.0,10.6,1.0,0.0,0.0,15,2,12,0
TEST-03992,MERKATO,2025-11-12 16:00:00,81.04,21.9,0.0,59.0,5.2,0.0,0.0,0.0,16,2,12,0
TEST-02176,MERKATO,2025-11-12 17:00:00,68.47,18.9,0.0,66.0,14.0,0.0,0.0,0.0,17,2,12,0
TEST-02975,MERKATO,2025-11-12 18:00:00,40.65,17.4,0.0,68.0,6.8,0.0,0.0,0.0,18,2,12,0
TEST-03319,MERKATO,2025-11-12 19:00:00,24.21,16.5,0.0,61.0,10.2,0.0,0.0,0.0,19,2,12,0
TEST-01261,MERKATO,2025-11-12 20:00:00,22.16,16.7,0.0,64.0,8.7,0.0,0.0,0.0,20,2,12,0
TEST-00891,MERKATO,2025-11-12 21:00:00,8.13,16.1,0.0,74.0,13.8,0.0,0.0,0.0,21,2,12,0
TEST-01865,MERKATO,2025-11-12 22:00:00,9.27,13.2,1.2,71.0,14.1,1.0,0.0,0.0,22,2,12,0
TEST-03013,MERKATO,2025-11-12 23:00:00,6.14,10.6,0.0,90.0,21.8,0.0,0.0,0.0,23,2,12,0
TEST-00126,MERKATO,2025-11-13 00:00:00,5.34,10.5,0.8,88.5,8.8,1.0,0.0,0.0,0,3,13,0
TEST-02919,MERKATO,2025-11-13 01:00:00,6.46,11.2,0.0,87.0,14.0,0.0,0.0,0.0,1,3,13,0
TEST-02524,MERKATO,2025-11-13 02:00:00,9.22,9.0,0.0,99.0,14.4,0.0,0.0,0.0,2,3,13,0
TEST-01665,MERKATO,2025-11-13 03:00:00,5.81,8.9,0.0,86.0,12.7,0.0,0.0,0.0,3,3,13,0
TEST-00907,MERKATO,2025-11-13 04:00:00,6.46,7.9,1.2,96.0,5.7,1.0,0.0,0.0,4,3,13,0
TEST-00040,MERKATO,2025-11-13 05:00:00,23.13,9.1,0.0,91.0,8.1,0.0,0.0,0.0,5,3,13,0
TEST-00676,MERKATO,2025-11-13 06:00:00,58.57,9.1,0.0,99.0,5.5,0.0,0.0,0.0,6,3,13,0
TEST-03433,MERKATO,2025-11-13 07:00:00,81.59,13.4,0.0,85.0,4.7,0.0,0.0,0.0,7,3,13,0
TEST-01182,MERKATO,2025-11-13 08:00:00,92.4,15.0,0.0,77.0,14.1,0.0,0.0,0.0,8,3,13,0
TEST-01290,MERKATO,2025-11-13 09:00:00,83.39,15.1,0.0,73.0,4.6,0.0,0.0,0.0,9,3,13,0
TEST-02455,MERKATO,2025-11-13 10:00:00,90.93,18.3,0.0,62.0,8.9,0.0,0.0,0.0,10,3,13,0
TEST-00956,MERKATO,2025-11-13 11:00:00,98.34,17.4,0.0,72.0,7.7,0.0,0.0,0.0,11,3,13,0
TEST-03139,MERKATO,2025-11-13 12:00:00,105.71,18.2,0.0,64.0,13.1,0.0,0.0,0.0,12,3,13,0
TEST-03691,MERKATO,2025-11-13 13:00:00,101.55,19.0,0.8,86.0,14.7,1.0,0.0,0.0,13,3,13,0
TEST-01962,MERKATO,2025-11-13 14:00:00,92.4,19.0,3.6,75.0,4.4,1.0,0.0,0.0,14,3,13,0
TEST-03811,MERKATO,2025-11-13 15:00:00,58.15,21.2,25.7,84.0,9.8,1.0,0.0,0.0,15,3,13,0
TEST-00199,MERKATO,2025-11-13 16:00:00,67.73,19.3,3.0,85.0,9.6,1.0,0.0,0.0,16,3,13,0
TEST-00509,MERKATO,2025-11-13 17:00:00,56.55,19.3,3.6,82.0,15.5,1.0,0.0,0.0,17,3,13,0
TEST-00604,MERKATO,2025-11-13 18:00:00,33.63,19.5,3.6,82.0,9.1,1.0,0.0,0.0,18,3,13,0
TEST-01063,MERKATO,2025-11-13 19:00:00,24.87,20.5,0.3,68.0,12.0,1.0,0.0,0.0,19,3,13,0
TEST-03082,MERKATO,2025-11-13 20:00:00,15.65,16.6,0.0,62.0,16.8,0.0,0.0,0.0,20,3,13,0
TEST-03156,MERKATO,2025-11-13 21:00:00,9.0,15.2,0.0,81.0,15.7,0.0,0.0,0.0,21,3,13,0
TEST-02080,MERKATO,2025-11-13 22:00:00,4.08,14.9,0.0,87.0,24.1,0.0,0.0,0.0,22,3,13,0
TEST-00784,MERKATO,2025-11-13 23:00:00,3.12,11.9,1.0,91.0,6.9,1.0,0.0,0.0,23,3,13,0
TEST-01139,MERKATO,2025-11-14 00:00:00,7.91,12.3,0.0,82.0,8.6,0.0,0.0,0.0,0,4,14,0
TEST-02823,MERKATO,2025-11-14 01:00:00,7.73,10.9,0.0,90.0,13.8,0.0,0.0,0.0,1,4,14,0
TEST-03034,MERKATO,2025-11-14 02:00:00,2.75,9.8,0.0,97.0,3.6,0.0,0.0,0.0,2,4,14,0
TEST-02482,MERKATO,2025-11-14 03:00:00,6.14,8.9,0.0,82.0,11.6,0.0,0.0,0.0,3,4,14,0
TEST-01124,MERKATO,2025-11-14 04:00:00,12.29,9.3,0.0,92.0,15.9,0.0,0.0,0.0,4,4,14,0
TEST-02456,MERKATO,2025-11-14 05:00:00,26.43,8.8,0.0,90.0,15.5,0.0,0.0,0.0,5,4,14,0
TEST-03936,MERKATO,2025-11-14 06:00:00,63.5,12.0,0.0,77.0,12.1,0.0,0.0,0.0,6,4,14,0
TEST-00888,MERKATO,2025-11-14 07:00:00,80.78,13.5,0.0,89.0,3.7,0.0,0.0,0.0,7,4,14,0
TEST-02358,MERKATO,2025-11-14 08:00:00,84.91,14.9,0.0,78.0,22.1,0.0,0.0,0.0,8,4,14,0
TEST-02247,MERKATO,2025-11-14 09:00:00,86.28,16.7,0.0,73.0,13.2,0.0,0.0,0.0,9,4,14,0
TEST-01892,MERKATO,2025-11-14 10:00:00,93.6,18.15,0.0,69.5,13.7,0.0,0.0,0.0,10,4,14,0
TEST-02460,MERKATO,2025-11-14 11:00:00,110.53,19.6,0.0,66.0,14.2,0.0,0.0,0.0,11,4,14,0
TEST-01179,MERKATO,2025-11-14 12:00:00,104.79,21.2,0.0,60.5,7.9,0.0,0.0,0.0,12,4,14,0
TEST-01242,MERKATO,2025-11-14 13:00:00,113.55,21.5,0.0,55.0,16.1,0.0,0.0,0.0,13,4,14,0
TEST-04006,MERKATO,2025-11-14 14:00:00,109.87,22.8,0.0,62.0,15.1,0.0,0.0,0.0,14,4,14,0
TEST-03693,MERKATO,2025-11-14 15:00:00,102.94,21.7,0.0,61.0,18.0,0.0,0.0,0.0,15,4,14,0
TEST-01803,MERKATO,2025-11-14 16:00:00,86.0,22.5,0.0,66.0,18.3,0.0,0.0,0.0,16,4,14,0
TEST-01782,MERKATO,2025-11-14 17:00:00,71.42,22.4,0.0,66.0,6.5,0.0,0.0,0.0,17,4,14,0
TEST-00402,MERKATO,2025-11-14 18:00:00,39.31,20.4,0.0,61.0,10.6,0.0,0.0,0.0,18,4,14,0
TEST-02105,MERKATO,2025-11-14 19:00:00,29.71,20.1,0.0,68.0,8.1,0.0,0.0,0.0,19,4,14,0
TEST-03731,MERKATO,2025-11-14 20:00:00,16.38,17.6,0.0,71.0,6.0,0.0,0.0,0.0,20,4,14,0
TEST-00239,MERKATO,2025-11-14 21:00:00,9.62,16.1,0.0,84.0,4.4,0.0,0.0,0.0,21,4,14,0
TEST-01256,MERKATO,2025-11-14 22:00:00,6.57,14.9,0.0,78.0,3.7,0.0,0.0,0.0,22,4,14,0
TEST-00294,MERKATO,2025-11-14 23:00:00,3.11,11.5,0.0,86.0,8.4,0.0,0.0,0.0,23,4,14,0
TEST-02255,PIASSA,2025-11-01 00:00:00,5.18,14.2,0.0,85.0,5.7,0.0,0.0,0.0,0,5,1,1
TEST-02661,PIASSA,2025-11-01 01:00:00,3.09,10.9,0.0,88.0,9.8,0.0,0.0,0.0,1,5,1,1
TEST-03022,PIASSA,2025-11-01 02:00:00,4.96,11.2,0.0,83.0,9.4,0.0,0.0,0.0,2,5,1,1
TEST-03528,PIASSA,2025-11-01 03:00:00,4.82,10.4,0.0,78.0,9.8,0.0,0.0,0.0,3,5,1,1
TEST-01542,PIASSA,2025-11-01 04:00:00,4.87,11.5,0.0,83.0,13.4,0.0,0.0,0.0,4,5,1,1
TEST-02139,PIASSA,2025-11-01 05:00:00,4.4,12.2,0.0,87.0,7.0,0.0,0.0,0.0,5,5,1,1
TEST-00309,PIASSA,2025-11-01 06:00:00,6.64,13.2,0.0,84.0,7.8,0.0,0.0,0.0,6,5,1,1
TEST-03639,PIASSA,2025-11-01 07:00:00,13.07,15.1,0.0,67.0,13.3,0.0,0.0,0.0,7,5,1,1
TEST-01971,PIASSA,2025-11-01 08:00:00,18.64,16.1,0.0,79.0,8.0,0.0,0.0,0.0,8,5,1,1
TEST-03196,PIASSA,2025-11-01 09:00:00,22.39,17.8,0.0,69.0,7.8,0.0,0.0,0.0,9,5,1,1
TEST-00068,PIASSA,2025-11-01 10:00:00,25.64,19.3,0.0,67.0,7.2,0.0,0.0,0.0,10,5,1,1
TEST-00119,PIASSA,2025-11-01 11:00:00,27.71,21.1,0.0,59.0,14.6,0.0,0.0,0.0,11,5,1,1
TEST-03325,PIASSA,2025-11-01 12:00:00,33.03,22.9,0.0,56.0,6.1,0.0,0.0,0.0,12,5,1,1
TEST-02931,PIASSA,2025-11-01 13:00:00,32.85,21.8,0.0,48.0,17.9,0.0,0.0,0.0,13,5,1,1
TEST-00965,PIASSA,2025-11-01 14:00:00,29.69,25.5,0.0,54.0,8.3,0.0,0.0,0.0,14,5,1,1
TEST-00135,PIASSA,2025-11-01 15:00:00,32.77,23.9,0.0,56.0,6.4,0.0,0.0,0.0,15,5,1,1
TEST-01770,PIASSA,2025-11-01 16:00:00,32.18,24.2,0.0,51.0,4.1,0.0,0.0,0.0,16,5,1,1
TEST-01632,PIASSA,2025-11-01 17:00:00,32.99,22.8,0.0,60.0,7.1,0.0,0.0,0.0,17,5,1,1
TEST-03630,PIASSA,2025-11-01 18:00:00,38.32,22.4,0.0,65.0,9.3,0.0,0.0,0.0,18,5,1,1
TEST-03828,PIASSA,2025-11-01 19:00:00,40.48,22.8,0.0,56.0,21.6,0.0,0.0,0.0,19,5,1,1
TEST-02114,PIASSA,2025-11-01 20:00:00,39.32,20.1,0.0,64.0,10.9,0.0,0.0,0.0,20,5,1,1
TEST-02790,PIASSA,2025-11-01 21:00:00,30.05,17.0,0.0,65.0,12.9,0.0,0.0,0.0,21,5,1,1
TEST-00867,PIASSA,2025-11-01 22:00:00,16.03,15.4,0.0,73.0,11.0,0.0,0.0,0.0,22,5,1,1
TEST-02551,PIASSA,2025-11-01 23:00:00,10.82,14.6,0.0,80.0,14.1,0.0,0.0,0.0,23,5,1,1
TEST-00241,PIASSA,2025-11-02 00:00:00,3.0,13.1,0.0,84.0,14.9,0.0,0.0,0.0,0,6,2,1
TEST-03737,PIASSA,2025-11-02 01:00:00,3.07,11.0,0.0,84.0,3.8,0.0,0.0,0.0,1,6,2,1
TEST-00327,PIASSA,2025-11-02 02:00:00,4.61,10.7,0.0,82.0,16.2,0.0,0.0,0.0,2,6,2,1
TEST-03095,PIASSA,2025-11-02 03:00:00,3.92,11.0,0.0,81.0,11.9,0.0,0.0,0.0,3,6,2,1
TEST-03628,PIASSA,2025-11-02 04:00:00,1.73,11.7,0.0,94.0,10.4,0.0,0.0,0.0,4,6,2,1
TEST-00409,PIASSA,2025-11-02 05:00:00,7.4,11.9,0.0,82.0,16.0,0.0,0.0,0.0,5,6,2,1
TEST-02943,PIASSA,2025-11-02 06:00:00,9.6,12.9,0.0,73.0,12.7,0.0,0.0,0.0,6,6,2,1
TEST-01478,PIASSA,2025-11-02 07:00:00,13.99,16.0,0.0,83.0,9.1,0.0,0.0,0.0,7,6,2,1
TEST-01423,PIASSA,2025-11-02 08:00:00,16.7,16.1,0.0,74.0,17.1,0.0,0.0,0.0,8,6,2,1
TEST-00553,PIASSA,2025-11-02 09:00:00,27.96,18.5,0.2,67.0,11.2,1.0,0.0,0.0,9,6,2,1
TEST-01016,PIASSA,2025-11-02 10:00:00,28.62,20.1,0.0,65.0,13.7,0.0,0.0,0.0,10,6,2,1
TEST-01408,PIASSA,2025-11-02 11:00:00,31.17,21.5,0.0,60.0,15.3,0.0,0.0,0.0,11,6,2,1
TEST-03747,PIASSA,2025-11-02 12:00:00,39.34,23.5,0.3,53.0,5.6,1.0,0.0,0.0,12,6,2,1
TEST-01690,PIASSA,2025-11-02 13:00:00,37.91,24.2,0.15,57.5,5.25,1.0,0.0,0.0,13,6,2,1
TEST-01304,PIASSA,2025-11-02 14:00:00,29.19,24.9,0.0,62.0,4.9,0.0,0.0,0.0,14,6,2,1
TEST-00069,PIASSA,2025-11-02 15:00:00,33.61,24.3,0.6,69.0,15.0,1.0,0.0,0.0,15,6,2,1
TEST-02236,PIASSA,2025-11-02 16:00:00,33.24,24.9,0.0,56.0,6.9,0.0,0.0,0.0,16,6,2,1
TEST-03726,PIASSA,2025-11-02 17:00:00,60.13,22.8,13.0,65.0,4.1,1.0,0.0,0.0,17,6,2,1
TEST-01673,PIASSA,2025-11-02 18:00:00,43.29,23.7,0.0,57.0,12.0,0.0,0.0,0.0,18,6,2,1
TEST-01647,PIASSA,2025-11-02 19:00:00,38.31,21.0,0.0,60.0,8.6,0.0,0.0,0.0,19,6,2,1
TEST-02940,PIASSA,2025-11-02 20:00:00,39.23,18.9,0.0,62.0,20.8,0.0,0.0,0.0,20,6,2,1
TEST-03237,PIASSA,2025-11-02 21:00:00,27.1,18.3,0.0,64.0,6.8,0.0,0.0,0.0,21,6,2,1
TEST-02290,PIASSA,2025-11-02 22:00:00,15.6,15.6,0.0,72.0,13.5,0.0,0.0,0.0,22,6,2,1
TEST-00582,PIASSA,2025-11-02 23:00:00,10.02,15.7,0.0,75.0,8.9,0.0,0.0,0.0,23,6,2,1
TEST-01537,PIASSA,2025-11-03 00:00:00,6.27,13.8,0.0,80.0,15.5,0.0,0.0,0.0,0,0,3,0
TEST-02200,PIASSA,2025-11-03 01:00:00,1.76,11.9,0.0,86.0,7.5,0.0,0.0,0.0,1,0,3,0
TEST-02356,PIASSA,2025-11-03 02:00:00,4.92,12.9,0.0,78.0,7.0,0.0,0.0,0.0,2,0,3,0
TEST-01297,PIASSA,2025-11-03 03:00:00,6.16,14.3,0.0,85.0,14.8,0.0,0.0,0.0,3,0,3,0
TEST-03962,PIASSA,2025-11-03 04:00:00,1.56,12.4,0.0,84.0,7.4,0.0,0.0,0.0,4,0,3,0
TEST-03699,PIASSA,2025-11-03 05:00:00,5.38,12.8,0.0,84.0,7.8,0.0,0.0,0.0,5,0,3,0
TEST-02361,PIASSA,2025-11-03 06:00:00,25.05,14.2,0.0,82.0,13.7,0.0,0.0,0.0,6,0,3,0
TEST-00993,PIASSA,2025-11-03 07:00:00,61.49,15.2,0.0,65.0,10.3,0.0,0.0,0.0,7,0,3,0
TEST-00518,PIASSA,2025-11-03 08:00:00,75.9,16.0,0.0,69.0,10.7,0.0,0.0,0.0,8,0,3,0
TEST-01112,PIASSA,2025-11-03 09:00:00,54.99,19.9,0.0,71.0,12.8,0.0,0.0,0.0,9,0,3,0
TEST-00694,PIASSA,2025-11-03 10:00:00,30.4,18.0,0.0,64.0,17.1,0.0,0.0,0.0,10,0,3,0
TEST-00034,PIASSA,2025-11-03 11:00:00,27.36,19.9,0.0,67.0,12.1,0.0,0.0,0.0,11,0,3,0
TEST-01514,PIASSA,2025-11-03 12:00:00,39.22,22.8,0.0,58.0,7.2,0.0,0.0,0.0,12,0,3,0
TEST-01682,PIASSA,2025-11-03 13:00:00,50.91,24.8,0.0,54.0,12.6,0.0,0.0,0.0,13,0,3,0
TEST-00215,PIASSA,2025-11-03 14:00:00,46.7,24.8,0.0,46.0,13.3,0.0,0.0,0.0,14,0,3,0
TEST-01167,PIASSA,2025-11-03 15:00:00,53.23,25.6,0.0,41.0,11.9,0.0,0.0,0.0,15,0,3,0
TEST-02183,PIASSA,2025-11-03 16:00:00,58.34,25.3,0.0,51.0,15.5,0.0,0.0,0.0,16,0,3,0
TEST-00541,PIASSA,2025-11-03 17:00:00,92.84,24.0,0.0,55.0,11.0,0.0,0.0,0.0,17,0,3,0
TEST-03533,PIASSA,2025-11-03 18:00:00,98.76,24.4,0.0,61.0,8.3,0.0,0.0,0.0,18,0,3,0
TEST-00494,PIASSA,2025-11-03 19:00:00,78.83,21.6,0.0,63.0,7.9,0.0,0.0,0.0,19,0,3,0
TEST-00988,PIASSA,2025-11-03 20:00:00,63.98,19.8,0.0,60.0,7.7,0.0,0.0,0.0,20,0,3,0
TEST-00709,PIASSA,2025-11-03 21:00:00,35.65,19.9,0.0,61.0,6.6,0.0,0.0,0.0,21,0,3,0
TEST-00138,PIASSA,2025-11-03 22:00:00,22.29,18.3,0.0,66.0,10.8,0.0,0.0,0.0,22,0,3,0
TEST-00944,PIASSA,2025-11-03 23:00:00,9.73,13.7,0.0,87.0,5.8,0.0,0.0,0.0,23,0,3,0
TEST-03867,PIASSA,2025-11-04 00:00:00,5.7,12.9,0.0,72.0,13.9,0.0,0.0,0.0,0,1,4,0
TEST-03948,PIASSA,2025-11-04 01:00:00,5.95,13.2,0.0,69.0,9.0,0.0,0.0,0.0,1,1,4,0
TEST-01176,PIASSA,2025-11-04 02:00:00,5.55,11.8,0.0,78.0,10.9,0.0,0.0,0.0,2,1,4,0
TEST-03206,PIASSA,2025-11-04 03:00:00,1.57,11.5,0.0,89.0,15.9,0.0,0.0,0.0,3,1,4,0
TEST-02787,PIASSA,2025-11-04 04:00:00,2.15,11.2,0.3,85.0,7.5,1.0,0.0,0.0,4,1,4,0
TEST-01002,PIASSA,2025-11-04 05:00:00,6.93,13.2,0.0,86.0,8.4,0.0,0.0,0.0,5,1,4,0
TEST-02965,PIASSA,2025-11-04 06:00:00,26.54,14.0,0.0,81.0,10.9,0.0,0.0,0.0,6,1,4,0
TEST-02159,PIASSA,2025-11-04 07:00:00,65.03,14.7,0.0,81.0,13.7,0.0,0.0,0.0,7,1,4,0
TEST-00905,PIASSA,2025-11-04 08:00:00,73.45,16.9,0.0,71.0,16.3,0.0,0.0,0.0,8,1,4,0
TEST-02985,PIASSA,2025-11-04 09:00:00,54.56,18.5,0.0,64.0,13.7,0.0,0.0,0.0,9,1,4,0
TEST-01147,PIASSA,2025-11-04 10:00:00,29.97,21.5,0.0,68.0,8.7,0.0,0.0,0.0,10,1,4,0
TEST-01120,PIASSA,2025-11-04 11:00:00,29.0,22.0,0.0,61.0,6.6,0.0,0.0,0.0,11,1,4,0
TEST-00882,PIASSA,2025-11-04 12:00:00,41.6,23.7,0.0,63.0,12.5,0.0,0.0,0.0,12,1,4,0
TEST-03081,PIASSA,2025-11-04 13:00:00,56.92,23.6,0.3,54.0,14.0,1.0,0.0,0.0,13,1,4,0
TEST-02222,PIASSA,2025-11-04 14:00:00,57.58,26.3,0.0,45.0,6.6,0.0,0.0,0.0,14,1,4,0
TEST-00714,PIASSA,2025-11-04 15:00:00,44.53,25.2,0.0,51.0,9.0,0.0,0.0,0.0,15,1,4,0
TEST-03296,PIASSA,2025-11-04 16:00:00,83.26,25.5,0.3,42.0,8.6,1.0,0.0,0.0,16,1,4,0
TEST-00934,PIASSA,2025-11-04 17:00:00,91.6,24.1,0.0,54.0,12.8,0.0,0.0,0.0,17,1,4,0
TEST-02134,PIASSA,2025-11-04 18:00:00,93.56,22.9,0.0,45.0,12.4,0.0,0.0,0.0,18,1,4,0
TEST-02639,PIASSA,2025-11-04 19:00:00,80.4,23.6,0.0,57.0,20.6,0.0,0.0,0.0,19,1,4,0
TEST-01162,PIASSA,2025-11-04 20:00:00,62.12,21.1,0.0,69.0,7.7,0.0,0.0,0.0,20,1,4,0
TEST-02917,PIASSA,2025-11-04 21:00:00,36.16,18.6,0.0,70.0,15.3,0.0,0.0,0.0,21,1,4,0
TEST-00159,PIASSA,2025-11-04 22:00:00,22.32,17.5,0.0,69.0,10.0,0.0,0.0,0.0,22,1,4,0
TEST-02853,PIASSA,2025-11-04 23:00:00,10.68,16.9,0.0,70.0,6.0,0.0,0.0,0.0,23,1,4,0
TEST-02281,PIASSA,2025-11-05 00:00:00,6.94,13.8,0.0,80.0,9.9,0.0,0.0,0.0,0,2,5,0
TEST-02394,PIASSA,2025-11-05 01:00:00,3.88,12.6,0.0,78.0,5.0,0.0,0.0,0.0,1,2,5,0
TEST-03258,PIASSA,2025-11-05 02:00:00,7.38,11.2,0.0,77.0,25.5,0.0,0.0,0.0,2,2,5,0
TEST-02716,PIASSA,2025-11-05 03:00:00,4.35,12.3,0.0,83.0,12.9,0.0,0.0,0.0,3,2,5,0
TEST-02350,PIASSA,2025-11-05 04:00:00,5.4,12.9,0.0,80.0,8.5,0.0,0.0,0.0,4,2,5,0
TEST-02400,PIASSA,2025-11-05 05:00:00,5.78,13.0,0.0,86.0,13.5,0.0,0.0,0.0,5,2,5,0
TEST-02611,PIASSA,2025-11-05 06:00:00,26.35,13.9,0.0,75.0,9.9,0.0,0.0,0.0,6,2,5,0
TEST-01944,PIASSA,2025-11-05 07:00:00,57.26,15.7,0.0,86.0,7.4,0.0,0.0,0.0,7,2,5,0
TEST-03687,PIASSA,2025-11-05 08:00:00,72.5,18.0,0.0,72.0,7.8,0.0,0.0,0.0,8,2,5,0
TEST-01029,PIASSA,2025-11-05 09:00:00,53.95,19.3,0.0,61.0,12.6,0.0,0.0,0.0,9,2,5,0
TEST-02555,PIASSA,2025-11-05 10:00:00,30.93,20.7,0.0,61.0,11.2,0.0,0.0,0.0,10,2,5,0
TEST-01918,PIASSA,2025-11-05 11:00:00,27.83,21.1,0.0,65.0,8.2,0.0,0.0,0.0,11,2,5,0
TEST-03119,PIASSA,2025-11-05 12:00:00,41.73,23.8,0.0,58.0,15.0,0.0,0.0,0.0,12,2,5,0
TEST-03224,PIASSA,2025-11-05 13:00:00,49.42,22.9,0.0,56.0,7.5,0.0,0.0,0.0,13,2,5,0
TEST-02479,PIASSA,2025-11-05 14:00:00,46.24,25.2,0.0,53.0,8.3,0.0,0.0,0.0,14,2,5,0
TEST-04017,PIASSA,2025-11-05 15:00:00,47.6,24.1,0.0,45.0,20.0,0.0,0.0,0.0,15,2,5,0
TEST-02170,PIASSA,2025-11-05 16:00:00,65.54,25.4,0.0,56.0,5.1,0.0,0.0,0.0,16,2,5,0
TEST-03509,PIASSA,2025-11-05 17:00:00,89.93,24.9,0.0,49.0,8.3,0.0,0.0,0.0,17,2,5,0
TEST-01372,PIASSA,2025-11-05 18:00:00,95.01,23.5,0.0,63.0,11.8,0.0,0.0,0.0,18,2,5,0
TEST-00786,PIASSA,2025-11-05 19:00:00,76.47,20.8,0.0,55.0,12.0,0.0,0.0,0.0,19,2,5,0
TEST-00243,PIASSA,2025-11-05 20:00:00,57.13,17.9,0.0,54.0,10.9,0.0,0.0,0.0,20,2,5,0
TEST-00026,PIASSA,2025-11-05 21:00:00,33.16,17.1,0.0,70.0,7.0,0.0,0.0,0.0,21,2,5,0
TEST-02665,PIASSA,2025-11-05 22:00:00,21.42,16.1,0.0,65.0,10.1,0.0,0.0,0.0,22,2,5,0
TEST-00286,PIASSA,2025-11-05 23:00:00,13.0,14.7,0.0,70.0,8.1,0.0,0.0,0.0,23,2,5,0
TEST-01758,PIASSA,2025-11-06 00:00:00,1.56,10.6,0.0,85.0,11.6,0.0,0.0,0.0,0,3,6,0
TEST-00386,PIASSA,2025-11-06 01:00:00,1.43,10.5,0.0,85.0,10.5,0.0,0.0,0.0,1,3,6,0
TEST-01385,PIASSA,2025-11-06 02:00:00,1.95,9.8,0.0,91.0,11.0,0.0,0.0,0.0,2,3,6,0
TEST-00587,PIASSA,2025-11-06 03:00:00,2.09,12.0,0.1,89.0,11.9,1.0,0.0,0.0,3,3,6,0
TEST-02527,PIASSA,2025-11-06 04:00:00,4.67,12.1,0.05,81.5,9.95,1.0,0.0,0.0,4,3,6,0
TEST-03734,PIASSA,2025-11-06 05:00:00,6.9,12.2,0.0,74.0,8.0,0.0,0.0,0.0,5,3,6,0
TEST-02160,PIASSA,2025-11-06 06:00:00,25.16,13.0,0.0,82.0,12.5,0.0,0.0,0.0,6,3,6,0
TEST-02824,PIASSA,2025-11-06 07:00:00,59.47,14.3,0.0,71.0,13.1,0.0,0.0,0.0,7,3,6,0
TEST-03971,PIASSA,2025-11-06 08:00:00,71.34,17.7,0.0,69.0,15.0,0.0,0.0,0.0,8,3,6,0
TEST-00695,PIASSA,2025-11-06 09:00:00,54.09,18.8,0.0,65.0,7.3,0.0,0.0,0.0,9,3,6,0
TEST-01494,PIASSA,2025-11-06 10:00:00,29.24,19.3,0.0,69.0,6.9,0.0,0.0,0.0,10,3,6,0
TEST-00127,PIASSA,2025-11-06 11:00:00,25.31,19.4,0.0,57.0,8.3,0.0,0.0,0.0,11,3,6,0
TEST-03010,PIASSA,2025-11-06 12:00:00,42.33,20.4,0.0,52.0,17.3,0.0,0.0,0.0,12,3,6,0
TEST-00391,PIASSA,2025-11-06 13:00:00,49.6,23.2,0.0,58.0,7.7,0.0,0.0,0.0,13,3,6,0
TEST-03880,PIASSA,2025-11-06 14:00:00,47.13,25.1,0.0,51.0,6.2,0.0,0.0,0.0,14,3,6,0
TEST-02425,PIASSA,2025-11-06 15:00:00,47.74,27.0,0.0,58.0,7.5,0.0,0.0,0.0,15,3,6,0
TEST-03587,PIASSA,2025-11-06 16:00:00,60.16,25.7,0.0,49.0,12.2,0.0,0.0,0.0,16,3,6,0
TEST-01885,PIASSA,2025-11-06 17:00:00,86.48,22.1,0.0,65.0,8.6,0.0,0.0,0.0,17,3,6,0
TEST-03759,PIASSA,2025-11-06 18:00:00,94.98,21.1,0.0,59.0,16.7,0.0,0.0,0.0,18,3,6,0
TEST-00918,PIASSA,2025-11-06 19:00:00,77.3,20.6,0.0,64.0,9.3,0.0,0.0,0.0,19,3,6,0
TEST-03253,PIASSA,2025-11-06 20:00:00,54.41,19.2,0.0,66.0,14.1,0.0,0.0,0.0,20,3,6,0
TEST-03824,PIASSA,2025-11-06 21:00:00,34.2,15.9,0.0,65.0,7.8,0.0,0.0,0.0,21,3,6,0
TEST-02209,PIASSA,2025-11-06 22:00:00,18.14,16.5,0.0,76.0,8.2,0.0,0.0,0.0,22,3,6,0
TEST-01646,PIASSA,2025-11-06 23:00:00,9.91,15.8,0.0,76.0,12.3,0.0,0.0,0.0,23,3,6,0
TEST-00303,PIASSA,2025-11-07 00:00:00,2.04,12.4,0.0,86.0,4.7,0.0,0.0,0.0,0,4,7,0
TEST-03185,PIASSA,2025-11-07 01:00:00,1.98,11.8,0.0,85.0,11.0,0.0,0.0,0.0,1,4,7,0
TEST-01070,PIASSA,2025-11-07 02:00:00,1.91,11.9,0.0,92.0,6.4,0.0,0.0,0.0,2,4,7,0
TEST-03787,PIASSA,2025-11-07 03:00:00,1.21,10.7,0.0,87.0,11.2,0.0,0.0,0.0,3,4,7,0
TEST-00483,PIASSA,2025-11-07 04:00:00,1.57,10.1,0.0,84.0,6.8,0.0,0.0,0.0,4,4,7,0
TEST-02210,PIASSA,2025-11-07 05:00:00,10.03,13.5,0.0,77.0,13.1,0.0,0.0,0.0,5,4,7,0
TEST-03997,PIASSA,2025-11-07 06:00:00,25.82,14.0,0.0,75.0,8.5,0.0,0.0,0.0,6,4,7,0
TEST-00184,PIASSA,2025-11-07 07:00:00,61.84,13.9,0.0,87.0,13.4,0.0,0.0,0.0,7,4,7,0
TEST-01749,PIASSA,2025-11-07 08:00:00,78.86,15.3,1.2,74.0,12.2,1.0,0.0,0.0,8,4,7,0
TEST-03571,PIASSA,2025-11-07 09:00:00,54.31,19.4,0.0,66.5,8.5,0.0,0.0,0.0,9,4,7,0
TEST-00261,PIASSA,2025-11-07 10:00:00,29.31,19.4,0.0,59.0,4.9,0.0,0.0,0.0,10,4,7,0
TEST-02624,PIASSA,2025-11-07 11:00:00,28.09,20.3,0.0,71.0,9.9,0.0,0.0,0.0,11,4,7,0
TEST-01555,PIASSA,2025-11-07 12:00:00,42.48,21.5,0.0,57.0,11.8,0.0,0.0,0.0,12,4,7,0
TEST-02514,PIASSA,2025-11-07 13:00:00,52.46,23.1,0.0,50.0,18.1,0.0,0.0,0.0,13,4,7,0
TEST-00797,PIASSA,2025-11-07 14:00:00,53.44,23.2,0.0,44.0,13.3,0.0,0.0,0.0,14,4,7,0
TEST-02405,PIASSA,2025-11-07 15:00:00,47.61,24.9,0.0,58.0,7.4,0.0,0.0,0.0,15,4,7,0
TEST-03429,PIASSA,2025-11-07 16:00:00,63.31,25.7,0.0,52.0,11.2,0.0,0.0,0.0,16,4,7,0
TEST-02042,PIASSA,2025-11-07 17:00:00,94.09,23.4,0.0,64.0,14.9,0.0,0.0,0.0,17,4,7,0
TEST-02291,PIASSA,2025-11-07 18:00:00,103.34,22.1,0.0,65.0,13.0,0.0,0.0,0.0,18,4,7,0
TEST-02097,PIASSA,2025-11-07 19:00:00,84.72,20.2,0.0,67.0,11.6,0.0,0.0,0.0,19,4,7,0
TEST-01339,PIASSA,2025-11-07 20:00:00,67.23,21.5,0.0,63.0,26.2,0.0,0.0,0.0,20,4,7,0
TEST-02794,PIASSA,2025-11-07 21:00:00,34.38,17.0,0.0,69.0,7.2,0.0,0.0,0.0,21,4,7,0
TEST-03066,PIASSA,2025-11-07 22:00:00,18.1,16.0,0.0,81.0,19.3,0.0,0.0,0.0,22,4,7,0
TEST-02816,PIASSA,2025-11-07 23:00:00,8.68,12.8,0.0,77.0,10.2,0.0,0.0,0.0,23,4,7,0
TEST-00322,PIASSA,2025-11-08 00:00:00,6.25,12.9,0.0,79.0,10.5,0.0,0.0,0.0,0,5,8,1
TEST-01043,PIASSA,2025-11-08 01:00:00,5.9,12.3,0.0,84.0,15.4,0.0,0.0,0.0,1,5,8,1
TEST-03113,PIASSA,2025-11-08 02:00:00,5.16,11.6,0.0,83.0,5.4,0.0,0.0,0.0,2,5,8,1
TEST-01208,PIASSA,2025-11-08 03:00:00,4.81,10.5,0.0,95.0,13.8,0.0,0.0,0.0,3,5,8,1
TEST-01795,PIASSA,2025-11-08 04:00:00,4.07,9.8,0.0,84.0,7.3,0.0,0.0,0.0,4,5,8,1
TEST-02846,PIASSA,2025-11-08 05:00:00,6.58,11.1,0.0,85.0,18.7,0.0,0.0,0.0,5,5,8,1
TEST-03945,PIASSA,2025-11-08 06:00:00,7.84,12.5,0.0,77.0,19.2,0.0,0.0,0.0,6,5,8,1
TEST-00955,PIASSA,2025-11-08 07:00:00,10.7,13.3,0.0,71.0,9.1,0.0,0.0,0.0,7,5,8,1
TEST-00248,PIASSA,2025-11-08 08:00:00,18.1,14.5,0.0,73.0,7.0,0.0,0.0,0.0,8,5,8,1
TEST-00643,PIASSA,2025-11-08 09:00:00,20.65,19.1,0.0,63.0,13.4,0.0,0.0,0.0,9,5,8,1
TEST-03769,PIASSA,2025-11-08 10:00:00,25.66,19.3,0.0,66.0,6.4,0.0,0.0,0.0,10,5,8,1
TEST-02689,PIASSA,2025-11-08 11:00:00,27.19,20.9,0.0,60.0,3.8,0.0,0.0,0.0,11,5,8,1
TEST-02163,PIASSA,2025-11-08 12:00:00,33.77,22.7,0.0,65.0,20.3,0.0,0.0,0.0,12,5,8,1
TEST-03532,PIASSA,2025-11-08 13:00:00,37.04,24.0,0.0,58.0,6.3,0.0,0.0,0.0,13,5,8,1
TEST-01906,PIASSA,2025-11-08 14:00:00,28.07,23.1,0.0,61.0,12.4,0.0,0.0,0.0,14,5,8,1
TEST-03315,PIASSA,2025-11-08 15:00:00,27.53,23.0,0.0,60.0,5.8,0.0,0.0,0.0,15,5,8,1
TEST-02203,PIASSA,2025-11-08 16:00:00,31.78,23.4,0.0,59.0,8.4,0.0,0.0,0.0,16,5,8,1
TEST-00438,PIASSA,2025-11-08 17:00:00,35.1,23.2,0.0,56.0,7.7,0.0,0.0,0.0,17,5,8,1
TEST-00225,PIASSA,2025-11-08 18:00:00,36.79,22.9,0.0,56.0,15.4,0.0,0.0,0.0,18,5,8,1
TEST-01440,PIASSA,2025-11-08 19:00:00,36.02,21.35,0.0,63.0,14.0,0.0,0.0,0.0,19,5,8,1
TEST-03241,PIASSA,2025-11-08 20:00:00,41.36,19.8,0.0,70.0,12.6,0.0,0.0,0.0,20,5,8,1
TEST-00268,PIASSA,2025-11-08 21:00:00,28.1,17.7,0.0,73.0,8.6,0.0,0.0,0.0,21,5,8,1
TEST-03358,PIASSA,2025-11-08 22:00:00,15.85,15.2,0.0,75.0,9.0,0.0,0.0,0.0,22,5,8,1
TEST-00765,PIASSA,2025-11-08 23:00:00,10.07,14.2,0.0,81.0,3.8,0.0,0.0,0.0,23,5,8,1
TEST-00937,PIASSA,2025-11-09 00:00:00,5.23,11.3,0.0,83.0,11.4,0.0,0.0,0.0,0,6,9,1
TEST-02140,PIASSA,2025-11-09 01:00:00,5.5,9.3,0.0,89.0,8.3,0.0,0.0,0.0,1,6,9,1
TEST-02166,PIASSA,2025-11-09 02:00:00,5.33,9.1,0.0,91.0,13.7,0.0,0.0,0.0,2,6,9,1
TEST-03642,PIASSA,2025-11-09 03:00:00,4.16,9.3,0.0,92.0,12.9,0.0,0.0,0.0,3,6,9,1
TEST-02579,PIASSA,2025-11-09 04:00:00,4.2,9.3,0.0,88.0,9.5,0.0,0.0,0.0,4,6,9,1
TEST-00436,PIASSA,2025-11-09 05:00:00,6.69,9.5,0.0,97.0,17.2,0.0,0.0,0.0,5,6,9,1
TEST-01929,PIASSA,2025-11-09 06:00:00,6.55,10.85,0.0,86.5,10.45,0.0,0.0,0.0,6,6,9,1
TEST-01210,PIASSA,2025-11-09 07:00:00,12.15,12.2,0.0,76.0,3.7,0.0,0.0,0.0,7,6,9,1
TEST-02954,PIASSA,2025-11-09 08:00:00,18.46,15.2,0.0,77.0,6.7,0.0,0.0,0.0,8,6,9,1
TEST-00581,PIASSA,2025-11-09 09:00:00,20.84,16.1,0.0,78.0,12.7,0.0,0.0,0.0,9,6,9,1
TEST-01718,PIASSA,2025-11-09 10:00:00,26.81,18.3,0.0,63.0,11.6,0.0,0.0,0.0,10,6,9,1
TEST-02580,PIASSA,2025-11-09 11:00:00,30.47,19.9,0.0,64.0,12.1,0.0,0.0,0.0,11,6,9,1
TEST-01105,PIASSA,2025-11-09 12:00:00,32.35,19.0,0.0,63.0,12.1,0.0,0.0,0.0,12,6,9,1
TEST-02145,PIASSA,2025-11-09 13:00:00,37.87,21.4,0.0,53.0,10.2,0.0,0.0,0.0,13,6,9,1
TEST-00285,PIASSA,2025-11-09 14:00:00,28.09,23.0,0.0,56.0,8.6,0.0,0.0,0.0,14,6,9,1
TEST-03748,PIASSA,2025-11-09 15:00:00,28.13,23.9,0.0,61.0,12.4,0.0,0.0,0.0,15,6,9,1
TEST-03518,PIASSA,2025-11-09 16:00:00,31.92,20.6,0.0,62.0,8.2,0.0,0.0,0.0,16,6,9,1
TEST-03889,PIASSA,2025-11-09 17:00:00,34.05,20.8,0.0,59.0,22.5,0.0,0.0,0.0,17,6,9,1
TEST-00741,PIASSA,2025-11-09 18:00:00,37.43,21.2,0.0,70.0,11.9,0.0,0.0,0.0,18,6,9,1
TEST-01899,PIASSA,2025-11-09 19:00:00,37.23,20.4,0.0,64.0,10.6,0.0,0.0,0.0,19,6,9,1
TEST-01223,PIASSA,2025-11-09 20:00:00,37.17,15.6,0.0,73.0,7.2,0.0,0.0,0.0,20,6,9,1
TEST-02411,PIASSA,2025-11-09 21:00:00,28.87,17.4,0.0,79.0,13.2,0.0,0.0,0.0,21,6,9,1
TEST-01281,PIASSA,2025-11-09 22:00:00,14.5,15.9,0.0,82.0,12.5,0.0,0.0,0.0,22,6,9,1
TEST-00828,PIASSA,2025-11-09 23:00:00,9.03,14.7,0.0,85.0,15.0,0.0,0.0,0.0,23,6,9,1
TEST-01131,PIASSA,2025-11-10 00:00:00,5.9,10.3,0.0,90.0,11.9,0.0,0.0,0.0,0,0,10,0
TEST-00214,PIASSA,2025-11-10 01:00:00,7.57,7.8,2.1,94.0,7.5,1.0,0.0,0.0,1,0,10,0
TEST-00462,PIASSA,2025-11-10 02:00:00,6.58,8.8,0.0,90.0,13.7,0.0,0.0,0.0,2,0,10,0
TEST-01322,PIASSA,2025-11-10 03:00:00,5.22,8.8,0.0,93.0,7.0,0.0,0.0,0.0,3,0,10,0
TEST-01069,PIASSA,2025-11-10 04:00:00,4.5,8.3,0.0,96.0,13.5,0.0,0.0,0.0,4,0,10,0
TEST-00798,PIASSA,2025-11-10 05:00:00,7.43,9.7,0.0,79.0,10.1,0.0,0.0,0.0,5,0,10,0
TEST-00016,PIASSA,2025-11-10 06:00:00,21.95,8.0,0.0,91.0,3.1,0.0,0.0,0.0,6,0,10,0
TEST-03540,PIASSA,2025-11-10 07:00:00,56.36,12.0,0.0,90.0,10.3,0.0,0.0,0.0,7,0,10,0
TEST-03461,PIASSA,2025-11-10 08:00:00,72.92,11.9,0.0,84.0,6.6,0.0,0.0,0.0,8,0,10,0
TEST-01757,PIASSA,2025-11-10 09:00:00,55.64,15.4,0.0,80.0,14.4,0.0,0.0,0.0,9,0,10,0
TEST-02415,PIASSA,2025-11-10 10:00:00,29.44,16.1,0.0,76.0,8.3,0.0,0.0,0.0,10,0,10,0
TEST-02986,PIASSA,2025-11-10 11:00:00,26.68,17.9,0.0,73.0,9.3,0.0,0.0,0.0,11,0,10,0
TEST-00110,PIASSA,2025-11-10 12:00:00,38.48,20.8,0.0,61.0,14.6,0.0,0.0,0.0,12,0,10,0
TEST-01968,PIASSA,2025-11-10 13:00:00,49.64,21.0,0.0,58.0,5.7,0.0,0.0,0.0,13,0,10,0
TEST-01072,PIASSA,2025-11-10 14:00:00,43.43,19.7,0.0,65.0,12.9,0.0,0.0,0.0,14,0,10,0
TEST-02387,PIASSA,2025-11-10 15:00:00,43.49,21.9,0.0,63.0,17.5,0.0,0.0,0.0,15,0,10,0
TEST-00198,PIASSA,2025-11-10 16:00:00,59.0,21.4,0.0,57.0,11.8,0.0,0.0,0.0,16,0,10,0
TEST-02758,PIASSA,2025-11-10 17:00:00,84.76,20.3,0.0,60.0,6.1,0.0,0.0,0.0,17,0,10,0
TEST-01953,PIASSA,2025-11-10 18:00:00,90.55,19.6,0.0,60.0,7.3,0.0,0.0,0.0,18,0,10,0
TEST-00456,PIASSA,2025-11-10 19:00:00,77.48,17.2,0.0,71.0,26.7,0.0,0.0,0.0,19,0,10,0
TEST-03654,PIASSA,2025-11-10 20:00:00,56.27,17.9,0.0,73.0,13.0,0.0,0.0,0.0,20,0,10,0
TEST-02906,PIASSA,2025-11-10 21:00:00,34.47,14.7,0.0,74.0,6.8,0.0,0.0,0.0,21,0,10,0
TEST-00079,PIASSA,2025-11-10 22:00:00,20.01,13.8,0.0,64.0,12.1,0.0,0.0,0.0,22,0,10,0
TEST-00614,PIASSA,2025-11-10 23:00:00,6.96,12.7,0.0,86.0,7.2,0.0,0.0,0.0,23,0,10,0
TEST-01713,PIASSA,2025-11-11 00:00:00,4.37,9.1,0.0,88.0,8.6,0.0,0.0,0.0,0,1,11,0
TEST-03893,PIASSA,2025-11-11 01:00:00,5.97,8.3,0.0,82.0,11.6,0.0,0.0,0.0,1,1,11,0
TEST-03312,PIASSA,2025-11-11 02:00:00,4.72,8.5,0.0,96.0,8.6,0.0,0.0,0.0,2,1,11,0
TEST-00115,PIASSA,2025-11-11 03:00:00,4.5,6.7,0.0,95.0,15.1,0.0,0.0,0.0,3,1,11,0
TEST-03853,PIASSA,2025-11-11 04:00:00,4.87,6.9,0.0,93.0,9.0,0.0,0.0,0.0,4,1,11,0
TEST-00571,PIASSA,2025-11-11 05:00:00,8.05,8.4,0.0,86.0,11.2,0.0,0.0,0.0,5,1,11,0
TEST-01709,PIASSA,2025-11-11 06:00:00,23.29,9.4,0.0,89.0,5.8,0.0,0.0,0.0,6,1,11,0
TEST-02165,PIASSA,2025-11-11 07:00:00,53.45,9.8,0.0,91.0,5.9,0.0,0.0,0.0,7,1,11,0
TEST-00829,PIASSA,2025-11-11 08:00:00,74.24,14.0,0.0,86.0,7.8,0.0,0.0,0.0,8,1,11,0
TEST-02502,PIASSA,2025-11-11 09:00:00,58.21,15.2,0.0,82.0,6.5,0.0,0.0,0.0,9,1,11,0
TEST-03474,PIASSA,2025-11-11 10:00:00,28.9,16.4,0.0,72.0,12.1,0.0,0.0,0.0,10,1,11,0
TEST-02480,PIASSA,2025-11-11 11:00:00,30.07,17.4,0.0,66.0,11.7,0.0,0.0,0.0,11,1,11,0
TEST-02709,PIASSA,2025-11-11 12:00:00,38.66,20.1,0.0,71.0,15.1,0.0,0.0,0.0,12,1,11,0
TEST-02904,PIASSA,2025-11-11 13:00:00,53.36,19.8,0.0,77.0,9.4,0.0,0.0,0.0,13,1,11,0
TEST-00785,PIASSA,2025-11-11 14:00:00,46.51,19.6,0.0,60.0,10.7,0.0,0.0,0.0,14,1,11,0
TEST-03772,PIASSA,2025-11-11 15:00:00,42.6,22.6,0.0,58.0,12.4,0.0,0.0,0.0,15,1,11,0
TEST-00425,PIASSA,2025-11-11 16:00:00,60.68,20.6,0.0,65.0,8.9,0.0,0.0,0.0,16,1,11,0
TEST-03610,PIASSA,2025-11-11 17:00:00,87.94,20.4,0.0,62.0,8.3,0.0,0.0,0.0,17,1,11,0
TEST-03209,PIASSA,2025-11-11 18:00:00,94.6,17.1,0.0,59.0,11.2,0.0,0.0,0.0,18,1,11,0
TEST-00953,PIASSA,2025-11-11 19:00:00,85.32,17.2,0.2,67.0,9.7,1.0,0.0,0.0,19,1,11,0
TEST-00968,PIASSA,2025-11-11 20:00:00,59.78,17.3,0.0,82.0,7.2,0.0,0.0,0.0,20,1,11,0
TEST-01232,PIASSA,2025-11-11 21:00:00,35.4,13.7,0.0,85.0,11.7,0.0,0.0,0.0,21,1,11,0
TEST-01519,PIASSA,2025-11-11 22:00:00,14.59,12.6,0.0,86.0,4.0,0.0,0.0,0.0,22,1,11,0
TEST-01911,PIASSA,2025-11-11 23:00:00,9.73,12.6,0.0,80.0,9.2,0.0,0.0,0.0,23,1,11,0
TEST-03427,PIASSA,2025-11-12 00:00:00,5.09,10.2,0.0,83.0,10.5,0.0,0.0,0.0,0,2,12,0
TEST-00641,PIASSA,2025-11-12 01:00:00,5.23,10.3,0.0,83.0,11.7,0.0,0.0,0.0,1,2,12,0
TEST-01143,PIASSA,2025-11-12 02:00:00,5.76,9.2,0.0,94.0,11.6,0.0,0.0,0.0,2,2,12,0
TEST-03242,PIASSA,2025-11-12 03:00:00,5.11,7.7,0.0,95.0,6.2,0.0,0.0,0.0,3,2,12,0
TEST-03570,PIASSA,2025-11-12 04:00:00,5.21,8.1,0.0,97.0,10.8,0.0,0.0,0.0,4,2,12,0
TEST-01716,PIASSA,2025-11-12 05:00:00,8.37,7.4,0.0,95.0,4.4,0.0,0.0,0.0,5,2,12,0
TEST-01262,PIASSA,2025-11-12 06:00:00,22.4,11.2,0.0,88.0,9.0,0.0,0.0,0.0,6,2,12,0
TEST-00423,PIASSA,2025-11-12 07:00:00,54.56,10.5,0.0,79.0,18.7,0.0,0.0,0.0,7,2,12,0
TEST-02756,PIASSA,2025-11-12 08:00:00,69.43,12.7,0.0,85.0,11.2,0.0,0.0,0.0,8,2,12,0
TEST-03663,PIASSA,2025-11-12 09:00:00,61.51,13.1,2.6,82.0,10.4,1.0,0.0,0.0,9,2,12,0
TEST-04023,PIASSA,2025-11-12 10:00:00,30.14,16.7,0.0,71.0,12.3,0.0,0.0,0.0,10,2,12,0
TEST-00787,PIASSA,2025-11-12 11:00:00,35.11,18.4,0.2,67.0,5.5,1.0,0.0,0.0,11,2,12,0
TEST-03780,PIASSA,2025-11-12 12:00:00,38.45,18.0,0.0,62.0,13.0,0.0,0.0,0.0,12,2,12,0
TEST-03716,PIASSA,2025-11-12 13:00:00,51.0,21.7,0.0,60.0,6.5,0.0,0.0,0.0,13,2,12,0
TEST-03394,PIASSA,2025-11-12 14:00:00,46.45,21.6,0.0,75.0,12.5,0.0,0.0,0.0,14,2,12,0
TEST-00606,PIASSA,2025-11-12 15:00:00,47.03,21.4,0.1,71.0,10.6,1.0,0.0,0.0,15,2,12,0
TEST-00681,PIASSA,2025-11-12 16:00:00,60.99,21.9,0.0,59.0,5.2,0.0,0.0,0.0,16,2,12,0
TEST-01481,PIASSA,2025-11-12 17:00:00,84.5,18.9,0.0,66.0,14.0,0.0,0.0,0.0,17,2,12,0
TEST-01719,PIASSA,2025-11-12 18:00:00,93.51,17.4,0.0,68.0,6.8,0.0,0.0,0.0,18,2,12,0
TEST-03932,PIASSA,2025-11-12 19:00:00,76.79,16.5,0.0,61.0,10.2,0.0,0.0,0.0,19,2,12,0
TEST-02409,PIASSA,2025-11-12 20:00:00,57.57,16.7,0.0,64.0,8.7,0.0,0.0,0.0,20,2,12,0
TEST-00799,PIASSA,2025-11-12 21:00:00,33.29,16.1,0.0,74.0,13.8,0.0,0.0,0.0,21,2,12,0
TEST-00615,PIASSA,2025-11-12 22:00:00,22.19,13.2,1.2,71.0,14.1,1.0,0.0,0.0,22,2,12,0
TEST-00801,PIASSA,2025-11-12 23:00:00,8.5,10.6,0.0,90.0,21.8,0.0,0.0,0.0,23,2,12,0
TEST-01284,PIASSA,2025-11-13 00:00:00,6.96,10.5,0.8,88.5,8.8,1.0,0.0,0.0,0,3,13,0
TEST-03130,PIASSA,2025-11-13 01:00:00,5.24,11.2,0.0,87.0,14.0,0.0,0.0,0.0,1,3,13,0
TEST-02964,PIASSA,2025-11-13 02:00:00,5.13,9.0,0.0,99.0,14.4,0.0,0.0,0.0,2,3,13,0
TEST-02533,PIASSA,2025-11-13 03:00:00,4.61,8.9,0.0,86.0,12.7,0.0,0.0,0.0,3,3,13,0
TEST-03176,PIASSA,2025-11-13 04:00:00,5.64,7.9,1.2,96.0,5.7,1.0,0.0,0.0,4,3,13,0
TEST-03411,PIASSA,2025-11-13 05:00:00,8.54,9.1,0.0,91.0,8.1,0.0,0.0,0.0,5,3,13,0
TEST-03840,PIASSA,2025-11-13 06:00:00,22.55,9.1,0.0,99.0,5.5,0.0,0.0,0.0,6,3,13,0
TEST-02295,PIASSA,2025-11-13 07:00:00,56.92,13.4,0.0,85.0,4.7,0.0,0.0,0.0,7,3,13,0
TEST-01025,PIASSA,2025-11-13 08:00:00,74.47,15.0,0.0,77.0,14.1,0.0,0.0,0.0,8,3,13,0
TEST-01170,PIASSA,2025-11-13 09:00:00,54.91,15.1,0.0,73.0,4.6,0.0,0.0,0.0,9,3,13,0
TEST-03626,PIASSA,2025-11-13 10:00:00,29.98,18.3,0.0,62.0,8.9,0.0,0.0,0.0,10,3,13,0
TEST-01391,PIASSA,2025-11-13 11:00:00,26.36,17.4,0.0,72.0,7.7,0.0,0.0,0.0,11,3,13,0
TEST-03682,PIASSA,2025-11-13 12:00:00,38.2,18.2,0.0,64.0,13.1,0.0,0.0,0.0,12,3,13,0
TEST-00776,PIASSA,2025-11-13 13:00:00,57.28,19.0,0.8,86.0,14.7,1.0,0.0,0.0,13,3,13,0
TEST-02768,PIASSA,2025-11-13 14:00:00,58.13,19.0,3.6,75.0,4.4,1.0,0.0,0.0,14,3,13,0
TEST-03472,PIASSA,2025-11-13 15:00:00,75.16,21.2,25.7,84.0,9.8,1.0,0.0,0.0,15,3,13,0
TEST-02881,PIASSA,2025-11-13 16:00:00,80.41,19.3,3.0,85.0,9.6,1.0,0.0,0.0,16,3,13,0
TEST-02132,PIASSA,2025-11-13 17:00:00,122.0,19.3,3.6,82.0,15.5,1.0,0.0,0.0,17,3,13,0
TEST-00439,PIASSA,2025-11-13 18:00:00,125.66,19.5,3.6,82.0,9.1,1.0,0.0,0.0,18,3,13,0
TEST-02808,PIASSA,2025-11-13 19:00:00,85.59,20.5,0.3,68.0,12.0,1.0,0.0,0.0,19,3,13,0
TEST-03918,PIASSA,2025-11-13 20:00:00,56.42,16.6,0.0,62.0,16.8,0.0,0.0,0.0,20,3,13,0
TEST-03346,PIASSA,2025-11-13 21:00:00,34.07,15.2,0.0,81.0,15.7,0.0,0.0,0.0,21,3,13,0
TEST-00661,PIASSA,2025-11-13 22:00:00,19.39,14.9,0.0,87.0,24.1,0.0,0.0,0.0,22,3,13,0
TEST-01377,PIASSA,2025-11-13 23:00:00,14.01,11.9,1.0,91.0,6.9,1.0,0.0,0.0,23,3,13,0
TEST-01643,PIASSA,2025-11-14 00:00:00,5.02,12.3,0.0,82.0,8.6,0.0,0.0,0.0,0,4,14,0
TEST-01201,PIASSA,2025-11-14 01:00:00,5.98,10.9,0.0,90.0,13.8,0.0,0.0,0.0,1,4,14,0
TEST-03154,PIASSA,2025-11-14 02:00:00,4.28,9.8,0.0,97.0,3.6,0.0,0.0,0.0,2,4,14,0
TEST-01972,PIASSA,2025-11-14 03:00:00,4.5,8.9,0.0,82.0,11.6,0.0,0.0,0.0,3,4,14,0
TEST-02935,PIASSA,2025-11-14 04:00:00,4.37,9.3,0.0,92.0,15.9,0.0,0.0,0.0,4,4,14,0
TEST-01785,PIASSA,2025-11-14 05:00:00,8.03,8.8,0.0,90.0,15.5,0.0,0.0,0.0,5,4,14,0
TEST-03219,PIASSA,2025-11-14 06:00:00,25.92,12.0,0.0,77.0,12.1,0.0,0.0,0.0,6,4,14,0
TEST-01924,PIASSA,2025-11-14 07:00:00,57.68,13.5,0.0,89.0,3.7,0.0,0.0,0.0,7,4,14,0
TEST-02510,PIASSA,2025-11-14 08:00:00,73.85,14.9,0.0,78.0,22.1,0.0,0.0,0.0,8,4,14,0
TEST-00668,PIASSA,2025-11-14 09:00:00,53.91,16.7,0.0,73.0,13.2,0.0,0.0,0.0,9,4,14,0
TEST-00976,PIASSA,2025-11-14 10:00:00,27.93,18.15,0.0,69.5,13.7,0.0,0.0,0.0,10,4,14,0
TEST-01999,PIASSA,2025-11-14 11:00:00,27.33,19.6,0.0,66.0,14.2,0.0,0.0,0.0,11,4,14,0
TEST-01579,PIASSA,2025-11-14 12:00:00,41.38,21.2,0.0,60.5,7.9,0.0,0.0,0.0,12,4,14,0
TEST-02432,PIASSA,2025-11-14 13:00:00,51.9,21.5,0.0,55.0,16.1,0.0,0.0,0.0,13,4,14,0
TEST-00596,PIASSA,2025-11-14 14:00:00,46.12,22.8,0.0,62.0,15.1,0.0,0.0,0.0,14,4,14,0
TEST-01974,PIASSA,2025-11-14 15:00:00,44.21,21.7,0.0,61.0,18.0,0.0,0.0,0.0,15,4,14,0
TEST-00628,PIASSA,2025-11-14 16:00:00,60.55,22.5,0.0,66.0,18.3,0.0,0.0,0.0,16,4,14,0
TEST-00621,PIASSA,2025-11-14 17:00:00,94.78,22.4,0.0,66.0,6.5,0.0,0.0,0.0,17,4,14,0
TEST-01571,PIASSA,2025-11-14 18:00:00,104.01,20.4,0.0,61.0,10.6,0.0,0.0,0.0,18,4,14,0
TEST-03129,PIASSA,2025-11-14 19:00:00,92.75,20.1,0.0,68.0,8.1,0.0,0.0,0.0,19,4,14,0
TEST-01234,PIASSA,2025-11-14 20:00:00,63.14,17.6,0.0,71.0,6.0,0.0,0.0,0.0,20,4,14,0
TEST-00875,PIASSA,2025-11-14 21:00:00,35.04,16.1,0.0,84.0,4.4,0.0,0.0,0.0,21,4,14,0
TEST-03265,PIASSA,2025-11-14 22:00:00,18.34,14.9,0.0,78.0,3.7,0.0,0.0,0.0,22,4,14,0
TEST-02269,PIASSA,2025-11-14 23:00:00,8.22,11.5,0.0,86.0,8.4,0.0,0.0,0.0,23,4,14,0
TEST-00218,SARBET,2025-11-01 00:00:00,5.1,14.2,0.0,85.0,5.7,0.0,0.0,0.0,0,5,1,1
TEST-00635,SARBET,2025-11-01 01:00:00,3.48,10.9,0.0,88.0,9.8,0.0,0.0,0.0,1,5,1,1
TEST-02043,SARBET,2025-11-01 02:00:00,5.66,11.2,0.0,83.0,9.4,0.0,0.0,0.0,2,5,1,1
TEST-00385,SARBET,2025-11-01 03:00:00,4.59,10.4,0.0,78.0,9.8,0.0,0.0,0.0,3,5,1,1
TEST-01748,SARBET,2025-11-01 04:00:00,6.67,11.5,0.0,83.0,13.4,0.0,0.0,0.0,4,5,1,1
TEST-02630,SARBET,2025-11-01 05:00:00,9.54,12.2,0.0,87.0,7.0,0.0,0.0,0.0,5,5,1,1
TEST-01723,SARBET,2025-11-01 06:00:00,10.57,13.2,0.0,84.0,7.8,0.0,0.0,0.0,6,5,1,1
TEST-00989,SARBET,2025-11-01 07:00:00,18.49,15.1,0.0,67.0,13.3,0.0,0.0,0.0,7,5,1,1
TEST-02190,SARBET,2025-11-01 08:00:00,23.64,16.1,0.0,79.0,8.0,0.0,0.0,0.0,8,5,1,1
TEST-02229,SARBET,2025-11-01 09:00:00,33.62,17.8,0.0,69.0,7.8,0.0,0.0,0.0,9,5,1,1
TEST-03688,SARBET,2025-11-01 10:00:00,36.83,19.3,0.0,67.0,7.2,0.0,0.0,0.0,10,5,1,1
TEST-02933,SARBET,2025-11-01 11:00:00,39.32,21.1,0.0,59.0,14.6,0.0,0.0,0.0,11,5,1,1
TEST-02603,SARBET,2025-11-01 12:00:00,40.74,22.9,0.0,56.0,6.1,0.0,0.0,0.0,12,5,1,1
TEST-02499,SARBET,2025-11-01 13:00:00,47.75,21.8,0.0,48.0,17.9,0.0,0.0,0.0,13,5,1,1
TEST-00086,SARBET,2025-11-01 14:00:00,38.67,25.5,0.0,54.0,8.3,0.0,0.0,0.0,14,5,1,1
TEST-03190,SARBET,2025-11-01 15:00:00,40.91,23.9,0.0,56.0,6.4,0.0,0.0,0.0,15,5,1,1
TEST-02780,SARBET,2025-11-01 16:00:00,42.86,24.2,0.0,51.0,4.1,0.0,0.0,0.0,16,5,1,1
TEST-01254,SARBET,2025-11-01 17:00:00,39.41,22.8,0.0,60.0,7.1,0.0,0.0,0.0,17,5,1,1
TEST-00153,SARBET,2025-11-01 18:00:00,42.2,22.4,0.0,65.0,9.3,0.0,0.0,0.0,18,5,1,1
TEST-01754,SARBET,2025-11-01 19:00:00,43.04,22.8,0.0,56.0,21.6,0.0,0.0,0.0,19,5,1,1
TEST-02040,SARBET,2025-11-01 20:00:00,37.72,20.1,0.0,64.0,10.9,0.0,0.0,0.0,20,5,1,1
TEST-01510,SARBET,2025-11-01 21:00:00,31.46,17.0,0.0,65.0,12.9,0.0,0.0,0.0,21,5,1,1
TEST-01721,SARBET,2025-11-01 22:00:00,21.02,15.4,0.0,73.0,11.0,0.0,0.0,0.0,22,5,1,1
TEST-01913,SARBET,2025-11-01 23:00:00,12.97,14.6,0.0,80.0,14.1,0.0,0.0,0.0,23,5,1,1
TEST-02483,SARBET,2025-11-02 00:00:00,6.16,13.1,0.0,84.0,14.9,0.0,0.0,0.0,0,6,2,1
TEST-00731,SARBET,2025-11-02 01:00:00,3.37,11.0,0.0,84.0,3.8,0.0,0.0,0.0,1,6,2,1
TEST-00865,SARBET,2025-11-02 02:00:00,5.64,10.7,0.0,82.0,16.2,0.0,0.0,0.0,2,6,2,1
TEST-00394,SARBET,2025-11-02 03:00:00,5.1,11.0,0.0,81.0,11.9,0.0,0.0,0.0,3,6,2,1
TEST-00046,SARBET,2025-11-02 04:00:00,5.8,11.7,0.0,94.0,10.4,0.0,0.0,0.0,4,6,2,1
TEST-02686,SARBET,2025-11-02 05:00:00,11.05,11.9,0.0,82.0,16.0,0.0,0.0,0.0,5,6,2,1
TEST-00454,SARBET,2025-11-02 06:00:00,10.26,12.9,0.0,73.0,12.7,0.0,0.0,0.0,6,6,2,1
TEST-02072,SARBET,2025-11-02 07:00:00,19.38,16.0,0.0,83.0,9.1,0.0,0.0,0.0,7,6,2,1
TEST-02687,SARBET,2025-11-02 08:00:00,23.16,16.1,0.0,74.0,17.1,0.0,0.0,0.0,8,6,2,1
TEST-03908,SARBET,2025-11-02 09:00:00,35.4,18.5,0.2,67.0,11.2,1.0,0.0,0.0,9,6,2,1
TEST-03235,SARBET,2025-11-02 10:00:00,37.07,20.1,0.0,65.0,13.7,0.0,0.0,0.0,10,6,2,1
TEST-02261,SARBET,2025-11-02 11:00:00,38.47,21.5,0.0,60.0,15.3,0.0,0.0,0.0,11,6,2,1
TEST-03133,SARBET,2025-11-02 12:00:00,43.64,23.5,0.3,53.0,5.6,1.0,0.0,0.0,12,6,2,1
TEST-03021,SARBET,2025-11-02 13:00:00,43.15,24.2,0.15,57.5,5.25,1.0,0.0,0.0,13,6,2,1
TEST-00045,SARBET,2025-11-02 14:00:00,40.52,24.9,0.0,62.0,4.9,0.0,0.0,0.0,14,6,2,1
TEST-02723,SARBET,2025-11-02 15:00:00,41.09,24.3,0.6,69.0,15.0,1.0,0.0,0.0,15,6,2,1
TEST-02336,SARBET,2025-11-02 16:00:00,40.19,24.9,0.0,56.0,6.9,0.0,0.0,0.0,16,6,2,1
TEST-02314,SARBET,2025-11-02 17:00:00,62.47,22.8,13.0,65.0,4.1,1.0,0.0,0.0,17,6,2,1
TEST-00684,SARBET,2025-11-02 18:00:00,43.73,23.7,0.0,57.0,12.0,0.0,0.0,0.0,18,6,2,1
TEST-02893,SARBET,2025-11-02 19:00:00,43.62,21.0,0.0,60.0,8.6,0.0,0.0,0.0,19,6,2,1
TEST-01527,SARBET,2025-11-02 20:00:00,37.99,18.9,0.0,62.0,20.8,0.0,0.0,0.0,20,6,2,1
TEST-00990,SARBET,2025-11-02 21:00:00,31.42,18.3,0.0,64.0,6.8,0.0,0.0,0.0,21,6,2,1
TEST-02748,SARBET,2025-11-02 22:00:00,20.58,15.6,0.0,72.0,13.5,0.0,0.0,0.0,22,6,2,1
TEST-01015,SARBET,2025-11-02 23:00:00,11.91,15.7,0.0,75.0,8.9,0.0,0.0,0.0,23,6,2,1
TEST-01366,SARBET,2025-11-03 00:00:00,7.17,13.8,0.0,80.0,15.5,0.0,0.0,0.0,0,0,3,0
TEST-00654,SARBET,2025-11-03 01:00:00,4.81,11.9,0.0,86.0,7.5,0.0,0.0,0.0,1,0,3,0
TEST-02465,SARBET,2025-11-03 02:00:00,6.06,12.9,0.0,78.0,7.0,0.0,0.0,0.0,2,0,3,0
TEST-00493,SARBET,2025-11-03 03:00:00,6.59,14.3,0.0,85.0,14.8,0.0,0.0,0.0,3,0,3,0
TEST-01669,SARBET,2025-11-03 04:00:00,6.12,12.4,0.0,84.0,7.4,0.0,0.0,0.0,4,0,3,0
TEST-00416,SARBET,2025-11-03 05:00:00,19.71,12.8,0.0,84.0,7.8,0.0,0.0,0.0,5,0,3,0
TEST-02796,SARBET,2025-11-03 06:00:00,47.91,14.2,0.0,82.0,13.7,0.0,0.0,0.0,6,0,3,0
TEST-01765,SARBET,2025-11-03 07:00:00,70.11,15.2,0.0,65.0,10.3,0.0,0.0,0.0,7,0,3,0
TEST-01421,SARBET,2025-11-03 08:00:00,50.54,16.0,0.0,69.0,10.7,0.0,0.0,0.0,8,0,3,0
TEST-01398,SARBET,2025-11-03 09:00:00,27.62,19.9,0.0,71.0,12.8,0.0,0.0,0.0,9,0,3,0
TEST-00143,SARBET,2025-11-03 10:00:00,20.18,18.0,0.0,64.0,17.1,0.0,0.0,0.0,10,0,3,0
TEST-00276,SARBET,2025-11-03 11:00:00,19.97,19.9,0.0,67.0,12.1,0.0,0.0,0.0,11,0,3,0
TEST-03179,SARBET,2025-11-03 12:00:00,20.93,22.8,0.0,58.0,7.2,0.0,0.0,0.0,12,0,3,0
TEST-01867,SARBET,2025-11-03 13:00:00,20.93,24.8,0.0,54.0,12.6,0.0,0.0,0.0,13,0,3,0
TEST-01684,SARBET,2025-11-03 14:00:00,39.38,24.8,0.0,46.0,13.3,0.0,0.0,0.0,14,0,3,0
TEST-01477,SARBET,2025-11-03 15:00:00,54.83,25.6,0.0,41.0,11.9,0.0,0.0,0.0,15,0,3,0
TEST-03338,SARBET,2025-11-03 16:00:00,23.51,25.3,0.0,51.0,15.5,0.0,0.0,0.0,16,0,3,0
TEST-03941,SARBET,2025-11-03 17:00:00,33.53,24.0,0.0,55.0,11.0,0.0,0.0,0.0,17,0,3,0
TEST-03643,SARBET,2025-11-03 18:00:00,41.41,24.4,0.0,61.0,8.3,0.0,0.0,0.0,18,0,3,0
TEST-03345,SARBET,2025-11-03 19:00:00,44.3,21.6,0.0,63.0,7.9,0.0,0.0,0.0,19,0,3,0
TEST-01358,SARBET,2025-11-03 20:00:00,44.56,19.8,0.0,60.0,7.7,0.0,0.0,0.0,20,0,3,0
TEST-02009,SARBET,2025-11-03 21:00:00,34.02,19.9,0.0,61.0,6.6,0.0,0.0,0.0,21,0,3,0
TEST-02550,SARBET,2025-11-03 22:00:00,22.87,18.3,0.0,66.0,10.8,0.0,0.0,0.0,22,0,3,0
TEST-02849,SARBET,2025-11-03 23:00:00,12.59,13.7,0.0,87.0,5.8,0.0,0.0,0.0,23,0,3,0
TEST-03468,SARBET,2025-11-04 00:00:00,6.94,12.9,0.0,72.0,13.9,0.0,0.0,0.0,0,1,4,0
TEST-00597,SARBET,2025-11-04 01:00:00,6.36,13.2,0.0,69.0,9.0,0.0,0.0,0.0,1,1,4,0
TEST-01219,SARBET,2025-11-04 02:00:00,5.16,11.8,0.0,78.0,10.9,0.0,0.0,0.0,2,1,4,0
TEST-02256,SARBET,2025-11-04 03:00:00,2.68,11.5,0.0,89.0,15.9,0.0,0.0,0.0,3,1,4,0
TEST-01010,SARBET,2025-11-04 04:00:00,6.23,11.2,0.3,85.0,7.5,1.0,0.0,0.0,4,1,4,0
TEST-00257,SARBET,2025-11-04 05:00:00,21.31,13.2,0.0,86.0,8.4,0.0,0.0,0.0,5,1,4,0
TEST-01798,SARBET,2025-11-04 06:00:00,48.39,14.0,0.0,81.0,10.9,0.0,0.0,0.0,6,1,4,0
TEST-01499,SARBET,2025-11-04 07:00:00,72.05,14.7,0.0,81.0,13.7,0.0,0.0,0.0,7,1,4,0
TEST-03577,SARBET,2025-11-04 08:00:00,48.52,16.9,0.0,71.0,16.3,0.0,0.0,0.0,8,1,4,0
TEST-00839,SARBET,2025-11-04 09:00:00,26.62,18.5,0.0,64.0,13.7,0.0,0.0,0.0,9,1,4,0
TEST-00353,SARBET,2025-11-04 10:00:00,20.04,21.5,0.0,68.0,8.7,0.0,0.0,0.0,10,1,4,0
TEST-00427,SARBET,2025-11-04 11:00:00,20.07,22.0,0.0,61.0,6.6,0.0,0.0,0.0,11,1,4,0
TEST-01338,SARBET,2025-11-04 12:00:00,18.78,23.7,0.0,63.0,12.5,0.0,0.0,0.0,12,1,4,0
TEST-01961,SARBET,2025-11-04 13:00:00,22.55,23.6,0.3,54.0,14.0,1.0,0.0,0.0,13,1,4,0
TEST-00549,SARBET,2025-11-04 14:00:00,39.02,26.3,0.0,45.0,6.6,0.0,0.0,0.0,14,1,4,0
TEST-02830,SARBET,2025-11-04 15:00:00,23.04,25.2,0.0,51.0,9.0,0.0,0.0,0.0,15,1,4,0
TEST-02645,SARBET,2025-11-04 16:00:00,52.63,25.5,0.3,42.0,8.6,1.0,0.0,0.0,16,1,4,0
TEST-01678,SARBET,2025-11-04 17:00:00,32.38,24.1,0.0,54.0,12.8,0.0,0.0,0.0,17,1,4,0
TEST-03458,SARBET,2025-11-04 18:00:00,86.34,22.9,0.0,45.0,12.4,0.0,0.0,0.0,18,1,4,0
TEST-01620,SARBET,2025-11-04 19:00:00,42.43,23.6,0.0,57.0,20.6,0.0,0.0,0.0,19,1,4,0
TEST-00969,SARBET,2025-11-04 20:00:00,43.32,21.1,0.0,69.0,7.7,0.0,0.0,0.0,20,1,4,0
TEST-03136,SARBET,2025-11-04 21:00:00,34.25,18.6,0.0,70.0,15.3,0.0,0.0,0.0,21,1,4,0
TEST-01901,SARBET,2025-11-04 22:00:00,22.68,17.5,0.0,69.0,10.0,0.0,0.0,0.0,22,1,4,0
TEST-01152,SARBET,2025-11-04 23:00:00,11.34,16.9,0.0,70.0,6.0,0.0,0.0,0.0,23,1,4,0
TEST-02469,SARBET,2025-11-05 00:00:00,7.74,13.8,0.0,80.0,9.9,0.0,0.0,0.0,0,2,5,0
TEST-00759,SARBET,2025-11-05 01:00:00,5.01,12.6,0.0,78.0,5.0,0.0,0.0,0.0,1,2,5,0
TEST-02802,SARBET,2025-11-05 02:00:00,4.59,11.2,0.0,77.0,25.5,0.0,0.0,0.0,2,2,5,0
TEST-00098,SARBET,2025-11-05 03:00:00,5.96,12.3,0.0,83.0,12.9,0.0,0.0,0.0,3,2,5,0
TEST-01534,SARBET,2025-11-05 04:00:00,9.91,12.9,0.0,80.0,8.5,0.0,0.0,0.0,4,2,5,0
TEST-00607,SARBET,2025-11-05 05:00:00,21.48,13.0,0.0,86.0,13.5,0.0,0.0,0.0,5,2,5,0
TEST-02705,SARBET,2025-11-05 06:00:00,45.09,13.9,0.0,75.0,9.9,0.0,0.0,0.0,6,2,5,0
TEST-02162,SARBET,2025-11-05 07:00:00,65.13,15.7,0.0,86.0,7.4,0.0,0.0,0.0,7,2,5,0
TEST-00194,SARBET,2025-11-05 08:00:00,45.86,18.0,0.0,72.0,7.8,0.0,0.0,0.0,8,2,5,0
TEST-02273,SARBET,2025-11-05 09:00:00,26.4,19.3,0.0,61.0,12.6,0.0,0.0,0.0,9,2,5,0
TEST-03555,SARBET,2025-11-05 10:00:00,21.18,20.7,0.0,61.0,11.2,0.0,0.0,0.0,10,2,5,0
TEST-00970,SARBET,2025-11-05 11:00:00,18.34,21.1,0.0,65.0,8.2,0.0,0.0,0.0,11,2,5,0
TEST-02308,SARBET,2025-11-05 12:00:00,20.0,23.8,0.0,58.0,15.0,0.0,0.0,0.0,12,2,5,0
TEST-00157,SARBET,2025-11-05 13:00:00,20.41,22.9,0.0,56.0,7.5,0.0,0.0,0.0,13,2,5,0
TEST-03755,SARBET,2025-11-05 14:00:00,18.33,25.2,0.0,53.0,8.3,0.0,0.0,0.0,14,2,5,0
TEST-00880,SARBET,2025-11-05 15:00:00,41.08,24.1,0.0,45.0,20.0,0.0,0.0,0.0,15,2,5,0
TEST-02760,SARBET,2025-11-05 16:00:00,20.62,25.4,0.0,56.0,5.1,0.0,0.0,0.0,16,2,5,0
TEST-01036,SARBET,2025-11-05 17:00:00,38.63,24.9,0.0,49.0,8.3,0.0,0.0,0.0,17,2,5,0
TEST-02572,SARBET,2025-11-05 18:00:00,38.79,23.5,0.0,63.0,11.8,0.0,0.0,0.0,18,2,5,0
TEST-01989,SARBET,2025-11-05 19:00:00,45.41,20.8,0.0,55.0,12.0,0.0,0.0,0.0,19,2,5,0
TEST-00793,SARBET,2025-11-05 20:00:00,41.8,17.9,0.0,54.0,10.9,0.0,0.0,0.0,20,2,5,0
TEST-00123,SARBET,2025-11-05 21:00:00,31.05,17.1,0.0,70.0,7.0,0.0,0.0,0.0,21,2,5,0
TEST-03372,SARBET,2025-11-05 22:00:00,21.43,16.1,0.0,65.0,10.1,0.0,0.0,0.0,22,2,5,0
TEST-02860,SARBET,2025-11-05 23:00:00,14.16,14.7,0.0,70.0,8.1,0.0,0.0,0.0,23,2,5,0
TEST-03107,SARBET,2025-11-06 00:00:00,2.94,10.6,0.0,85.0,11.6,0.0,0.0,0.0,0,3,6,0
TEST-00754,SARBET,2025-11-06 01:00:00,1.72,10.5,0.0,85.0,10.5,0.0,0.0,0.0,1,3,6,0
TEST-01031,SARBET,2025-11-06 02:00:00,2.9,9.8,0.0,91.0,11.0,0.0,0.0,0.0,2,3,6,0
TEST-03404,SARBET,2025-11-06 03:00:00,4.46,12.0,0.1,89.0,11.9,1.0,0.0,0.0,3,3,6,0
TEST-01011,SARBET,2025-11-06 04:00:00,9.55,12.1,0.05,81.5,9.95,1.0,0.0,0.0,4,3,6,0
TEST-01217,SARBET,2025-11-06 05:00:00,18.38,12.2,0.0,74.0,8.0,0.0,0.0,0.0,5,3,6,0
TEST-01418,SARBET,2025-11-06 06:00:00,46.04,13.0,0.0,82.0,12.5,0.0,0.0,0.0,6,3,6,0
TEST-00481,SARBET,2025-11-06 07:00:00,67.77,14.3,0.0,71.0,13.1,0.0,0.0,0.0,7,3,6,0
TEST-01404,SARBET,2025-11-06 08:00:00,46.96,17.7,0.0,69.0,15.0,0.0,0.0,0.0,8,3,6,0
TEST-00361,SARBET,2025-11-06 09:00:00,27.17,18.8,0.0,65.0,7.3,0.0,0.0,0.0,9,3,6,0
TEST-02382,SARBET,2025-11-06 10:00:00,19.96,19.3,0.0,69.0,6.9,0.0,0.0,0.0,10,3,6,0
TEST-01511,SARBET,2025-11-06 11:00:00,19.05,19.4,0.0,57.0,8.3,0.0,0.0,0.0,11,3,6,0
TEST-03155,SARBET,2025-11-06 12:00:00,19.97,20.4,0.0,52.0,17.3,0.0,0.0,0.0,12,3,6,0
TEST-01854,SARBET,2025-11-06 13:00:00,19.65,23.2,0.0,58.0,7.7,0.0,0.0,0.0,13,3,6,0
TEST-02795,SARBET,2025-11-06 14:00:00,23.3,25.1,0.0,51.0,6.2,0.0,0.0,0.0,14,3,6,0
TEST-01289,SARBET,2025-11-06 15:00:00,16.52,27.0,0.0,58.0,7.5,0.0,0.0,0.0,15,3,6,0
TEST-01128,SARBET,2025-11-06 16:00:00,25.86,25.7,0.0,49.0,12.2,0.0,0.0,0.0,16,3,6,0
TEST-03613,SARBET,2025-11-06 17:00:00,30.87,22.1,0.0,65.0,8.6,0.0,0.0,0.0,17,3,6,0
TEST-02385,SARBET,2025-11-06 18:00:00,40.42,21.1,0.0,59.0,16.7,0.0,0.0,0.0,18,3,6,0
TEST-01715,SARBET,2025-11-06 19:00:00,46.43,20.6,0.0,64.0,9.3,0.0,0.0,0.0,19,3,6,0
TEST-02899,SARBET,2025-11-06 20:00:00,41.61,19.2,0.0,66.0,14.1,0.0,0.0,0.0,20,3,6,0
TEST-01818,SARBET,2025-11-06 21:00:00,31.2,15.9,0.0,65.0,7.8,0.0,0.0,0.0,21,3,6,0
TEST-00103,SARBET,2025-11-06 22:00:00,22.17,16.5,0.0,76.0,8.2,0.0,0.0,0.0,22,3,6,0
TEST-03753,SARBET,2025-11-06 23:00:00,11.05,15.8,0.0,76.0,12.3,0.0,0.0,0.0,23,3,6,0
TEST-03216,SARBET,2025-11-07 00:00:00,3.87,12.4,0.0,86.0,4.7,0.0,0.0,0.0,0,4,7,0
TEST-01023,SARBET,2025-11-07 01:00:00,2.93,11.8,0.0,85.0,11.0,0.0,0.0,0.0,1,4,7,0
TEST-03808,SARBET,2025-11-07 02:00:00,2.65,11.9,0.0,92.0,6.4,0.0,0.0,0.0,2,4,7,0
TEST-02772,SARBET,2025-11-07 03:00:00,3.12,10.7,0.0,87.0,11.2,0.0,0.0,0.0,3,4,7,0
TEST-02144,SARBET,2025-11-07 04:00:00,5.24,10.1,0.0,84.0,6.8,0.0,0.0,0.0,4,4,7,0
TEST-03373,SARBET,2025-11-07 05:00:00,21.37,13.5,0.0,77.0,13.1,0.0,0.0,0.0,5,4,7,0
TEST-00365,SARBET,2025-11-07 06:00:00,44.24,14.0,0.0,75.0,8.5,0.0,0.0,0.0,6,4,7,0
TEST-00946,SARBET,2025-11-07 07:00:00,72.58,13.9,0.0,87.0,13.4,0.0,0.0,0.0,7,4,7,0
TEST-03767,SARBET,2025-11-07 08:00:00,49.42,15.3,1.2,74.0,12.2,1.0,0.0,0.0,8,4,7,0
TEST-03678,SARBET,2025-11-07 09:00:00,26.15,19.4,0.0,66.5,8.5,0.0,0.0,0.0,9,4,7,0
TEST-04010,SARBET,2025-11-07 10:00:00,22.14,19.4,0.0,59.0,4.9,0.0,0.0,0.0,10,4,7,0
TEST-02755,SARBET,2025-11-07 11:00:00,19.75,20.3,0.0,71.0,9.9,0.0,0.0,0.0,11,4,7,0
TEST-02590,SARBET,2025-11-07 12:00:00,21.04,21.5,0.0,57.0,11.8,0.0,0.0,0.0,12,4,7,0
TEST-03879,SARBET,2025-11-07 13:00:00,24.41,23.1,0.0,50.0,18.1,0.0,0.0,0.0,13,4,7,0
TEST-01161,SARBET,2025-11-07 14:00:00,56.68,23.2,0.0,44.0,13.3,0.0,0.0,0.0,14,4,7,0
TEST-00018,SARBET,2025-11-07 15:00:00,20.04,24.9,0.0,58.0,7.4,0.0,0.0,0.0,15,4,7,0
TEST-01839,SARBET,2025-11-07 16:00:00,25.32,25.7,0.0,52.0,11.2,0.0,0.0,0.0,16,4,7,0
TEST-02511,SARBET,2025-11-07 17:00:00,34.99,23.4,0.0,64.0,14.9,0.0,0.0,0.0,17,4,7,0
TEST-01983,SARBET,2025-11-07 18:00:00,48.83,22.1,0.0,65.0,13.0,0.0,0.0,0.0,18,4,7,0
TEST-01039,SARBET,2025-11-07 19:00:00,49.65,20.2,0.0,67.0,11.6,0.0,0.0,0.0,19,4,7,0
TEST-01642,SARBET,2025-11-07 20:00:00,44.98,21.5,0.0,63.0,26.2,0.0,0.0,0.0,20,4,7,0
TEST-02831,SARBET,2025-11-07 21:00:00,33.01,17.0,0.0,69.0,7.2,0.0,0.0,0.0,21,4,7,0
TEST-02451,SARBET,2025-11-07 22:00:00,21.8,16.0,0.0,81.0,19.3,0.0,0.0,0.0,22,4,7,0
TEST-03024,SARBET,2025-11-07 23:00:00,11.97,12.8,0.0,77.0,10.2,0.0,0.0,0.0,23,4,7,0
TEST-01666,SARBET,2025-11-08 00:00:00,7.07,12.9,0.0,79.0,10.5,0.0,0.0,0.0,0,5,8,1
TEST-00767,SARBET,2025-11-08 01:00:00,5.21,12.3,0.0,84.0,15.4,0.0,0.0,0.0,1,5,8,1
TEST-03182,SARBET,2025-11-08 02:00:00,5.35,11.6,0.0,83.0,5.4,0.0,0.0,0.0,2,5,8,1
TEST-02957,SARBET,2025-11-08 03:00:00,6.06,10.5,0.0,95.0,13.8,0.0,0.0,0.0,3,5,8,1
TEST-01506,SARBET,2025-11-08 04:00:00,4.57,9.8,0.0,84.0,7.3,0.0,0.0,0.0,4,5,8,1
TEST-02221,SARBET,2025-11-08 05:00:00,8.37,11.1,0.0,85.0,18.7,0.0,0.0,0.0,5,5,8,1
TEST-01452,SARBET,2025-11-08 06:00:00,11.0,12.5,0.0,77.0,19.2,0.0,0.0,0.0,6,5,8,1
TEST-03247,SARBET,2025-11-08 07:00:00,15.71,13.3,0.0,71.0,9.1,0.0,0.0,0.0,7,5,8,1
TEST-00983,SARBET,2025-11-08 08:00:00,21.15,14.5,0.0,73.0,7.0,0.0,0.0,0.0,8,5,8,1
TEST-02157,SARBET,2025-11-08 09:00:00,30.64,19.1,0.0,63.0,13.4,0.0,0.0,0.0,9,5,8,1
TEST-01049,SARBET,2025-11-08 10:00:00,37.8,19.3,0.0,66.0,6.4,0.0,0.0,0.0,10,5,8,1
TEST-00331,SARBET,2025-11-08 11:00:00,38.83,20.9,0.0,60.0,3.8,0.0,0.0,0.0,11,5,8,1
TEST-02231,SARBET,2025-11-08 12:00:00,37.79,22.7,0.0,65.0,20.3,0.0,0.0,0.0,12,5,8,1
TEST-02596,SARBET,2025-11-08 13:00:00,41.28,24.0,0.0,58.0,6.3,0.0,0.0,0.0,13,5,8,1
TEST-03746,SARBET,2025-11-08 14:00:00,37.7,23.1,0.0,61.0,12.4,0.0,0.0,0.0,14,5,8,1
TEST-03193,SARBET,2025-11-08 15:00:00,39.49,23.0,0.0,60.0,5.8,0.0,0.0,0.0,15,5,8,1
TEST-01840,SARBET,2025-11-08 16:00:00,39.37,23.4,0.0,59.0,8.4,0.0,0.0,0.0,16,5,8,1
TEST-00287,SARBET,2025-11-08 17:00:00,38.33,23.2,0.0,56.0,7.7,0.0,0.0,0.0,17,5,8,1
TEST-03803,SARBET,2025-11-08 18:00:00,41.21,22.9,0.0,56.0,15.4,0.0,0.0,0.0,18,5,8,1
TEST-00017,SARBET,2025-11-08 19:00:00,40.52,21.35,0.0,63.0,14.0,0.0,0.0,0.0,19,5,8,1
TEST-00187,SARBET,2025-11-08 20:00:00,38.43,19.8,0.0,70.0,12.6,0.0,0.0,0.0,20,5,8,1
TEST-03145,SARBET,2025-11-08 21:00:00,32.91,17.7,0.0,73.0,8.6,0.0,0.0,0.0,21,5,8,1
TEST-01378,SARBET,2025-11-08 22:00:00,21.01,15.2,0.0,75.0,9.0,0.0,0.0,0.0,22,5,8,1
TEST-02791,SARBET,2025-11-08 23:00:00,12.25,14.2,0.0,81.0,3.8,0.0,0.0,0.0,23,5,8,1
TEST-03951,SARBET,2025-11-09 00:00:00,6.4,11.3,0.0,83.0,11.4,0.0,0.0,0.0,0,6,9,1
TEST-03636,SARBET,2025-11-09 01:00:00,5.93,9.3,0.0,89.0,8.3,0.0,0.0,0.0,1,6,9,1
TEST-01214,SARBET,2025-11-09 02:00:00,5.45,9.1,0.0,91.0,13.7,0.0,0.0,0.0,2,6,9,1
TEST-03002,SARBET,2025-11-09 03:00:00,4.62,9.3,0.0,92.0,12.9,0.0,0.0,0.0,3,6,9,1
TEST-02613,SARBET,2025-11-09 04:00:00,5.67,9.3,0.0,88.0,9.5,0.0,0.0,0.0,4,6,9,1
TEST-01270,SARBET,2025-11-09 05:00:00,9.34,9.5,0.0,97.0,17.2,0.0,0.0,0.0,5,6,9,1
TEST-02911,SARBET,2025-11-09 06:00:00,10.17,10.85,0.0,86.5,10.45,0.0,0.0,0.0,6,6,9,1
TEST-03785,SARBET,2025-11-09 07:00:00,14.45,12.2,0.0,76.0,3.7,0.0,0.0,0.0,7,6,9,1
TEST-01196,SARBET,2025-11-09 08:00:00,22.72,15.2,0.0,77.0,6.7,0.0,0.0,0.0,8,6,9,1
TEST-01395,SARBET,2025-11-09 09:00:00,32.37,16.1,0.0,78.0,12.7,0.0,0.0,0.0,9,6,9,1
TEST-03223,SARBET,2025-11-09 10:00:00,37.11,18.3,0.0,63.0,11.6,0.0,0.0,0.0,10,6,9,1
TEST-03105,SARBET,2025-11-09 11:00:00,39.36,19.9,0.0,64.0,12.1,0.0,0.0,0.0,11,6,9,1
TEST-01164,SARBET,2025-11-09 12:00:00,40.8,19.0,0.0,63.0,12.1,0.0,0.0,0.0,12,6,9,1
TEST-01827,SARBET,2025-11-09 13:00:00,40.61,21.4,0.0,53.0,10.2,0.0,0.0,0.0,13,6,9,1
TEST-00172,SARBET,2025-11-09 14:00:00,40.49,23.0,0.0,56.0,8.6,0.0,0.0,0.0,14,6,9,1
TEST-00585,SARBET,2025-11-09 15:00:00,38.12,23.9,0.0,61.0,12.4,0.0,0.0,0.0,15,6,9,1
TEST-00963,SARBET,2025-11-09 16:00:00,40.36,20.6,0.0,62.0,8.2,0.0,0.0,0.0,16,6,9,1
TEST-02700,SARBET,2025-11-09 17:00:00,38.5,20.8,0.0,59.0,22.5,0.0,0.0,0.0,17,6,9,1
TEST-00964,SARBET,2025-11-09 18:00:00,41.29,21.2,0.0,70.0,11.9,0.0,0.0,0.0,18,6,9,1
TEST-01656,SARBET,2025-11-09 19:00:00,42.54,20.4,0.0,64.0,10.6,0.0,0.0,0.0,19,6,9,1
TEST-01149,SARBET,2025-11-09 20:00:00,37.47,15.6,0.0,73.0,7.2,0.0,0.0,0.0,20,6,9,1
TEST-01336,SARBET,2025-11-09 21:00:00,30.93,17.4,0.0,79.0,13.2,0.0,0.0,0.0,21,6,9,1
TEST-00129,SARBET,2025-11-09 22:00:00,19.31,15.9,0.0,82.0,12.5,0.0,0.0,0.0,22,6,9,1
TEST-01809,SARBET,2025-11-09 23:00:00,10.75,14.7,0.0,85.0,15.0,0.0,0.0,0.0,23,6,9,1
TEST-03108,SARBET,2025-11-10 00:00:00,5.9,10.3,0.0,90.0,11.9,0.0,0.0,0.0,0,0,10,0
TEST-03653,SARBET,2025-11-10 01:00:00,7.72,7.8,2.1,94.0,7.5,1.0,0.0,0.0,1,0,10,0
TEST-03299,SARBET,2025-11-10 02:00:00,7.27,8.8,0.0,90.0,13.7,0.0,0.0,0.0,2,0,10,0
TEST-02967,SARBET,2025-11-10 03:00:00,5.91,8.8,0.0,93.0,7.0,0.0,0.0,0.0,3,0,10,0
TEST-01652,SARBET,2025-11-10 04:00:00,7.57,8.3,0.0,96.0,13.5,0.0,0.0,0.0,4,0,10,0
TEST-01661,SARBET,2025-11-10 05:00:00,18.07,9.7,0.0,79.0,10.1,0.0,0.0,0.0,5,0,10,0
TEST-03074,SARBET,2025-11-10 06:00:00,48.48,8.0,0.0,91.0,3.1,0.0,0.0,0.0,6,0,10,0
TEST-01832,SARBET,2025-11-10 07:00:00,65.86,12.0,0.0,90.0,10.3,0.0,0.0,0.0,7,0,10,0
TEST-03745,SARBET,2025-11-10 08:00:00,46.31,11.9,0.0,84.0,6.6,0.0,0.0,0.0,8,0,10,0
TEST-02446,SARBET,2025-11-10 09:00:00,27.49,15.4,0.0,80.0,14.4,0.0,0.0,0.0,9,0,10,0
TEST-00961,SARBET,2025-11-10 10:00:00,21.41,16.1,0.0,76.0,8.3,0.0,0.0,0.0,10,0,10,0
TEST-02714,SARBET,2025-11-10 11:00:00,20.74,17.9,0.0,73.0,9.3,0.0,0.0,0.0,11,0,10,0
TEST-00005,SARBET,2025-11-10 12:00:00,20.75,20.8,0.0,61.0,14.6,0.0,0.0,0.0,12,0,10,0
TEST-02570,SARBET,2025-11-10 13:00:00,20.69,21.0,0.0,58.0,5.7,0.0,0.0,0.0,13,0,10,0
TEST-02486,SARBET,2025-11-10 14:00:00,19.3,19.7,0.0,65.0,12.9,0.0,0.0,0.0,14,0,10,0
TEST-01098,SARBET,2025-11-10 15:00:00,18.67,21.9,0.0,63.0,17.5,0.0,0.0,0.0,15,0,10,0
TEST-00491,SARBET,2025-11-10 16:00:00,22.27,21.4,0.0,57.0,11.8,0.0,0.0,0.0,16,0,10,0
TEST-00557,SARBET,2025-11-10 17:00:00,33.29,20.3,0.0,60.0,6.1,0.0,0.0,0.0,17,0,10,0
TEST-02500,SARBET,2025-11-10 18:00:00,40.39,19.6,0.0,60.0,7.3,0.0,0.0,0.0,18,0,10,0
TEST-02258,SARBET,2025-11-10 19:00:00,43.64,17.2,0.0,71.0,26.7,0.0,0.0,0.0,19,0,10,0
TEST-02552,SARBET,2025-11-10 20:00:00,42.54,17.9,0.0,73.0,13.0,0.0,0.0,0.0,20,0,10,0
TEST-03289,SARBET,2025-11-10 21:00:00,33.98,14.7,0.0,74.0,6.8,0.0,0.0,0.0,21,0,10,0
TEST-00863,SARBET,2025-11-10 22:00:00,20.95,13.8,0.0,64.0,12.1,0.0,0.0,0.0,22,0,10,0
TEST-03892,SARBET,2025-11-10 23:00:00,11.87,12.7,0.0,86.0,7.2,0.0,0.0,0.0,23,0,10,0
TEST-03055,SARBET,2025-11-11 00:00:00,4.73,9.1,0.0,88.0,8.6,0.0,0.0,0.0,0,1,11,0
TEST-02574,SARBET,2025-11-11 01:00:00,4.8,8.3,0.0,82.0,11.6,0.0,0.0,0.0,1,1,11,0
TEST-03814,SARBET,2025-11-11 02:00:00,3.58,8.5,0.0,96.0,8.6,0.0,0.0,0.0,2,1,11,0
TEST-00407,SARBET,2025-11-11 03:00:00,4.41,6.7,0.0,95.0,15.1,0.0,0.0,0.0,3,1,11,0
TEST-03514,SARBET,2025-11-11 04:00:00,8.54,6.9,0.0,93.0,9.0,0.0,0.0,0.0,4,1,11,0
TEST-02041,SARBET,2025-11-11 05:00:00,20.44,8.4,0.0,86.0,11.2,0.0,0.0,0.0,5,1,11,0
TEST-00304,SARBET,2025-11-11 06:00:00,45.22,9.4,0.0,89.0,5.8,0.0,0.0,0.0,6,1,11,0
TEST-02732,SARBET,2025-11-11 07:00:00,65.53,9.8,0.0,91.0,5.9,0.0,0.0,0.0,7,1,11,0
TEST-01198,SARBET,2025-11-11 08:00:00,48.34,14.0,0.0,86.0,7.8,0.0,0.0,0.0,8,1,11,0
TEST-03091,SARBET,2025-11-11 09:00:00,29.28,15.2,0.0,82.0,6.5,0.0,0.0,0.0,9,1,11,0
TEST-01877,SARBET,2025-11-11 10:00:00,19.54,16.4,0.0,72.0,12.1,0.0,0.0,0.0,10,1,11,0
TEST-03321,SARBET,2025-11-11 11:00:00,21.53,17.4,0.0,66.0,11.7,0.0,0.0,0.0,11,1,11,0
TEST-02567,SARBET,2025-11-11 12:00:00,20.91,20.1,0.0,71.0,15.1,0.0,0.0,0.0,12,1,11,0
TEST-03451,SARBET,2025-11-11 13:00:00,23.19,19.8,0.0,77.0,9.4,0.0,0.0,0.0,13,1,11,0
TEST-00908,SARBET,2025-11-11 14:00:00,20.81,19.6,0.0,60.0,10.7,0.0,0.0,0.0,14,1,11,0
TEST-02591,SARBET,2025-11-11 15:00:00,17.11,22.6,0.0,58.0,12.4,0.0,0.0,0.0,15,1,11,0
TEST-02133,SARBET,2025-11-11 16:00:00,24.78,20.6,0.0,65.0,8.9,0.0,0.0,0.0,16,1,11,0
TEST-03232,SARBET,2025-11-11 17:00:00,33.42,20.4,0.0,62.0,8.3,0.0,0.0,0.0,17,1,11,0
TEST-03815,SARBET,2025-11-11 18:00:00,41.9,17.1,0.0,59.0,11.2,0.0,0.0,0.0,18,1,11,0
TEST-00616,SARBET,2025-11-11 19:00:00,47.44,17.2,0.2,67.0,9.7,1.0,0.0,0.0,19,1,11,0
TEST-02219,SARBET,2025-11-11 20:00:00,42.4,17.3,0.0,82.0,7.2,0.0,0.0,0.0,20,1,11,0
TEST-03428,SARBET,2025-11-11 21:00:00,35.16,13.7,0.0,85.0,11.7,0.0,0.0,0.0,21,1,11,0
TEST-01747,SARBET,2025-11-11 22:00:00,20.46,12.6,0.0,86.0,4.0,0.0,0.0,0.0,22,1,11,0
TEST-01625,SARBET,2025-11-11 23:00:00,12.35,12.6,0.0,80.0,9.2,0.0,0.0,0.0,23,1,11,0
TEST-02416,SARBET,2025-11-12 00:00:00,5.1,10.2,0.0,83.0,10.5,0.0,0.0,0.0,0,2,12,0
TEST-02892,SARBET,2025-11-12 01:00:00,4.31,10.3,0.0,83.0,11.7,0.0,0.0,0.0,1,2,12,0
TEST-02751,SARBET,2025-11-12 02:00:00,4.52,9.2,0.0,94.0,11.6,0.0,0.0,0.0,2,2,12,0
TEST-01695,SARBET,2025-11-12 03:00:00,5.15,7.7,0.0,95.0,6.2,0.0,0.0,0.0,3,2,12,0
TEST-03523,SARBET,2025-11-12 04:00:00,7.86,8.1,0.0,97.0,10.8,0.0,0.0,0.0,4,2,12,0
TEST-00579,SARBET,2025-11-12 05:00:00,20.36,7.4,0.0,95.0,4.4,0.0,0.0,0.0,5,2,12,0
TEST-01083,SARBET,2025-11-12 06:00:00,44.3,11.2,0.0,88.0,9.0,0.0,0.0,0.0,6,2,12,0
TEST-02719,SARBET,2025-11-12 07:00:00,55.69,10.5,0.0,79.0,18.7,0.0,0.0,0.0,7,2,12,0
TEST-03979,SARBET,2025-11-12 08:00:00,47.32,12.7,0.0,85.0,11.2,0.0,0.0,0.0,8,2,12,0
TEST-00320,SARBET,2025-11-12 09:00:00,33.63,13.1,2.6,82.0,10.4,1.0,0.0,0.0,9,2,12,0
TEST-01324,SARBET,2025-11-12 10:00:00,19.19,16.7,0.0,71.0,12.3,0.0,0.0,0.0,10,2,12,0
TEST-03174,SARBET,2025-11-12 11:00:00,23.23,18.4,0.2,67.0,5.5,1.0,0.0,0.0,11,2,12,0
TEST-02695,SARBET,2025-11-12 12:00:00,20.95,18.0,0.0,62.0,13.0,0.0,0.0,0.0,12,2,12,0
TEST-03269,SARBET,2025-11-12 13:00:00,20.17,21.7,0.0,60.0,6.5,0.0,0.0,0.0,13,2,12,0
TEST-01580,SARBET,2025-11-12 14:00:00,19.57,21.6,0.0,75.0,12.5,0.0,0.0,0.0,14,2,12,0
TEST-00820,SARBET,2025-11-12 15:00:00,19.63,21.4,0.1,71.0,10.6,1.0,0.0,0.0,15,2,12,0
TEST-03983,SARBET,2025-11-12 16:00:00,20.6,21.9,0.0,59.0,5.2,0.0,0.0,0.0,16,2,12,0
TEST-01409,SARBET,2025-11-12 17:00:00,33.07,18.9,0.0,66.0,14.0,0.0,0.0,0.0,17,2,12,0
TEST-03782,SARBET,2025-11-12 18:00:00,40.9,17.4,0.0,68.0,6.8,0.0,0.0,0.0,18,2,12,0
TEST-01773,SARBET,2025-11-12 19:00:00,45.51,16.5,0.0,61.0,10.2,0.0,0.0,0.0,19,2,12,0
TEST-02218,SARBET,2025-11-12 20:00:00,38.98,16.7,0.0,64.0,8.7,0.0,0.0,0.0,20,2,12,0
TEST-01148,SARBET,2025-11-12 21:00:00,33.15,16.1,0.0,74.0,13.8,0.0,0.0,0.0,21,2,12,0
TEST-01741,SARBET,2025-11-12 22:00:00,26.05,13.2,1.2,71.0,14.1,1.0,0.0,0.0,22,2,12,0
TEST-03069,SARBET,2025-11-12 23:00:00,11.93,10.6,0.0,90.0,21.8,0.0,0.0,0.0,23,2,12,0
TEST-00463,SARBET,2025-11-13 00:00:00,8.43,10.5,0.8,88.5,8.8,1.0,0.0,0.0,0,3,13,0
TEST-02196,SARBET,2025-11-13 01:00:00,4.97,11.2,0.0,87.0,14.0,0.0,0.0,0.0,1,3,13,0
TEST-01459,SARBET,2025-11-13 02:00:00,5.4,9.0,0.0,99.0,14.4,0.0,0.0,0.0,2,3,13,0
TEST-03834,SARBET,2025-11-13 03:00:00,4.32,8.9,0.0,86.0,12.7,0.0,0.0,0.0,3,3,13,0
TEST-01834,SARBET,2025-11-13 04:00:00,8.44,7.9,1.2,96.0,5.7,1.0,0.0,0.0,4,3,13,0
TEST-03017,SARBET,2025-11-13 05:00:00,20.6,9.1,0.0,91.0,8.1,0.0,0.0,0.0,5,3,13,0
TEST-03446,SARBET,2025-11-13 06:00:00,44.45,9.1,0.0,99.0,5.5,0.0,0.0,0.0,6,3,13,0
TEST-02275,SARBET,2025-11-13 07:00:00,55.21,13.4,0.0,85.0,4.7,0.0,0.0,0.0,7,3,13,0
TEST-01825,SARBET,2025-11-13 08:00:00,48.78,15.0,0.0,77.0,14.1,0.0,0.0,0.0,8,3,13,0
TEST-00232,SARBET,2025-11-13 09:00:00,27.96,15.1,0.0,73.0,4.6,0.0,0.0,0.0,9,3,13,0
TEST-02293,SARBET,2025-11-13 10:00:00,21.44,18.3,0.0,62.0,8.9,0.0,0.0,0.0,10,3,13,0
TEST-03887,SARBET,2025-11-13 11:00:00,19.68,17.4,0.0,72.0,7.7,0.0,0.0,0.0,11,3,13,0
TEST-03800,SARBET,2025-11-13 12:00:00,20.04,18.2,0.0,64.0,13.1,0.0,0.0,0.0,12,3,13,0
TEST-03266,SARBET,2025-11-13 13:00:00,26.55,19.0,0.8,86.0,14.7,1.0,0.0,0.0,13,3,13,0
TEST-01513,SARBET,2025-11-13 14:00:00,23.87,19.0,3.6,75.0,4.4,1.0,0.0,0.0,14,3,13,0
TEST-03977,SARBET,2025-11-13 15:00:00,31.91,21.2,25.7,84.0,9.8,1.0,0.0,0.0,15,3,13,0
TEST-01266,SARBET,2025-11-13 16:00:00,36.92,19.3,3.0,85.0,9.6,1.0,0.0,0.0,16,3,13,0
TEST-00718,SARBET,2025-11-13 17:00:00,51.12,19.3,3.6,82.0,15.5,1.0,0.0,0.0,17,3,13,0
TEST-03995,SARBET,2025-11-13 18:00:00,55.09,19.5,3.6,82.0,9.1,1.0,0.0,0.0,18,3,13,0
TEST-00560,SARBET,2025-11-13 19:00:00,48.37,20.5,0.3,68.0,12.0,1.0,0.0,0.0,19,3,13,0
TEST-00818,SARBET,2025-11-13 20:00:00,41.23,16.6,0.0,62.0,16.8,0.0,0.0,0.0,20,3,13,0
TEST-00277,SARBET,2025-11-13 21:00:00,34.78,15.2,0.0,81.0,15.7,0.0,0.0,0.0,21,3,13,0
TEST-00377,SARBET,2025-11-13 22:00:00,23.54,14.9,0.0,87.0,24.1,0.0,0.0,0.0,22,3,13,0
TEST-00749,SARBET,2025-11-13 23:00:00,14.88,11.9,1.0,91.0,6.9,1.0,0.0,0.0,23,3,13,0
TEST-00903,SARBET,2025-11-14 00:00:00,4.69,12.3,0.0,82.0,8.6,0.0,0.0,0.0,0,4,14,0
TEST-03430,SARBET,2025-11-14 01:00:00,5.09,10.9,0.0,90.0,13.8,0.0,0.0,0.0,1,4,14,0
TEST-00712,SARBET,2025-11-14 02:00:00,4.57,9.8,0.0,97.0,3.6,0.0,0.0,0.0,2,4,14,0
TEST-00729,SARBET,2025-11-14 03:00:00,4.2,8.9,0.0,82.0,11.6,0.0,0.0,0.0,3,4,14,0
TEST-00640,SARBET,2025-11-14 04:00:00,6.89,9.3,0.0,92.0,15.9,0.0,0.0,0.0,4,4,14,0
TEST-00769,SARBET,2025-11-14 05:00:00,18.79,8.8,0.0,90.0,15.5,0.0,0.0,0.0,5,4,14,0
TEST-01862,SARBET,2025-11-14 06:00:00,41.14,12.0,0.0,77.0,12.1,0.0,0.0,0.0,6,4,14,0
TEST-03257,SARBET,2025-11-14 07:00:00,56.56,13.5,0.0,89.0,3.7,0.0,0.0,0.0,7,4,14,0
TEST-00924,SARBET,2025-11-14 08:00:00,46.35,14.9,0.0,78.0,22.1,0.0,0.0,0.0,8,4,14,0
TEST-00589,SARBET,2025-11-14 09:00:00,26.84,16.7,0.0,73.0,13.2,0.0,0.0,0.0,9,4,14,0
TEST-00393,SARBET,2025-11-14 10:00:00,19.85,18.15,0.0,69.5,13.7,0.0,0.0,0.0,10,4,14,0
TEST-01940,SARBET,2025-11-14 11:00:00,20.46,19.6,0.0,66.0,14.2,0.0,0.0,0.0,11,4,14,0
TEST-01308,SARBET,2025-11-14 12:00:00,19.83,21.2,0.0,60.5,7.9,0.0,0.0,0.0,12,4,14,0
TEST-02223,SARBET,2025-11-14 13:00:00,20.78,21.5,0.0,55.0,16.1,0.0,0.0,0.0,13,4,14,0
TEST-03666,SARBET,2025-11-14 14:00:00,19.1,22.8,0.0,62.0,15.1,0.0,0.0,0.0,14,4,14,0
TEST-03728,SARBET,2025-11-14 15:00:00,19.17,21.7,0.0,61.0,18.0,0.0,0.0,0.0,15,4,14,0
TEST-02377,SARBET,2025-11-14 16:00:00,23.24,22.5,0.0,66.0,18.3,0.0,0.0,0.0,16,4,14,0
TEST-03865,SARBET,2025-11-14 17:00:00,37.1,22.4,0.0,66.0,6.5,0.0,0.0,0.0,17,4,14,0
TEST-00521,SARBET,2025-11-14 18:00:00,47.89,20.4,0.0,61.0,10.6,0.0,0.0,0.0,18,4,14,0
TEST-03822,SARBET,2025-11-14 19:00:00,52.71,20.1,0.0,68.0,8.1,0.0,0.0,0.0,19,4,14,0
TEST-01769,SARBET,2025-11-14 20:00:00,45.09,17.6,0.0,71.0,6.0,0.0,0.0,0.0,20,4,14,0
TEST-00997,SARBET,2025-11-14 21:00:00,33.66,16.1,0.0,84.0,4.4,0.0,0.0,0.0,21,4,14,0
TEST-00196,SARBET,2025-11-14 22:00:00,22.29,14.9,0.0,78.0,3.7,0.0,0.0,0.0,22,4,14,0
TEST-03437,SARBET,2025-11-14 23:00:00,11.64,11.5,0.0,86.0,8.4,0.0,0.0,0.0,23,4,14,0
